body,feature_id,lat,lon_east_0_360,aperture_long_axis_m,aperture_short_axis_m,inner_long_axis_m,inner_short_axis_m,depth_m,depth_is_minimum,type,source,source_detail,notes
moon,Marius Hills Pit,14.0917,303.2299,92.0,79.0,55.0,49.0,40.0,,pit (mare),WagnerRobinson2021_LROCPitAtlas,"LROC PDS RDR LUNAR_PIT_LOCATIONS.CSV (updated 2021-03-09), https://pds.lroc.im-ldi.com/data/LRO-L-LROC-5-RDR-V1.0/LROLRC_2001/EXTRAS/SHAPEFILE/LUNAR_PIT_LOCATIONS/LUNAR_PIT_LOCATIONS.CSV ; live atlas https://www.lroc.asu.edu/atlases/pits/list ; cite Wagner & Robinson (2021) LPSC 52 abstract 2530",host=Marius Hills; long_axis_azimuth_deg=65; depth_raw=40
moon,West Marius Hills Pit,13.5507,301.8267,95.0,70.0,,47.0,16.0,,pit (mare),WagnerRobinson2021_LROCPitAtlas,"LROC PDS RDR LUNAR_PIT_LOCATIONS.CSV (updated 2021-03-09), https://pds.lroc.im-ldi.com/data/LRO-L-LROC-5-RDR-V1.0/LROLRC_2001/EXTRAS/SHAPEFILE/LUNAR_PIT_LOCATIONS/LUNAR_PIT_LOCATIONS.CSV ; live atlas https://www.lroc.asu.edu/atlases/pits/list ; cite Wagner & Robinson (2021) LPSC 52 abstract 2530",host=Marius Hills; long_axis_azimuth_deg=55; depth_raw=16
moon,Mare Tranquillitatis Pit,8.3355,33.222,146.0,140.0,100.0,88.0,105.0,,pit (mare),WagnerRobinson2021_LROCPitAtlas,"LROC PDS RDR LUNAR_PIT_LOCATIONS.CSV (updated 2021-03-09), https://pds.lroc.im-ldi.com/data/LRO-L-LROC-5-RDR-V1.0/LROLRC_2001/EXTRAS/SHAPEFILE/LUNAR_PIT_LOCATIONS/LUNAR_PIT_LOCATIONS.CSV ; live atlas https://www.lroc.asu.edu/atlases/pits/list ; cite Wagner & Robinson (2021) LPSC 52 abstract 2530",host=Mare Tranquillitatis; long_axis_azimuth_deg=170; depth_raw=105
moon,Southwest Mare Tranquillitatis Pit,4.1438,24.6871,100.0,80.0,32.0,26.0,25.0,,pit (mare),WagnerRobinson2021_LROCPitAtlas,"LROC PDS RDR LUNAR_PIT_LOCATIONS.CSV (updated 2021-03-09), https://pds.lroc.im-ldi.com/data/LRO-L-LROC-5-RDR-V1.0/LROLRC_2001/EXTRAS/SHAPEFILE/LUNAR_PIT_LOCATIONS/LUNAR_PIT_LOCATIONS.CSV ; live atlas https://www.lroc.asu.edu/atlases/pits/list ; cite Wagner & Robinson (2021) LPSC 52 abstract 2530",host=Mare Tranquillitatis; long_axis_azimuth_deg=165; depth_raw=25
moon,Southwest Mare Tranquillitatis B Pit,4.1438,24.6867,,,18.0,10.0,13.0,,pit (mare),WagnerRobinson2021_LROCPitAtlas,"LROC PDS RDR LUNAR_PIT_LOCATIONS.CSV (updated 2021-03-09), https://pds.lroc.im-ldi.com/data/LRO-L-LROC-5-RDR-V1.0/LROLRC_2001/EXTRAS/SHAPEFILE/LUNAR_PIT_LOCATIONS/LUNAR_PIT_LOCATIONS.CSV ; live atlas https://www.lroc.asu.edu/atlases/pits/list ; cite Wagner & Robinson (2021) LPSC 52 abstract 2530",host=Mare Tranquillitatis; long_axis_azimuth_deg=175; depth_raw=13
moon,Mare Ingenii Pit,-35.9494,166.0559,180.0,157.0,104.0,71.0,55.0,,pit (mare),WagnerRobinson2021_LROCPitAtlas,"LROC PDS RDR LUNAR_PIT_LOCATIONS.CSV (updated 2021-03-09), https://pds.lroc.im-ldi.com/data/LRO-L-LROC-5-RDR-V1.0/LROLRC_2001/EXTRAS/SHAPEFILE/LUNAR_PIT_LOCATIONS/LUNAR_PIT_LOCATIONS.CSV ; live atlas https://www.lroc.asu.edu/atlases/pits/list ; cite Wagner & Robinson (2021) LPSC 52 abstract 2530",host=Mare Ingenii; long_axis_azimuth_deg=30; depth_raw=55
moon,Runge Pit,-2.7024,86.78,31.0,28.0,14.0,12.0,5.0,,pit (mare),WagnerRobinson2021_LROCPitAtlas,"LROC PDS RDR LUNAR_PIT_LOCATIONS.CSV (updated 2021-03-09), https://pds.lroc.im-ldi.com/data/LRO-L-LROC-5-RDR-V1.0/LROLRC_2001/EXTRAS/SHAPEFILE/LUNAR_PIT_LOCATIONS/LUNAR_PIT_LOCATIONS.CSV ; live atlas https://www.lroc.asu.edu/atlases/pits/list ; cite Wagner & Robinson (2021) LPSC 52 abstract 2530",host=Runge Crater; long_axis_azimuth_deg=165; depth_raw=5
moon,Lacus Mortis Pit,44.9608,25.6119,280.0,210.0,,110.0,60.0,,pit (mare),WagnerRobinson2021_LROCPitAtlas,"LROC PDS RDR LUNAR_PIT_LOCATIONS.CSV (updated 2021-03-09), https://pds.lroc.im-ldi.com/data/LRO-L-LROC-5-RDR-V1.0/LROLRC_2001/EXTRAS/SHAPEFILE/LUNAR_PIT_LOCATIONS/LUNAR_PIT_LOCATIONS.CSV ; live atlas https://www.lroc.asu.edu/atlases/pits/list ; cite Wagner & Robinson (2021) LPSC 52 abstract 2530",host=Lacus Mortis; long_axis_azimuth_deg=110; depth_raw=60
moon,Compton Pit,56.2247,106.1955,230.0,140.0,110.0,92.0,35.0,,pit (mare),WagnerRobinson2021_LROCPitAtlas,"LROC PDS RDR LUNAR_PIT_LOCATIONS.CSV (updated 2021-03-09), https://pds.lroc.im-ldi.com/data/LRO-L-LROC-5-RDR-V1.0/LROLRC_2001/EXTRAS/SHAPEFILE/LUNAR_PIT_LOCATIONS/LUNAR_PIT_LOCATIONS.CSV ; live atlas https://www.lroc.asu.edu/atlases/pits/list ; cite Wagner & Robinson (2021) LPSC 52 abstract 2530",host=Compton Crater; long_axis_azimuth_deg=140; depth_raw=35
moon,North Procellarum 1 Pit,35.4097,314.3602,195.0,175.0,157.0,108.0,54.0,,pit (mare),WagnerRobinson2021_LROCPitAtlas,"LROC PDS RDR LUNAR_PIT_LOCATIONS.CSV (updated 2021-03-09), https://pds.lroc.im-ldi.com/data/LRO-L-LROC-5-RDR-V1.0/LROLRC_2001/EXTRAS/SHAPEFILE/LUNAR_PIT_LOCATIONS/LUNAR_PIT_LOCATIONS.CSV ; live atlas https://www.lroc.asu.edu/atlases/pits/list ; cite Wagner & Robinson (2021) LPSC 52 abstract 2530",host=Oceanus Procellarum; long_axis_azimuth_deg=5; depth_raw=54
moon,North Procellarum 2 Pit,35.3433,314.3447,175.0,170.0,160.0,155.0,43.0,,pit (mare),WagnerRobinson2021_LROCPitAtlas,"LROC PDS RDR LUNAR_PIT_LOCATIONS.CSV (updated 2021-03-09), https://pds.lroc.im-ldi.com/data/LRO-L-LROC-5-RDR-V1.0/LROLRC_2001/EXTRAS/SHAPEFILE/LUNAR_PIT_LOCATIONS/LUNAR_PIT_LOCATIONS.CSV ; live atlas https://www.lroc.asu.edu/atlases/pits/list ; cite Wagner & Robinson (2021) LPSC 52 abstract 2530",host=Oceanus Procellarum; type_qualifier=Large Bowl; long_axis_azimuth_deg=180; depth_raw=43
moon,Sinus Iridum Pit,45.623,331.189,145.0,125.0,66.0,32.0,16.0,,pit (mare),WagnerRobinson2021_LROCPitAtlas,"LROC PDS RDR LUNAR_PIT_LOCATIONS.CSV (updated 2021-03-09), https://pds.lroc.im-ldi.com/data/LRO-L-LROC-5-RDR-V1.0/LROLRC_2001/EXTRAS/SHAPEFILE/LUNAR_PIT_LOCATIONS/LUNAR_PIT_LOCATIONS.CSV ; live atlas https://www.lroc.asu.edu/atlases/pits/list ; cite Wagner & Robinson (2021) LPSC 52 abstract 2530",host=Sinus Iridum; long_axis_azimuth_deg=120; depth_raw=16
moon,Mare Insularum Pit,8.6861,330.9665,315.0,255.0,,159.0,63.0,,pit (mare),WagnerRobinson2021_LROCPitAtlas,"LROC PDS RDR LUNAR_PIT_LOCATIONS.CSV (updated 2021-03-09), https://pds.lroc.im-ldi.com/data/LRO-L-LROC-5-RDR-V1.0/LROLRC_2001/EXTRAS/SHAPEFILE/LUNAR_PIT_LOCATIONS/LUNAR_PIT_LOCATIONS.CSV ; live atlas https://www.lroc.asu.edu/atlases/pits/list ; cite Wagner & Robinson (2021) LPSC 52 abstract 2530",host=Mare Insularum; long_axis_azimuth_deg=65; depth_raw=63
moon,Mare Moscoviense Pit,29.5025,150.4647,205.0,205.0,175.0,160.0,40.0,,pit (mare),WagnerRobinson2021_LROCPitAtlas,"LROC PDS RDR LUNAR_PIT_LOCATIONS.CSV (updated 2021-03-09), https://pds.lroc.im-ldi.com/data/LRO-L-LROC-5-RDR-V1.0/LROLRC_2001/EXTRAS/SHAPEFILE/LUNAR_PIT_LOCATIONS/LUNAR_PIT_LOCATIONS.CSV ; live atlas https://www.lroc.asu.edu/atlases/pits/list ; cite Wagner & Robinson (2021) LPSC 52 abstract 2530",host=Mare Moscoviense; type_qualifier=Large Bowl; long_axis_azimuth_deg=170; depth_raw=40
moon,Mare Serenitatis Pit,35.1041,17.4017,60.0,55.0,21.0,17.0,25.0,yes,pit (mare),WagnerRobinson2021_LROCPitAtlas,"LROC PDS RDR LUNAR_PIT_LOCATIONS.CSV (updated 2021-03-09), https://pds.lroc.im-ldi.com/data/LRO-L-LROC-5-RDR-V1.0/LROLRC_2001/EXTRAS/SHAPEFILE/LUNAR_PIT_LOCATIONS/LUNAR_PIT_LOCATIONS.CSV ; live atlas https://www.lroc.asu.edu/atlases/pits/list ; cite Wagner & Robinson (2021) LPSC 52 abstract 2530",host=Mare Serenitatis; long_axis_azimuth_deg=85; depth_raw=>25
moon,Central Mare Fecunditatis Pit,-0.9182,48.6595,198.0,162.0,122.0,100.0,42.0,,pit (mare),WagnerRobinson2021_LROCPitAtlas,"LROC PDS RDR LUNAR_PIT_LOCATIONS.CSV (updated 2021-03-09), https://pds.lroc.im-ldi.com/data/LRO-L-LROC-5-RDR-V1.0/LROLRC_2001/EXTRAS/SHAPEFILE/LUNAR_PIT_LOCATIONS/LUNAR_PIT_LOCATIONS.CSV ; live atlas https://www.lroc.asu.edu/atlases/pits/list ; cite Wagner & Robinson (2021) LPSC 52 abstract 2530",host=Mare Fecunditatis; type_qualifier=Large Bowl; long_axis_azimuth_deg=155; depth_raw=42
moon,Southwest Mare Fecunditatis Pit,-6.7521,42.7595,90.0,79.0,19.0,15.0,51.0,,pit (highland),WagnerRobinson2021_LROCPitAtlas,"LROC PDS RDR LUNAR_PIT_LOCATIONS.CSV (updated 2021-03-09), https://pds.lroc.im-ldi.com/data/LRO-L-LROC-5-RDR-V1.0/LROLRC_2001/EXTRAS/SHAPEFILE/LUNAR_PIT_LOCATIONS/LUNAR_PIT_LOCATIONS.CSV ; live atlas https://www.lroc.asu.edu/atlases/pits/list ; cite Wagner & Robinson (2021) LPSC 52 abstract 2530",host=Mare Fecunditatis; long_axis_azimuth_deg=95; depth_raw=51
moon,Schlüter Pit,-5.8395,276.95,63.0,50.0,37.0,23.0,57.0,,pit (highland),WagnerRobinson2021_LROCPitAtlas,"LROC PDS RDR LUNAR_PIT_LOCATIONS.CSV (updated 2021-03-09), https://pds.lroc.im-ldi.com/data/LRO-L-LROC-5-RDR-V1.0/LROLRC_2001/EXTRAS/SHAPEFILE/LUNAR_PIT_LOCATIONS/LUNAR_PIT_LOCATIONS.CSV ; live atlas https://www.lroc.asu.edu/atlases/pits/list ; cite Wagner & Robinson (2021) LPSC 52 abstract 2530",host=Schlüter Crater; long_axis_azimuth_deg=130; depth_raw=57
moon,Highland 1,43.9662,23.0836,58.0,49.0,41.0,37.0,27.0,,pit (highland),WagnerRobinson2021_LROCPitAtlas,"LROC PDS RDR LUNAR_PIT_LOCATIONS.CSV (updated 2021-03-09), https://pds.lroc.im-ldi.com/data/LRO-L-LROC-5-RDR-V1.0/LROLRC_2001/EXTRAS/SHAPEFILE/LUNAR_PIT_LOCATIONS/LUNAR_PIT_LOCATIONS.CSV ; live atlas https://www.lroc.asu.edu/atlases/pits/list ; cite Wagner & Robinson (2021) LPSC 52 abstract 2530",host=Highland; long_axis_azimuth_deg=180; depth_raw=27
moon,Highland 2,41.1563,18.8206,42.0,39.0,34.0,27.0,24.0,yes,pit (highland),WagnerRobinson2021_LROCPitAtlas,"LROC PDS RDR LUNAR_PIT_LOCATIONS.CSV (updated 2021-03-09), https://pds.lroc.im-ldi.com/data/LRO-L-LROC-5-RDR-V1.0/LROLRC_2001/EXTRAS/SHAPEFILE/LUNAR_PIT_LOCATIONS/LUNAR_PIT_LOCATIONS.CSV ; live atlas https://www.lroc.asu.edu/atlases/pits/list ; cite Wagner & Robinson (2021) LPSC 52 abstract 2530",host=Highland; long_axis_azimuth_deg=175; depth_raw=>24
moon,Highland 3,42.3941,320.3076,66.0,63.0,45.0,41.0,27.0,,pit (highland),WagnerRobinson2021_LROCPitAtlas,"LROC PDS RDR LUNAR_PIT_LOCATIONS.CSV (updated 2021-03-09), https://pds.lroc.im-ldi.com/data/LRO-L-LROC-5-RDR-V1.0/LROLRC_2001/EXTRAS/SHAPEFILE/LUNAR_PIT_LOCATIONS/LUNAR_PIT_LOCATIONS.CSV ; live atlas https://www.lroc.asu.edu/atlases/pits/list ; cite Wagner & Robinson (2021) LPSC 52 abstract 2530",host=Highland; long_axis_azimuth_deg=35; depth_raw=27
moon,Adams B 1,-31.4121,65.6408,19.0,10.0,10.0,,9.0,,pit (impact melt),WagnerRobinson2021_LROCPitAtlas,"LROC PDS RDR LUNAR_PIT_LOCATIONS.CSV (updated 2021-03-09), https://pds.lroc.im-ldi.com/data/LRO-L-LROC-5-RDR-V1.0/LROLRC_2001/EXTRAS/SHAPEFILE/LUNAR_PIT_LOCATIONS/LUNAR_PIT_LOCATIONS.CSV ; live atlas https://www.lroc.asu.edu/atlases/pits/list ; cite Wagner & Robinson (2021) LPSC 52 abstract 2530",host=Adams B; long_axis_azimuth_deg=110; depth_raw=9
moon,Adams B 2,-31.5449,65.7223,21.0,17.0,14.0,,4.0,,pit (impact melt),WagnerRobinson2021_LROCPitAtlas,"LROC PDS RDR LUNAR_PIT_LOCATIONS.CSV (updated 2021-03-09), https://pds.lroc.im-ldi.com/data/LRO-L-LROC-5-RDR-V1.0/LROLRC_2001/EXTRAS/SHAPEFILE/LUNAR_PIT_LOCATIONS/LUNAR_PIT_LOCATIONS.CSV ; live atlas https://www.lroc.asu.edu/atlases/pits/list ; cite Wagner & Robinson (2021) LPSC 52 abstract 2530",host=Adams B; long_axis_azimuth_deg=85; depth_raw=4
moon,Adams B 3,-31.2886,65.7523,38.0,17.0,14.0,,2.0,,pit (impact melt),WagnerRobinson2021_LROCPitAtlas,"LROC PDS RDR LUNAR_PIT_LOCATIONS.CSV (updated 2021-03-09), https://pds.lroc.im-ldi.com/data/LRO-L-LROC-5-RDR-V1.0/LROLRC_2001/EXTRAS/SHAPEFILE/LUNAR_PIT_LOCATIONS/LUNAR_PIT_LOCATIONS.CSV ; live atlas https://www.lroc.asu.edu/atlases/pits/list ; cite Wagner & Robinson (2021) LPSC 52 abstract 2530",host=Adams B; long_axis_azimuth_deg=135; depth_raw=2
moon,Aristarchus 1,23.8889,312.3506,31.0,16.0,27.0,10.0,13.0,,pit (impact melt),WagnerRobinson2021_LROCPitAtlas,"LROC PDS RDR LUNAR_PIT_LOCATIONS.CSV (updated 2021-03-09), https://pds.lroc.im-ldi.com/data/LRO-L-LROC-5-RDR-V1.0/LROLRC_2001/EXTRAS/SHAPEFILE/LUNAR_PIT_LOCATIONS/LUNAR_PIT_LOCATIONS.CSV ; live atlas https://www.lroc.asu.edu/atlases/pits/list ; cite Wagner & Robinson (2021) LPSC 52 abstract 2530",host=Aristarchus; long_axis_azimuth_deg=95; depth_raw=13
moon,Aristarchus 2a,23.873,312.3029,22.0,18.0,19.0,16.0,5.0,,pit (impact melt),WagnerRobinson2021_LROCPitAtlas,"LROC PDS RDR LUNAR_PIT_LOCATIONS.CSV (updated 2021-03-09), https://pds.lroc.im-ldi.com/data/LRO-L-LROC-5-RDR-V1.0/LROLRC_2001/EXTRAS/SHAPEFILE/LUNAR_PIT_LOCATIONS/LUNAR_PIT_LOCATIONS.CSV ; live atlas https://www.lroc.asu.edu/atlases/pits/list ; cite Wagner & Robinson (2021) LPSC 52 abstract 2530",host=Aristarchus; long_axis_azimuth_deg=35; depth_raw=5
moon,Aristarchus 2b,23.8726,312.3053,22.0,13.0,13.0,7.0,14.0,,pit (impact melt),WagnerRobinson2021_LROCPitAtlas,"LROC PDS RDR LUNAR_PIT_LOCATIONS.CSV (updated 2021-03-09), https://pds.lroc.im-ldi.com/data/LRO-L-LROC-5-RDR-V1.0/LROLRC_2001/EXTRAS/SHAPEFILE/LUNAR_PIT_LOCATIONS/LUNAR_PIT_LOCATIONS.CSV ; live atlas https://www.lroc.asu.edu/atlases/pits/list ; cite Wagner & Robinson (2021) LPSC 52 abstract 2530",host=Aristarchus; long_axis_azimuth_deg=165; depth_raw=14
moon,Aristarchus 2c,23.8716,312.3098,38.0,35.0,22.0,16.0,14.0,,pit (impact melt),WagnerRobinson2021_LROCPitAtlas,"LROC PDS RDR LUNAR_PIT_LOCATIONS.CSV (updated 2021-03-09), https://pds.lroc.im-ldi.com/data/LRO-L-LROC-5-RDR-V1.0/LROLRC_2001/EXTRAS/SHAPEFILE/LUNAR_PIT_LOCATIONS/LUNAR_PIT_LOCATIONS.CSV ; live atlas https://www.lroc.asu.edu/atlases/pits/list ; cite Wagner & Robinson (2021) LPSC 52 abstract 2530",host=Aristarchus; long_axis_azimuth_deg=145; depth_raw=14
moon,Aristarchus 3a,23.9331,312.4076,30.0,25.0,25.0,18.0,13.0,,pit (impact melt),WagnerRobinson2021_LROCPitAtlas,"LROC PDS RDR LUNAR_PIT_LOCATIONS.CSV (updated 2021-03-09), https://pds.lroc.im-ldi.com/data/LRO-L-LROC-5-RDR-V1.0/LROLRC_2001/EXTRAS/SHAPEFILE/LUNAR_PIT_LOCATIONS/LUNAR_PIT_LOCATIONS.CSV ; live atlas https://www.lroc.asu.edu/atlases/pits/list ; cite Wagner & Robinson (2021) LPSC 52 abstract 2530",host=Aristarchus; long_axis_azimuth_deg=50; depth_raw=13
moon,Aristarchus 3b,23.9339,312.4084,23.0,18.0,18.0,8.0,10.0,,pit (impact melt),WagnerRobinson2021_LROCPitAtlas,"LROC PDS RDR LUNAR_PIT_LOCATIONS.CSV (updated 2021-03-09), https://pds.lroc.im-ldi.com/data/LRO-L-LROC-5-RDR-V1.0/LROLRC_2001/EXTRAS/SHAPEFILE/LUNAR_PIT_LOCATIONS/LUNAR_PIT_LOCATIONS.CSV ; live atlas https://www.lroc.asu.edu/atlases/pits/list ; cite Wagner & Robinson (2021) LPSC 52 abstract 2530",host=Aristarchus; long_axis_azimuth_deg=60; depth_raw=10
moon,Aristarchus 3c,23.9344,312.407,39.0,17.0,16.0,8.0,6.0,,pit (impact melt),WagnerRobinson2021_LROCPitAtlas,"LROC PDS RDR LUNAR_PIT_LOCATIONS.CSV (updated 2021-03-09), https://pds.lroc.im-ldi.com/data/LRO-L-LROC-5-RDR-V1.0/LROLRC_2001/EXTRAS/SHAPEFILE/LUNAR_PIT_LOCATIONS/LUNAR_PIT_LOCATIONS.CSV ; live atlas https://www.lroc.asu.edu/atlases/pits/list ; cite Wagner & Robinson (2021) LPSC 52 abstract 2530",host=Aristarchus; type_qualifier=Uncertain; long_axis_azimuth_deg=45; depth_raw=6
moon,Aristarchus 4,23.914,312.3913,39.0,33.0,23.0,22.0,8.0,,pit (impact melt),WagnerRobinson2021_LROCPitAtlas,"LROC PDS RDR LUNAR_PIT_LOCATIONS.CSV (updated 2021-03-09), https://pds.lroc.im-ldi.com/data/LRO-L-LROC-5-RDR-V1.0/LROLRC_2001/EXTRAS/SHAPEFILE/LUNAR_PIT_LOCATIONS/LUNAR_PIT_LOCATIONS.CSV ; live atlas https://www.lroc.asu.edu/atlases/pits/list ; cite Wagner & Robinson (2021) LPSC 52 abstract 2530",host=Aristarchus; long_axis_azimuth_deg=50; depth_raw=8
moon,Aristarchus 5,23.5984,312.4196,30.0,16.0,21.0,7.0,17.0,yes,pit (impact melt),WagnerRobinson2021_LROCPitAtlas,"LROC PDS RDR LUNAR_PIT_LOCATIONS.CSV (updated 2021-03-09), https://pds.lroc.im-ldi.com/data/LRO-L-LROC-5-RDR-V1.0/LROLRC_2001/EXTRAS/SHAPEFILE/LUNAR_PIT_LOCATIONS/LUNAR_PIT_LOCATIONS.CSV ; live atlas https://www.lroc.asu.edu/atlases/pits/list ; cite Wagner & Robinson (2021) LPSC 52 abstract 2530",host=Aristarchus; long_axis_azimuth_deg=75; depth_raw=>17
moon,Aristarchus 6,23.4657,312.4235,24.0,18.0,12.0,7.0,11.0,,pit (impact melt),WagnerRobinson2021_LROCPitAtlas,"LROC PDS RDR LUNAR_PIT_LOCATIONS.CSV (updated 2021-03-09), https://pds.lroc.im-ldi.com/data/LRO-L-LROC-5-RDR-V1.0/LROLRC_2001/EXTRAS/SHAPEFILE/LUNAR_PIT_LOCATIONS/LUNAR_PIT_LOCATIONS.CSV ; live atlas https://www.lroc.asu.edu/atlases/pits/list ; cite Wagner & Robinson (2021) LPSC 52 abstract 2530",host=Aristarchus; long_axis_azimuth_deg=120; depth_raw=11
moon,Aristarchus 7a,23.4536,312.3967,20.0,16.0,16.0,11.0,7.0,,pit (impact melt),WagnerRobinson2021_LROCPitAtlas,"LROC PDS RDR LUNAR_PIT_LOCATIONS.CSV (updated 2021-03-09), https://pds.lroc.im-ldi.com/data/LRO-L-LROC-5-RDR-V1.0/LROLRC_2001/EXTRAS/SHAPEFILE/LUNAR_PIT_LOCATIONS/LUNAR_PIT_LOCATIONS.CSV ; live atlas https://www.lroc.asu.edu/atlases/pits/list ; cite Wagner & Robinson (2021) LPSC 52 abstract 2530",host=Aristarchus; long_axis_azimuth_deg=45; depth_raw=7
moon,Aristarchus 7b,23.4532,312.3957,30.0,27.0,24.0,12.0,5.0,,pit (impact melt),WagnerRobinson2021_LROCPitAtlas,"LROC PDS RDR LUNAR_PIT_LOCATIONS.CSV (updated 2021-03-09), https://pds.lroc.im-ldi.com/data/LRO-L-LROC-5-RDR-V1.0/LROLRC_2001/EXTRAS/SHAPEFILE/LUNAR_PIT_LOCATIONS/LUNAR_PIT_LOCATIONS.CSV ; live atlas https://www.lroc.asu.edu/atlases/pits/list ; cite Wagner & Robinson (2021) LPSC 52 abstract 2530",host=Aristarchus; type_qualifier=Uncertain; long_axis_azimuth_deg=85; depth_raw=5
moon,Aristarchus 8,23.9091,312.3992,36.0,30.0,28.0,23.0,7.0,,pit (impact melt),WagnerRobinson2021_LROCPitAtlas,"LROC PDS RDR LUNAR_PIT_LOCATIONS.CSV (updated 2021-03-09), https://pds.lroc.im-ldi.com/data/LRO-L-LROC-5-RDR-V1.0/LROLRC_2001/EXTRAS/SHAPEFILE/LUNAR_PIT_LOCATIONS/LUNAR_PIT_LOCATIONS.CSV ; live atlas https://www.lroc.asu.edu/atlases/pits/list ; cite Wagner & Robinson (2021) LPSC 52 abstract 2530",host=Aristarchus; long_axis_azimuth_deg=5; depth_raw=7
moon,Aristarchus 9,23.8631,312.315,25.0,23.0,17.0,10.0,7.0,,pit (impact melt),WagnerRobinson2021_LROCPitAtlas,"LROC PDS RDR LUNAR_PIT_LOCATIONS.CSV (updated 2021-03-09), https://pds.lroc.im-ldi.com/data/LRO-L-LROC-5-RDR-V1.0/LROLRC_2001/EXTRAS/SHAPEFILE/LUNAR_PIT_LOCATIONS/LUNAR_PIT_LOCATIONS.CSV ; live atlas https://www.lroc.asu.edu/atlases/pits/list ; cite Wagner & Robinson (2021) LPSC 52 abstract 2530",host=Aristarchus; long_axis_azimuth_deg=15; depth_raw=7
moon,Aristillus 1,33.6622,0.7149,20.0,20.0,11.0,10.0,11.0,,pit (impact melt),WagnerRobinson2021_LROCPitAtlas,"LROC PDS RDR LUNAR_PIT_LOCATIONS.CSV (updated 2021-03-09), https://pds.lroc.im-ldi.com/data/LRO-L-LROC-5-RDR-V1.0/LROLRC_2001/EXTRAS/SHAPEFILE/LUNAR_PIT_LOCATIONS/LUNAR_PIT_LOCATIONS.CSV ; live atlas https://www.lroc.asu.edu/atlases/pits/list ; cite Wagner & Robinson (2021) LPSC 52 abstract 2530",host=Aristillus; long_axis_azimuth_deg=100; depth_raw=11
moon,Aristillus 2,33.5874,1.019,30.0,36.0,16.0,9.0,14.0,,pit (impact melt),WagnerRobinson2021_LROCPitAtlas,"LROC PDS RDR LUNAR_PIT_LOCATIONS.CSV (updated 2021-03-09), https://pds.lroc.im-ldi.com/data/LRO-L-LROC-5-RDR-V1.0/LROLRC_2001/EXTRAS/SHAPEFILE/LUNAR_PIT_LOCATIONS/LUNAR_PIT_LOCATIONS.CSV ; live atlas https://www.lroc.asu.edu/atlases/pits/list ; cite Wagner & Robinson (2021) LPSC 52 abstract 2530",host=Aristillus; long_axis_azimuth_deg=45; depth_raw=14
moon,Aristillus 3,33.5169,0.9128,51.0,34.0,33.0,19.0,8.0,,pit (impact melt),WagnerRobinson2021_LROCPitAtlas,"LROC PDS RDR LUNAR_PIT_LOCATIONS.CSV (updated 2021-03-09), https://pds.lroc.im-ldi.com/data/LRO-L-LROC-5-RDR-V1.0/LROLRC_2001/EXTRAS/SHAPEFILE/LUNAR_PIT_LOCATIONS/LUNAR_PIT_LOCATIONS.CSV ; live atlas https://www.lroc.asu.edu/atlases/pits/list ; cite Wagner & Robinson (2021) LPSC 52 abstract 2530",host=Aristillus; long_axis_azimuth_deg=40; depth_raw=8
moon,Aristillus 4,33.4981,0.9447,28.0,25.0,,,14.0,,pit (impact melt),WagnerRobinson2021_LROCPitAtlas,"LROC PDS RDR LUNAR_PIT_LOCATIONS.CSV (updated 2021-03-09), https://pds.lroc.im-ldi.com/data/LRO-L-LROC-5-RDR-V1.0/LROLRC_2001/EXTRAS/SHAPEFILE/LUNAR_PIT_LOCATIONS/LUNAR_PIT_LOCATIONS.CSV ; live atlas https://www.lroc.asu.edu/atlases/pits/list ; cite Wagner & Robinson (2021) LPSC 52 abstract 2530",host=Aristillus; long_axis_azimuth_deg=50; depth_raw=14
moon,Catalán B 1,-45.6547,271.426,32.0,19.0,26.0,15.0,7.0,,pit (impact melt),WagnerRobinson2021_LROCPitAtlas,"LROC PDS RDR LUNAR_PIT_LOCATIONS.CSV (updated 2021-03-09), https://pds.lroc.im-ldi.com/data/LRO-L-LROC-5-RDR-V1.0/LROLRC_2001/EXTRAS/SHAPEFILE/LUNAR_PIT_LOCATIONS/LUNAR_PIT_LOCATIONS.CSV ; live atlas https://www.lroc.asu.edu/atlases/pits/list ; cite Wagner & Robinson (2021) LPSC 52 abstract 2530",host=Catalán B; long_axis_azimuth_deg=175; depth_raw=7
moon,Copernicus 1,9.9277,340.7455,31.0,25.0,11.0,9.0,8.0,,pit (impact melt),WagnerRobinson2021_LROCPitAtlas,"LROC PDS RDR LUNAR_PIT_LOCATIONS.CSV (updated 2021-03-09), https://pds.lroc.im-ldi.com/data/LRO-L-LROC-5-RDR-V1.0/LROLRC_2001/EXTRAS/SHAPEFILE/LUNAR_PIT_LOCATIONS/LUNAR_PIT_LOCATIONS.CSV ; live atlas https://www.lroc.asu.edu/atlases/pits/list ; cite Wagner & Robinson (2021) LPSC 52 abstract 2530",host=Copernicus; long_axis_azimuth_deg=180; depth_raw=8
moon,Copernicus 2,9.9308,340.7296,31.0,30.0,9.0,6.0,14.0,,pit (impact melt),WagnerRobinson2021_LROCPitAtlas,"LROC PDS RDR LUNAR_PIT_LOCATIONS.CSV (updated 2021-03-09), https://pds.lroc.im-ldi.com/data/LRO-L-LROC-5-RDR-V1.0/LROLRC_2001/EXTRAS/SHAPEFILE/LUNAR_PIT_LOCATIONS/LUNAR_PIT_LOCATIONS.CSV ; live atlas https://www.lroc.asu.edu/atlases/pits/list ; cite Wagner & Robinson (2021) LPSC 52 abstract 2530",host=Copernicus; long_axis_azimuth_deg=40; depth_raw=14
moon,Copernicus 3,9.9929,340.7149,36.0,36.0,13.0,10.0,7.0,,pit (impact melt),WagnerRobinson2021_LROCPitAtlas,"LROC PDS RDR LUNAR_PIT_LOCATIONS.CSV (updated 2021-03-09), https://pds.lroc.im-ldi.com/data/LRO-L-LROC-5-RDR-V1.0/LROLRC_2001/EXTRAS/SHAPEFILE/LUNAR_PIT_LOCATIONS/LUNAR_PIT_LOCATIONS.CSV ; live atlas https://www.lroc.asu.edu/atlases/pits/list ; cite Wagner & Robinson (2021) LPSC 52 abstract 2530",host=Copernicus; long_axis_azimuth_deg=60; depth_raw=7
moon,Copernicus 4,10.3288,339.6206,71.0,128.0,89.0,49.0,24.0,,pit (impact melt),WagnerRobinson2021_LROCPitAtlas,"LROC PDS RDR LUNAR_PIT_LOCATIONS.CSV (updated 2021-03-09), https://pds.lroc.im-ldi.com/data/LRO-L-LROC-5-RDR-V1.0/LROLRC_2001/EXTRAS/SHAPEFILE/LUNAR_PIT_LOCATIONS/LUNAR_PIT_LOCATIONS.CSV ; live atlas https://www.lroc.asu.edu/atlases/pits/list ; cite Wagner & Robinson (2021) LPSC 52 abstract 2530",host=Copernicus; long_axis_azimuth_deg=35; depth_raw=24
moon,Copernicus 5,9.0159,339.7451,35.0,28.0,13.0,7.0,10.0,,pit (impact melt),WagnerRobinson2021_LROCPitAtlas,"LROC PDS RDR LUNAR_PIT_LOCATIONS.CSV (updated 2021-03-09), https://pds.lroc.im-ldi.com/data/LRO-L-LROC-5-RDR-V1.0/LROLRC_2001/EXTRAS/SHAPEFILE/LUNAR_PIT_LOCATIONS/LUNAR_PIT_LOCATIONS.CSV ; live atlas https://www.lroc.asu.edu/atlases/pits/list ; cite Wagner & Robinson (2021) LPSC 52 abstract 2530",host=Copernicus; long_axis_azimuth_deg=40; depth_raw=10
moon,Copernicus 6a,10.1053,339.995,55.0,30.0,10.0,9.0,11.0,,pit (impact melt),WagnerRobinson2021_LROCPitAtlas,"LROC PDS RDR LUNAR_PIT_LOCATIONS.CSV (updated 2021-03-09), https://pds.lroc.im-ldi.com/data/LRO-L-LROC-5-RDR-V1.0/LROLRC_2001/EXTRAS/SHAPEFILE/LUNAR_PIT_LOCATIONS/LUNAR_PIT_LOCATIONS.CSV ; live atlas https://www.lroc.asu.edu/atlases/pits/list ; cite Wagner & Robinson (2021) LPSC 52 abstract 2530",host=Copernicus; long_axis_azimuth_deg=150; depth_raw=11
moon,Copernicus 6b,10.1048,339.9952,55.0,30.0,10.0,8.0,13.0,,pit (impact melt),WagnerRobinson2021_LROCPitAtlas,"LROC PDS RDR LUNAR_PIT_LOCATIONS.CSV (updated 2021-03-09), https://pds.lroc.im-ldi.com/data/LRO-L-LROC-5-RDR-V1.0/LROLRC_2001/EXTRAS/SHAPEFILE/LUNAR_PIT_LOCATIONS/LUNAR_PIT_LOCATIONS.CSV ; live atlas https://www.lroc.asu.edu/atlases/pits/list ; cite Wagner & Robinson (2021) LPSC 52 abstract 2530",host=Copernicus; long_axis_azimuth_deg=145; depth_raw=13
moon,Copernicus 7,10.0763,340.0269,26.0,24.0,6.0,4.0,21.0,yes,pit (impact melt),WagnerRobinson2021_LROCPitAtlas,"LROC PDS RDR LUNAR_PIT_LOCATIONS.CSV (updated 2021-03-09), https://pds.lroc.im-ldi.com/data/LRO-L-LROC-5-RDR-V1.0/LROLRC_2001/EXTRAS/SHAPEFILE/LUNAR_PIT_LOCATIONS/LUNAR_PIT_LOCATIONS.CSV ; live atlas https://www.lroc.asu.edu/atlases/pits/list ; cite Wagner & Robinson (2021) LPSC 52 abstract 2530",host=Copernicus; long_axis_azimuth_deg=45; depth_raw=>21
moon,Copernicus 8,10.1462,339.9373,70.0,50.0,57.0,21.0,12.0,,pit (impact melt),WagnerRobinson2021_LROCPitAtlas,"LROC PDS RDR LUNAR_PIT_LOCATIONS.CSV (updated 2021-03-09), https://pds.lroc.im-ldi.com/data/LRO-L-LROC-5-RDR-V1.0/LROLRC_2001/EXTRAS/SHAPEFILE/LUNAR_PIT_LOCATIONS/LUNAR_PIT_LOCATIONS.CSV ; live atlas https://www.lroc.asu.edu/atlases/pits/list ; cite Wagner & Robinson (2021) LPSC 52 abstract 2530",host=Copernicus; long_axis_azimuth_deg=130; depth_raw=12
moon,Copernicus 9,10.1385,339.9387,31.0,22.0,10.0,7.0,12.0,,pit (impact melt),WagnerRobinson2021_LROCPitAtlas,"LROC PDS RDR LUNAR_PIT_LOCATIONS.CSV (updated 2021-03-09), https://pds.lroc.im-ldi.com/data/LRO-L-LROC-5-RDR-V1.0/LROLRC_2001/EXTRAS/SHAPEFILE/LUNAR_PIT_LOCATIONS/LUNAR_PIT_LOCATIONS.CSV ; live atlas https://www.lroc.asu.edu/atlases/pits/list ; cite Wagner & Robinson (2021) LPSC 52 abstract 2530",host=Copernicus; long_axis_azimuth_deg=140; depth_raw=12
moon,Copernicus 10,10.1083,339.9456,,45.0,38.0,11.0,23.0,,pit (impact melt),WagnerRobinson2021_LROCPitAtlas,"LROC PDS RDR LUNAR_PIT_LOCATIONS.CSV (updated 2021-03-09), https://pds.lroc.im-ldi.com/data/LRO-L-LROC-5-RDR-V1.0/LROLRC_2001/EXTRAS/SHAPEFILE/LUNAR_PIT_LOCATIONS/LUNAR_PIT_LOCATIONS.CSV ; live atlas https://www.lroc.asu.edu/atlases/pits/list ; cite Wagner & Robinson (2021) LPSC 52 abstract 2530",host=Copernicus; long_axis_azimuth_deg=145; depth_raw=23
moon,Copernicus 11,9.9726,340.7284,28.0,23.0,8.0,4.0,11.0,,pit (impact melt),WagnerRobinson2021_LROCPitAtlas,"LROC PDS RDR LUNAR_PIT_LOCATIONS.CSV (updated 2021-03-09), https://pds.lroc.im-ldi.com/data/LRO-L-LROC-5-RDR-V1.0/LROLRC_2001/EXTRAS/SHAPEFILE/LUNAR_PIT_LOCATIONS/LUNAR_PIT_LOCATIONS.CSV ; live atlas https://www.lroc.asu.edu/atlases/pits/list ; cite Wagner & Robinson (2021) LPSC 52 abstract 2530",host=Copernicus; long_axis_azimuth_deg=130; depth_raw=11
moon,Copernicus 12,9.5539,340.7251,40.0,30.0,15.0,10.0,18.0,,pit (impact melt),WagnerRobinson2021_LROCPitAtlas,"LROC PDS RDR LUNAR_PIT_LOCATIONS.CSV (updated 2021-03-09), https://pds.lroc.im-ldi.com/data/LRO-L-LROC-5-RDR-V1.0/LROLRC_2001/EXTRAS/SHAPEFILE/LUNAR_PIT_LOCATIONS/LUNAR_PIT_LOCATIONS.CSV ; live atlas https://www.lroc.asu.edu/atlases/pits/list ; cite Wagner & Robinson (2021) LPSC 52 abstract 2530",host=Copernicus; long_axis_azimuth_deg=130; depth_raw=18
moon,Copernicus 13a,10.1857,339.8727,123.0,68.0,14.0,6.0,11.0,,pit (impact melt),WagnerRobinson2021_LROCPitAtlas,"LROC PDS RDR LUNAR_PIT_LOCATIONS.CSV (updated 2021-03-09), https://pds.lroc.im-ldi.com/data/LRO-L-LROC-5-RDR-V1.0/LROLRC_2001/EXTRAS/SHAPEFILE/LUNAR_PIT_LOCATIONS/LUNAR_PIT_LOCATIONS.CSV ; live atlas https://www.lroc.asu.edu/atlases/pits/list ; cite Wagner & Robinson (2021) LPSC 52 abstract 2530",host=Copernicus; long_axis_azimuth_deg=120; depth_raw=11
moon,Copernicus 13b,10.1799,339.8811,25.0,25.0,5.0,5.0,5.0,,pit (impact melt),WagnerRobinson2021_LROCPitAtlas,"LROC PDS RDR LUNAR_PIT_LOCATIONS.CSV (updated 2021-03-09), https://pds.lroc.im-ldi.com/data/LRO-L-LROC-5-RDR-V1.0/LROLRC_2001/EXTRAS/SHAPEFILE/LUNAR_PIT_LOCATIONS/LUNAR_PIT_LOCATIONS.CSV ; live atlas https://www.lroc.asu.edu/atlases/pits/list ; cite Wagner & Robinson (2021) LPSC 52 abstract 2530",host=Copernicus; long_axis_azimuth_deg=145; depth_raw=5
moon,Copernicus 14,10.2215,339.9041,,40.0,20.0,7.0,17.0,,pit (impact melt),WagnerRobinson2021_LROCPitAtlas,"LROC PDS RDR LUNAR_PIT_LOCATIONS.CSV (updated 2021-03-09), https://pds.lroc.im-ldi.com/data/LRO-L-LROC-5-RDR-V1.0/LROLRC_2001/EXTRAS/SHAPEFILE/LUNAR_PIT_LOCATIONS/LUNAR_PIT_LOCATIONS.CSV ; live atlas https://www.lroc.asu.edu/atlases/pits/list ; cite Wagner & Robinson (2021) LPSC 52 abstract 2530",host=Copernicus; long_axis_azimuth_deg=60; depth_raw=17
moon,Copernicus 16,9.4838,340.1616,115.0,96.0,73.0,71.0,15.0,,pit (impact melt),WagnerRobinson2021_LROCPitAtlas,"LROC PDS RDR LUNAR_PIT_LOCATIONS.CSV (updated 2021-03-09), https://pds.lroc.im-ldi.com/data/LRO-L-LROC-5-RDR-V1.0/LROLRC_2001/EXTRAS/SHAPEFILE/LUNAR_PIT_LOCATIONS/LUNAR_PIT_LOCATIONS.CSV ; live atlas https://www.lroc.asu.edu/atlases/pits/list ; cite Wagner & Robinson (2021) LPSC 52 abstract 2530",host=Copernicus; long_axis_azimuth_deg=90; depth_raw=15
moon,Copernicus 17a,10.2403,339.6013,,30.0,25.0,15.0,7.0,,pit (impact melt),WagnerRobinson2021_LROCPitAtlas,"LROC PDS RDR LUNAR_PIT_LOCATIONS.CSV (updated 2021-03-09), https://pds.lroc.im-ldi.com/data/LRO-L-LROC-5-RDR-V1.0/LROLRC_2001/EXTRAS/SHAPEFILE/LUNAR_PIT_LOCATIONS/LUNAR_PIT_LOCATIONS.CSV ; live atlas https://www.lroc.asu.edu/atlases/pits/list ; cite Wagner & Robinson (2021) LPSC 52 abstract 2530",host=Copernicus; long_axis_azimuth_deg=170; depth_raw=7
moon,Copernicus 17b,10.2401,339.6012,10.0,3.0,10.0,3.0,10.0,yes,pit (impact melt),WagnerRobinson2021_LROCPitAtlas,"LROC PDS RDR LUNAR_PIT_LOCATIONS.CSV (updated 2021-03-09), https://pds.lroc.im-ldi.com/data/LRO-L-LROC-5-RDR-V1.0/LROLRC_2001/EXTRAS/SHAPEFILE/LUNAR_PIT_LOCATIONS/LUNAR_PIT_LOCATIONS.CSV ; live atlas https://www.lroc.asu.edu/atlases/pits/list ; cite Wagner & Robinson (2021) LPSC 52 abstract 2530",host=Copernicus; long_axis_azimuth_deg=160; depth_raw=>10
moon,Copernicus 18,10.2933,339.5981,165.0,48.0,137.0,26.0,15.0,,pit (impact melt),WagnerRobinson2021_LROCPitAtlas,"LROC PDS RDR LUNAR_PIT_LOCATIONS.CSV (updated 2021-03-09), https://pds.lroc.im-ldi.com/data/LRO-L-LROC-5-RDR-V1.0/LROLRC_2001/EXTRAS/SHAPEFILE/LUNAR_PIT_LOCATIONS/LUNAR_PIT_LOCATIONS.CSV ; live atlas https://www.lroc.asu.edu/atlases/pits/list ; cite Wagner & Robinson (2021) LPSC 52 abstract 2530",host=Copernicus; long_axis_azimuth_deg=155; depth_raw=15
moon,Copernicus 19a,10.1326,339.6052,57.0,51.0,11.0,3.0,15.0,yes,pit (impact melt),WagnerRobinson2021_LROCPitAtlas,"LROC PDS RDR LUNAR_PIT_LOCATIONS.CSV (updated 2021-03-09), https://pds.lroc.im-ldi.com/data/LRO-L-LROC-5-RDR-V1.0/LROLRC_2001/EXTRAS/SHAPEFILE/LUNAR_PIT_LOCATIONS/LUNAR_PIT_LOCATIONS.CSV ; live atlas https://www.lroc.asu.edu/atlases/pits/list ; cite Wagner & Robinson (2021) LPSC 52 abstract 2530",host=Copernicus; long_axis_azimuth_deg=32; depth_raw=>15
moon,Copernicus 19b,10.1329,339.6055,57.0,51.0,7.0,4.0,15.0,yes,pit (impact melt),WagnerRobinson2021_LROCPitAtlas,"LROC PDS RDR LUNAR_PIT_LOCATIONS.CSV (updated 2021-03-09), https://pds.lroc.im-ldi.com/data/LRO-L-LROC-5-RDR-V1.0/LROLRC_2001/EXTRAS/SHAPEFILE/LUNAR_PIT_LOCATIONS/LUNAR_PIT_LOCATIONS.CSV ; live atlas https://www.lroc.asu.edu/atlases/pits/list ; cite Wagner & Robinson (2021) LPSC 52 abstract 2530",host=Copernicus; long_axis_azimuth_deg=32; depth_raw=>15
moon,Copernicus 20,10.3522,339.7351,,48.0,95.0,31.0,14.0,,pit (impact melt),WagnerRobinson2021_LROCPitAtlas,"LROC PDS RDR LUNAR_PIT_LOCATIONS.CSV (updated 2021-03-09), https://pds.lroc.im-ldi.com/data/LRO-L-LROC-5-RDR-V1.0/LROLRC_2001/EXTRAS/SHAPEFILE/LUNAR_PIT_LOCATIONS/LUNAR_PIT_LOCATIONS.CSV ; live atlas https://www.lroc.asu.edu/atlases/pits/list ; cite Wagner & Robinson (2021) LPSC 52 abstract 2530",host=Copernicus; long_axis_azimuth_deg=50; depth_raw=14
moon,Copernicus 21,10.1943,339.847,150.0,60.0,44.0,17.0,15.0,,pit (impact melt),WagnerRobinson2021_LROCPitAtlas,"LROC PDS RDR LUNAR_PIT_LOCATIONS.CSV (updated 2021-03-09), https://pds.lroc.im-ldi.com/data/LRO-L-LROC-5-RDR-V1.0/LROLRC_2001/EXTRAS/SHAPEFILE/LUNAR_PIT_LOCATIONS/LUNAR_PIT_LOCATIONS.CSV ; live atlas https://www.lroc.asu.edu/atlases/pits/list ; cite Wagner & Robinson (2021) LPSC 52 abstract 2530",host=Copernicus; type_qualifier=Uncertain; long_axis_azimuth_deg=105; depth_raw=15
moon,Copernicus 22,10.2095,339.8873,29.0,11.0,17.0,3.0,11.0,yes,pit (impact melt),WagnerRobinson2021_LROCPitAtlas,"LROC PDS RDR LUNAR_PIT_LOCATIONS.CSV (updated 2021-03-09), https://pds.lroc.im-ldi.com/data/LRO-L-LROC-5-RDR-V1.0/LROLRC_2001/EXTRAS/SHAPEFILE/LUNAR_PIT_LOCATIONS/LUNAR_PIT_LOCATIONS.CSV ; live atlas https://www.lroc.asu.edu/atlases/pits/list ; cite Wagner & Robinson (2021) LPSC 52 abstract 2530",host=Copernicus; long_axis_azimuth_deg=75; depth_raw=>11
moon,Copernicus 23,10.2067,339.8978,118.0,45.0,9.0,6.0,9.0,,pit (impact melt),WagnerRobinson2021_LROCPitAtlas,"LROC PDS RDR LUNAR_PIT_LOCATIONS.CSV (updated 2021-03-09), https://pds.lroc.im-ldi.com/data/LRO-L-LROC-5-RDR-V1.0/LROLRC_2001/EXTRAS/SHAPEFILE/LUNAR_PIT_LOCATIONS/LUNAR_PIT_LOCATIONS.CSV ; live atlas https://www.lroc.asu.edu/atlases/pits/list ; cite Wagner & Robinson (2021) LPSC 52 abstract 2530",host=Copernicus; long_axis_azimuth_deg=125; depth_raw=9
moon,Copernicus 24,10.181,340.4814,130.0,70.0,85.0,52.0,16.0,,pit (impact melt),WagnerRobinson2021_LROCPitAtlas,"LROC PDS RDR LUNAR_PIT_LOCATIONS.CSV (updated 2021-03-09), https://pds.lroc.im-ldi.com/data/LRO-L-LROC-5-RDR-V1.0/LROLRC_2001/EXTRAS/SHAPEFILE/LUNAR_PIT_LOCATIONS/LUNAR_PIT_LOCATIONS.CSV ; live atlas https://www.lroc.asu.edu/atlases/pits/list ; cite Wagner & Robinson (2021) LPSC 52 abstract 2530",host=Copernicus; long_axis_azimuth_deg=145; depth_raw=16
moon,Copernicus LB2,10.0588,339.8038,355.0,325.0,305.0,260.0,65.0,,pit (impact melt),WagnerRobinson2021_LROCPitAtlas,"LROC PDS RDR LUNAR_PIT_LOCATIONS.CSV (updated 2021-03-09), https://pds.lroc.im-ldi.com/data/LRO-L-LROC-5-RDR-V1.0/LROLRC_2001/EXTRAS/SHAPEFILE/LUNAR_PIT_LOCATIONS/LUNAR_PIT_LOCATIONS.CSV ; live atlas https://www.lroc.asu.edu/atlases/pits/list ; cite Wagner & Robinson (2021) LPSC 52 abstract 2530",host=Copernicus; type_qualifier=Large Bowl; long_axis_azimuth_deg=140; depth_raw=65
moon,Copernicus LB3,10.0954,339.9231,430.0,330.0,385.0,315.0,66.0,,pit (impact melt),WagnerRobinson2021_LROCPitAtlas,"LROC PDS RDR LUNAR_PIT_LOCATIONS.CSV (updated 2021-03-09), https://pds.lroc.im-ldi.com/data/LRO-L-LROC-5-RDR-V1.0/LROLRC_2001/EXTRAS/SHAPEFILE/LUNAR_PIT_LOCATIONS/LUNAR_PIT_LOCATIONS.CSV ; live atlas https://www.lroc.asu.edu/atlases/pits/list ; cite Wagner & Robinson (2021) LPSC 52 abstract 2530",host=Copernicus; type_qualifier=Large Bowl; long_axis_azimuth_deg=60; depth_raw=66
moon,Copernicus LB4,10.2041,339.9985,375.0,340.0,320.0,275.0,78.0,,pit (impact melt),WagnerRobinson2021_LROCPitAtlas,"LROC PDS RDR LUNAR_PIT_LOCATIONS.CSV (updated 2021-03-09), https://pds.lroc.im-ldi.com/data/LRO-L-LROC-5-RDR-V1.0/LROLRC_2001/EXTRAS/SHAPEFILE/LUNAR_PIT_LOCATIONS/LUNAR_PIT_LOCATIONS.CSV ; live atlas https://www.lroc.asu.edu/atlases/pits/list ; cite Wagner & Robinson (2021) LPSC 52 abstract 2530",host=Copernicus; type_qualifier=Large Bowl; long_axis_azimuth_deg=65; depth_raw=78
moon,Copernicus LB5,10.2349,339.6899,290.0,230.0,270.0,220.0,50.0,,pit (impact melt),WagnerRobinson2021_LROCPitAtlas,"LROC PDS RDR LUNAR_PIT_LOCATIONS.CSV (updated 2021-03-09), https://pds.lroc.im-ldi.com/data/LRO-L-LROC-5-RDR-V1.0/LROLRC_2001/EXTRAS/SHAPEFILE/LUNAR_PIT_LOCATIONS/LUNAR_PIT_LOCATIONS.CSV ; live atlas https://www.lroc.asu.edu/atlases/pits/list ; cite Wagner & Robinson (2021) LPSC 52 abstract 2530",host=Copernicus; type_qualifier=Large Bowl; long_axis_azimuth_deg=10; depth_raw=50
moon,Copernicus LB6,10.3127,339.7263,290.0,260.0,250.0,225.0,64.0,,pit (impact melt),WagnerRobinson2021_LROCPitAtlas,"LROC PDS RDR LUNAR_PIT_LOCATIONS.CSV (updated 2021-03-09), https://pds.lroc.im-ldi.com/data/LRO-L-LROC-5-RDR-V1.0/LROLRC_2001/EXTRAS/SHAPEFILE/LUNAR_PIT_LOCATIONS/LUNAR_PIT_LOCATIONS.CSV ; live atlas https://www.lroc.asu.edu/atlases/pits/list ; cite Wagner & Robinson (2021) LPSC 52 abstract 2530",host=Copernicus; type_qualifier=Large Bowl; long_axis_azimuth_deg=175; depth_raw=64
moon,Crookes 1,-10.2424,194.7536,259.0,77.0,213.0,67.0,17.0,,pit (impact melt),WagnerRobinson2021_LROCPitAtlas,"LROC PDS RDR LUNAR_PIT_LOCATIONS.CSV (updated 2021-03-09), https://pds.lroc.im-ldi.com/data/LRO-L-LROC-5-RDR-V1.0/LROLRC_2001/EXTRAS/SHAPEFILE/LUNAR_PIT_LOCATIONS/LUNAR_PIT_LOCATIONS.CSV ; live atlas https://www.lroc.asu.edu/atlases/pits/list ; cite Wagner & Robinson (2021) LPSC 52 abstract 2530",host=Crookes; long_axis_azimuth_deg=70; depth_raw=17
moon,Crookes 2,-10.1275,194.7446,,20.0,18.0,11.0,10.0,,pit (impact melt),WagnerRobinson2021_LROCPitAtlas,"LROC PDS RDR LUNAR_PIT_LOCATIONS.CSV (updated 2021-03-09), https://pds.lroc.im-ldi.com/data/LRO-L-LROC-5-RDR-V1.0/LROLRC_2001/EXTRAS/SHAPEFILE/LUNAR_PIT_LOCATIONS/LUNAR_PIT_LOCATIONS.CSV ; live atlas https://www.lroc.asu.edu/atlases/pits/list ; cite Wagner & Robinson (2021) LPSC 52 abstract 2530",host=Crookes; long_axis_azimuth_deg=45; depth_raw=10
moon,Crookes 3,-10.0749,194.7337,17.0,17.0,6.0,6.0,9.0,yes,pit (impact melt),WagnerRobinson2021_LROCPitAtlas,"LROC PDS RDR LUNAR_PIT_LOCATIONS.CSV (updated 2021-03-09), https://pds.lroc.im-ldi.com/data/LRO-L-LROC-5-RDR-V1.0/LROLRC_2001/EXTRAS/SHAPEFILE/LUNAR_PIT_LOCATIONS/LUNAR_PIT_LOCATIONS.CSV ; live atlas https://www.lroc.asu.edu/atlases/pits/list ; cite Wagner & Robinson (2021) LPSC 52 abstract 2530",host=Crookes; long_axis_azimuth_deg=115; depth_raw=>9
moon,Crookes 4,-10.2294,194.7791,84.0,41.0,15.0,12.0,25.0,yes,pit (impact melt),WagnerRobinson2021_LROCPitAtlas,"LROC PDS RDR LUNAR_PIT_LOCATIONS.CSV (updated 2021-03-09), https://pds.lroc.im-ldi.com/data/LRO-L-LROC-5-RDR-V1.0/LROLRC_2001/EXTRAS/SHAPEFILE/LUNAR_PIT_LOCATIONS/LUNAR_PIT_LOCATIONS.CSV ; live atlas https://www.lroc.asu.edu/atlases/pits/list ; cite Wagner & Robinson (2021) LPSC 52 abstract 2530",host=Crookes; long_axis_azimuth_deg=50; depth_raw=>25
moon,Crookes 5a,-10.6859,194.8609,32.0,30.0,22.0,22.0,10.0,,pit (impact melt),WagnerRobinson2021_LROCPitAtlas,"LROC PDS RDR LUNAR_PIT_LOCATIONS.CSV (updated 2021-03-09), https://pds.lroc.im-ldi.com/data/LRO-L-LROC-5-RDR-V1.0/LROLRC_2001/EXTRAS/SHAPEFILE/LUNAR_PIT_LOCATIONS/LUNAR_PIT_LOCATIONS.CSV ; live atlas https://www.lroc.asu.edu/atlases/pits/list ; cite Wagner & Robinson (2021) LPSC 52 abstract 2530",host=Crookes; long_axis_azimuth_deg=20; depth_raw=10
moon,Crookes 5b,-10.6825,194.8612,25.0,23.0,,5.0,12.0,,pit (impact melt),WagnerRobinson2021_LROCPitAtlas,"LROC PDS RDR LUNAR_PIT_LOCATIONS.CSV (updated 2021-03-09), https://pds.lroc.im-ldi.com/data/LRO-L-LROC-5-RDR-V1.0/LROLRC_2001/EXTRAS/SHAPEFILE/LUNAR_PIT_LOCATIONS/LUNAR_PIT_LOCATIONS.CSV ; live atlas https://www.lroc.asu.edu/atlases/pits/list ; cite Wagner & Robinson (2021) LPSC 52 abstract 2530",host=Crookes; long_axis_azimuth_deg=15; depth_raw=12
moon,Crookes 5c,-10.6824,194.8646,46.0,38.0,45.0,34.0,9.0,,pit (impact melt),WagnerRobinson2021_LROCPitAtlas,"LROC PDS RDR LUNAR_PIT_LOCATIONS.CSV (updated 2021-03-09), https://pds.lroc.im-ldi.com/data/LRO-L-LROC-5-RDR-V1.0/LROLRC_2001/EXTRAS/SHAPEFILE/LUNAR_PIT_LOCATIONS/LUNAR_PIT_LOCATIONS.CSV ; live atlas https://www.lroc.asu.edu/atlases/pits/list ; cite Wagner & Robinson (2021) LPSC 52 abstract 2530",host=Crookes; long_axis_azimuth_deg=25; depth_raw=9
moon,Crookes 5d,-10.6824,194.8626,6.0,6.0,4.0,4.0,10.0,,pit (impact melt),WagnerRobinson2021_LROCPitAtlas,"LROC PDS RDR LUNAR_PIT_LOCATIONS.CSV (updated 2021-03-09), https://pds.lroc.im-ldi.com/data/LRO-L-LROC-5-RDR-V1.0/LROLRC_2001/EXTRAS/SHAPEFILE/LUNAR_PIT_LOCATIONS/LUNAR_PIT_LOCATIONS.CSV ; live atlas https://www.lroc.asu.edu/atlases/pits/list ; cite Wagner & Robinson (2021) LPSC 52 abstract 2530",host=Crookes; long_axis_azimuth_deg=135; depth_raw=10
moon,Crookes 6,-10.0854,194.8702,28.0,20.0,17.0,9.0,21.0,,pit (impact melt),WagnerRobinson2021_LROCPitAtlas,"LROC PDS RDR LUNAR_PIT_LOCATIONS.CSV (updated 2021-03-09), https://pds.lroc.im-ldi.com/data/LRO-L-LROC-5-RDR-V1.0/LROLRC_2001/EXTRAS/SHAPEFILE/LUNAR_PIT_LOCATIONS/LUNAR_PIT_LOCATIONS.CSV ; live atlas https://www.lroc.asu.edu/atlases/pits/list ; cite Wagner & Robinson (2021) LPSC 52 abstract 2530",host=Crookes; long_axis_azimuth_deg=30; depth_raw=21
moon,Crookes 7,-10.5592,194.823,23.0,23.0,20.0,19.0,8.0,,pit (impact melt),WagnerRobinson2021_LROCPitAtlas,"LROC PDS RDR LUNAR_PIT_LOCATIONS.CSV (updated 2021-03-09), https://pds.lroc.im-ldi.com/data/LRO-L-LROC-5-RDR-V1.0/LROLRC_2001/EXTRAS/SHAPEFILE/LUNAR_PIT_LOCATIONS/LUNAR_PIT_LOCATIONS.CSV ; live atlas https://www.lroc.asu.edu/atlases/pits/list ; cite Wagner & Robinson (2021) LPSC 52 abstract 2530",host=Crookes; long_axis_azimuth_deg=55; depth_raw=8
moon,Crookes 9,-10.1715,194.8375,34.0,28.0,26.0,22.0,10.0,,pit (impact melt),WagnerRobinson2021_LROCPitAtlas,"LROC PDS RDR LUNAR_PIT_LOCATIONS.CSV (updated 2021-03-09), https://pds.lroc.im-ldi.com/data/LRO-L-LROC-5-RDR-V1.0/LROLRC_2001/EXTRAS/SHAPEFILE/LUNAR_PIT_LOCATIONS/LUNAR_PIT_LOCATIONS.CSV ; live atlas https://www.lroc.asu.edu/atlases/pits/list ; cite Wagner & Robinson (2021) LPSC 52 abstract 2530",host=Crookes; long_axis_azimuth_deg=50; depth_raw=10
moon,Crookes 10,-10.1717,194.8302,40.0,20.0,30.0,12.0,8.0,,pit (impact melt),WagnerRobinson2021_LROCPitAtlas,"LROC PDS RDR LUNAR_PIT_LOCATIONS.CSV (updated 2021-03-09), https://pds.lroc.im-ldi.com/data/LRO-L-LROC-5-RDR-V1.0/LROLRC_2001/EXTRAS/SHAPEFILE/LUNAR_PIT_LOCATIONS/LUNAR_PIT_LOCATIONS.CSV ; live atlas https://www.lroc.asu.edu/atlases/pits/list ; cite Wagner & Robinson (2021) LPSC 52 abstract 2530",host=Crookes; long_axis_azimuth_deg=20; depth_raw=8
moon,Crookes 11a,-10.2353,194.783,57.0,38.0,41.0,25.0,9.0,,pit (impact melt),WagnerRobinson2021_LROCPitAtlas,"LROC PDS RDR LUNAR_PIT_LOCATIONS.CSV (updated 2021-03-09), https://pds.lroc.im-ldi.com/data/LRO-L-LROC-5-RDR-V1.0/LROLRC_2001/EXTRAS/SHAPEFILE/LUNAR_PIT_LOCATIONS/LUNAR_PIT_LOCATIONS.CSV ; live atlas https://www.lroc.asu.edu/atlases/pits/list ; cite Wagner & Robinson (2021) LPSC 52 abstract 2530",host=Crookes; long_axis_azimuth_deg=45; depth_raw=9
moon,Crookes 11b,-10.2372,194.7822,55.0,34.0,28.0,26.0,9.0,,pit (impact melt),WagnerRobinson2021_LROCPitAtlas,"LROC PDS RDR LUNAR_PIT_LOCATIONS.CSV (updated 2021-03-09), https://pds.lroc.im-ldi.com/data/LRO-L-LROC-5-RDR-V1.0/LROLRC_2001/EXTRAS/SHAPEFILE/LUNAR_PIT_LOCATIONS/LUNAR_PIT_LOCATIONS.CSV ; live atlas https://www.lroc.asu.edu/atlases/pits/list ; cite Wagner & Robinson (2021) LPSC 52 abstract 2530",host=Crookes; long_axis_azimuth_deg=30; depth_raw=9
moon,Das 1a,-26.3088,223.2603,,,21.0,5.0,11.0,,pit (impact melt),WagnerRobinson2021_LROCPitAtlas,"LROC PDS RDR LUNAR_PIT_LOCATIONS.CSV (updated 2021-03-09), https://pds.lroc.im-ldi.com/data/LRO-L-LROC-5-RDR-V1.0/LROLRC_2001/EXTRAS/SHAPEFILE/LUNAR_PIT_LOCATIONS/LUNAR_PIT_LOCATIONS.CSV ; live atlas https://www.lroc.asu.edu/atlases/pits/list ; cite Wagner & Robinson (2021) LPSC 52 abstract 2530",host=Das; long_axis_azimuth_deg=135; depth_raw=11
moon,Das 1b,-26.3098,223.2599,18.0,13.0,6.0,5.0,11.0,,pit (impact melt),WagnerRobinson2021_LROCPitAtlas,"LROC PDS RDR LUNAR_PIT_LOCATIONS.CSV (updated 2021-03-09), https://pds.lroc.im-ldi.com/data/LRO-L-LROC-5-RDR-V1.0/LROLRC_2001/EXTRAS/SHAPEFILE/LUNAR_PIT_LOCATIONS/LUNAR_PIT_LOCATIONS.CSV ; live atlas https://www.lroc.asu.edu/atlases/pits/list ; cite Wagner & Robinson (2021) LPSC 52 abstract 2530",host=Das; long_axis_azimuth_deg=100; depth_raw=11
moon,Das 2,-26.2518,223.0906,18.0,10.0,14.0,5.0,4.0,,pit (impact melt),WagnerRobinson2021_LROCPitAtlas,"LROC PDS RDR LUNAR_PIT_LOCATIONS.CSV (updated 2021-03-09), https://pds.lroc.im-ldi.com/data/LRO-L-LROC-5-RDR-V1.0/LROLRC_2001/EXTRAS/SHAPEFILE/LUNAR_PIT_LOCATIONS/LUNAR_PIT_LOCATIONS.CSV ; live atlas https://www.lroc.asu.edu/atlases/pits/list ; cite Wagner & Robinson (2021) LPSC 52 abstract 2530",host=Das; long_axis_azimuth_deg=165; depth_raw=4
moon,Das 3,-26.2963,223.0729,23.0,21.0,18.0,13.0,6.0,,pit (impact melt),WagnerRobinson2021_LROCPitAtlas,"LROC PDS RDR LUNAR_PIT_LOCATIONS.CSV (updated 2021-03-09), https://pds.lroc.im-ldi.com/data/LRO-L-LROC-5-RDR-V1.0/LROLRC_2001/EXTRAS/SHAPEFILE/LUNAR_PIT_LOCATIONS/LUNAR_PIT_LOCATIONS.CSV ; live atlas https://www.lroc.asu.edu/atlases/pits/list ; cite Wagner & Robinson (2021) LPSC 52 abstract 2530",host=Das; long_axis_azimuth_deg=145; depth_raw=6
moon,Das 4a,-26.4088,222.788,28.0,27.0,18.0,17.0,5.0,,pit (impact melt),WagnerRobinson2021_LROCPitAtlas,"LROC PDS RDR LUNAR_PIT_LOCATIONS.CSV (updated 2021-03-09), https://pds.lroc.im-ldi.com/data/LRO-L-LROC-5-RDR-V1.0/LROLRC_2001/EXTRAS/SHAPEFILE/LUNAR_PIT_LOCATIONS/LUNAR_PIT_LOCATIONS.CSV ; live atlas https://www.lroc.asu.edu/atlases/pits/list ; cite Wagner & Robinson (2021) LPSC 52 abstract 2530",host=Das; long_axis_azimuth_deg=55; depth_raw=5
moon,Das 4b,-26.4148,222.7873,12.0,11.0,,,5.0,yes,pit (impact melt),WagnerRobinson2021_LROCPitAtlas,"LROC PDS RDR LUNAR_PIT_LOCATIONS.CSV (updated 2021-03-09), https://pds.lroc.im-ldi.com/data/LRO-L-LROC-5-RDR-V1.0/LROLRC_2001/EXTRAS/SHAPEFILE/LUNAR_PIT_LOCATIONS/LUNAR_PIT_LOCATIONS.CSV ; live atlas https://www.lroc.asu.edu/atlases/pits/list ; cite Wagner & Robinson (2021) LPSC 52 abstract 2530",host=Das; type_qualifier=Uncertain; long_axis_azimuth_deg=0; depth_raw=>5
moon,Das 4c,-26.4151,222.7864,11.0,9.0,4.0,2.0,5.0,yes,pit (impact melt),WagnerRobinson2021_LROCPitAtlas,"LROC PDS RDR LUNAR_PIT_LOCATIONS.CSV (updated 2021-03-09), https://pds.lroc.im-ldi.com/data/LRO-L-LROC-5-RDR-V1.0/LROLRC_2001/EXTRAS/SHAPEFILE/LUNAR_PIT_LOCATIONS/LUNAR_PIT_LOCATIONS.CSV ; live atlas https://www.lroc.asu.edu/atlases/pits/list ; cite Wagner & Robinson (2021) LPSC 52 abstract 2530",host=Das; long_axis_azimuth_deg=130; depth_raw=>5
moon,Das 4d,-26.4189,222.7907,18.0,12.0,9.0,6.0,6.0,yes,pit (impact melt),WagnerRobinson2021_LROCPitAtlas,"LROC PDS RDR LUNAR_PIT_LOCATIONS.CSV (updated 2021-03-09), https://pds.lroc.im-ldi.com/data/LRO-L-LROC-5-RDR-V1.0/LROLRC_2001/EXTRAS/SHAPEFILE/LUNAR_PIT_LOCATIONS/LUNAR_PIT_LOCATIONS.CSV ; live atlas https://www.lroc.asu.edu/atlases/pits/list ; cite Wagner & Robinson (2021) LPSC 52 abstract 2530",host=Das; long_axis_azimuth_deg=130; depth_raw=>6
moon,Das 4e,-26.4126,222.7987,21.0,13.0,,,5.0,,pit (impact melt),WagnerRobinson2021_LROCPitAtlas,"LROC PDS RDR LUNAR_PIT_LOCATIONS.CSV (updated 2021-03-09), https://pds.lroc.im-ldi.com/data/LRO-L-LROC-5-RDR-V1.0/LROLRC_2001/EXTRAS/SHAPEFILE/LUNAR_PIT_LOCATIONS/LUNAR_PIT_LOCATIONS.CSV ; live atlas https://www.lroc.asu.edu/atlases/pits/list ; cite Wagner & Robinson (2021) LPSC 52 abstract 2530",host=Das; type_qualifier=Uncertain; long_axis_azimuth_deg=0; depth_raw=5
moon,Dollond E 1a,-10.2737,15.7013,47.0,35.0,36.0,25.0,50.0,yes,pit (impact melt),WagnerRobinson2021_LROCPitAtlas,"LROC PDS RDR LUNAR_PIT_LOCATIONS.CSV (updated 2021-03-09), https://pds.lroc.im-ldi.com/data/LRO-L-LROC-5-RDR-V1.0/LROLRC_2001/EXTRAS/SHAPEFILE/LUNAR_PIT_LOCATIONS/LUNAR_PIT_LOCATIONS.CSV ; live atlas https://www.lroc.asu.edu/atlases/pits/list ; cite Wagner & Robinson (2021) LPSC 52 abstract 2530",host=Dollond E; long_axis_azimuth_deg=140; depth_raw=>50
moon,Dollond E 1b,-10.275,15.7004,17.0,12.0,17.0,,28.0,,pit (impact melt),WagnerRobinson2021_LROCPitAtlas,"LROC PDS RDR LUNAR_PIT_LOCATIONS.CSV (updated 2021-03-09), https://pds.lroc.im-ldi.com/data/LRO-L-LROC-5-RDR-V1.0/LROLRC_2001/EXTRAS/SHAPEFILE/LUNAR_PIT_LOCATIONS/LUNAR_PIT_LOCATIONS.CSV ; live atlas https://www.lroc.asu.edu/atlases/pits/list ; cite Wagner & Robinson (2021) LPSC 52 abstract 2530",host=Dollond E; long_axis_azimuth_deg=70; depth_raw=28
moon,Dollond E 1c,-10.275,15.6998,12.0,11.0,12.0,11.0,32.0,,pit (impact melt),WagnerRobinson2021_LROCPitAtlas,"LROC PDS RDR LUNAR_PIT_LOCATIONS.CSV (updated 2021-03-09), https://pds.lroc.im-ldi.com/data/LRO-L-LROC-5-RDR-V1.0/LROLRC_2001/EXTRAS/SHAPEFILE/LUNAR_PIT_LOCATIONS/LUNAR_PIT_LOCATIONS.CSV ; live atlas https://www.lroc.asu.edu/atlases/pits/list ; cite Wagner & Robinson (2021) LPSC 52 abstract 2530",host=Dollond E; long_axis_azimuth_deg=130; depth_raw=32
moon,Dollond E 1d,-10.2738,15.7035,11.0,8.0,11.0,,14.0,,pit (impact melt),WagnerRobinson2021_LROCPitAtlas,"LROC PDS RDR LUNAR_PIT_LOCATIONS.CSV (updated 2021-03-09), https://pds.lroc.im-ldi.com/data/LRO-L-LROC-5-RDR-V1.0/LROLRC_2001/EXTRAS/SHAPEFILE/LUNAR_PIT_LOCATIONS/LUNAR_PIT_LOCATIONS.CSV ; live atlas https://www.lroc.asu.edu/atlases/pits/list ; cite Wagner & Robinson (2021) LPSC 52 abstract 2530",host=Dollond E; long_axis_azimuth_deg=70; depth_raw=14
moon,Fraunhofer G 1,-38.5001,58.3638,23.0,14.0,17.0,11.0,4.0,,pit (impact melt),WagnerRobinson2021_LROCPitAtlas,"LROC PDS RDR LUNAR_PIT_LOCATIONS.CSV (updated 2021-03-09), https://pds.lroc.im-ldi.com/data/LRO-L-LROC-5-RDR-V1.0/LROLRC_2001/EXTRAS/SHAPEFILE/LUNAR_PIT_LOCATIONS/LUNAR_PIT_LOCATIONS.CSV ; live atlas https://www.lroc.asu.edu/atlases/pits/list ; cite Wagner & Robinson (2021) LPSC 52 abstract 2530",host=Fraunhofer G; long_axis_azimuth_deg=25; depth_raw=4
moon,Harriot 1,33.2933,114.2911,41.0,34.0,27.0,25.0,9.0,,pit (impact melt),WagnerRobinson2021_LROCPitAtlas,"LROC PDS RDR LUNAR_PIT_LOCATIONS.CSV (updated 2021-03-09), https://pds.lroc.im-ldi.com/data/LRO-L-LROC-5-RDR-V1.0/LROLRC_2001/EXTRAS/SHAPEFILE/LUNAR_PIT_LOCATIONS/LUNAR_PIT_LOCATIONS.CSV ; live atlas https://www.lroc.asu.edu/atlases/pits/list ; cite Wagner & Robinson (2021) LPSC 52 abstract 2530",host=Harriot; long_axis_azimuth_deg=50; depth_raw=9
moon,Hayn 1,65.2233,84.2004,35.0,27.0,,,7.0,yes,pit (impact melt),WagnerRobinson2021_LROCPitAtlas,"LROC PDS RDR LUNAR_PIT_LOCATIONS.CSV (updated 2021-03-09), https://pds.lroc.im-ldi.com/data/LRO-L-LROC-5-RDR-V1.0/LROLRC_2001/EXTRAS/SHAPEFILE/LUNAR_PIT_LOCATIONS/LUNAR_PIT_LOCATIONS.CSV ; live atlas https://www.lroc.asu.edu/atlases/pits/list ; cite Wagner & Robinson (2021) LPSC 52 abstract 2530",host=Hayn; long_axis_azimuth_deg=60; depth_raw=>7
moon,Jackson 1a,22.4208,196.2868,31.0,20.0,13.0,8.0,19.0,,pit (impact melt),WagnerRobinson2021_LROCPitAtlas,"LROC PDS RDR LUNAR_PIT_LOCATIONS.CSV (updated 2021-03-09), https://pds.lroc.im-ldi.com/data/LRO-L-LROC-5-RDR-V1.0/LROLRC_2001/EXTRAS/SHAPEFILE/LUNAR_PIT_LOCATIONS/LUNAR_PIT_LOCATIONS.CSV ; live atlas https://www.lroc.asu.edu/atlases/pits/list ; cite Wagner & Robinson (2021) LPSC 52 abstract 2530",host=Jackson; long_axis_azimuth_deg=160; depth_raw=19
moon,Jackson 1b,22.4191,196.2828,51.0,49.0,30.0,26.0,20.0,,pit (impact melt),WagnerRobinson2021_LROCPitAtlas,"LROC PDS RDR LUNAR_PIT_LOCATIONS.CSV (updated 2021-03-09), https://pds.lroc.im-ldi.com/data/LRO-L-LROC-5-RDR-V1.0/LROLRC_2001/EXTRAS/SHAPEFILE/LUNAR_PIT_LOCATIONS/LUNAR_PIT_LOCATIONS.CSV ; live atlas https://www.lroc.asu.edu/atlases/pits/list ; cite Wagner & Robinson (2021) LPSC 52 abstract 2530",host=Jackson; long_axis_azimuth_deg=60; depth_raw=20
moon,Jackson 1c,22.4214,196.2907,95.0,45.0,,31.0,15.0,,pit (impact melt),WagnerRobinson2021_LROCPitAtlas,"LROC PDS RDR LUNAR_PIT_LOCATIONS.CSV (updated 2021-03-09), https://pds.lroc.im-ldi.com/data/LRO-L-LROC-5-RDR-V1.0/LROLRC_2001/EXTRAS/SHAPEFILE/LUNAR_PIT_LOCATIONS/LUNAR_PIT_LOCATIONS.CSV ; live atlas https://www.lroc.asu.edu/atlases/pits/list ; cite Wagner & Robinson (2021) LPSC 52 abstract 2530",host=Jackson; long_axis_azimuth_deg=60; depth_raw=15
moon,Jackson 2a,22.4967,196.2814,44.0,27.0,25.0,15.0,7.0,,pit (impact melt),WagnerRobinson2021_LROCPitAtlas,"LROC PDS RDR LUNAR_PIT_LOCATIONS.CSV (updated 2021-03-09), https://pds.lroc.im-ldi.com/data/LRO-L-LROC-5-RDR-V1.0/LROLRC_2001/EXTRAS/SHAPEFILE/LUNAR_PIT_LOCATIONS/LUNAR_PIT_LOCATIONS.CSV ; live atlas https://www.lroc.asu.edu/atlases/pits/list ; cite Wagner & Robinson (2021) LPSC 52 abstract 2530",host=Jackson; long_axis_azimuth_deg=40; depth_raw=7
moon,Jackson 2b,22.4967,196.2814,,,11.0,9.0,,,pit (impact melt),WagnerRobinson2021_LROCPitAtlas,"LROC PDS RDR LUNAR_PIT_LOCATIONS.CSV (updated 2021-03-09), https://pds.lroc.im-ldi.com/data/LRO-L-LROC-5-RDR-V1.0/LROLRC_2001/EXTRAS/SHAPEFILE/LUNAR_PIT_LOCATIONS/LUNAR_PIT_LOCATIONS.CSV ; live atlas https://www.lroc.asu.edu/atlases/pits/list ; cite Wagner & Robinson (2021) LPSC 52 abstract 2530",host=Jackson; long_axis_azimuth_deg=140
moon,Jackson 3,22.1992,197.1493,34.0,27.0,18.0,11.0,17.0,,pit (impact melt),WagnerRobinson2021_LROCPitAtlas,"LROC PDS RDR LUNAR_PIT_LOCATIONS.CSV (updated 2021-03-09), https://pds.lroc.im-ldi.com/data/LRO-L-LROC-5-RDR-V1.0/LROLRC_2001/EXTRAS/SHAPEFILE/LUNAR_PIT_LOCATIONS/LUNAR_PIT_LOCATIONS.CSV ; live atlas https://www.lroc.asu.edu/atlases/pits/list ; cite Wagner & Robinson (2021) LPSC 52 abstract 2530",host=Jackson; long_axis_azimuth_deg=165; depth_raw=17
moon,Jackson 4,21.7636,197.1197,14.0,10.0,9.0,5.0,8.0,,pit (impact melt),WagnerRobinson2021_LROCPitAtlas,"LROC PDS RDR LUNAR_PIT_LOCATIONS.CSV (updated 2021-03-09), https://pds.lroc.im-ldi.com/data/LRO-L-LROC-5-RDR-V1.0/LROLRC_2001/EXTRAS/SHAPEFILE/LUNAR_PIT_LOCATIONS/LUNAR_PIT_LOCATIONS.CSV ; live atlas https://www.lroc.asu.edu/atlases/pits/list ; cite Wagner & Robinson (2021) LPSC 52 abstract 2530",host=Jackson; long_axis_azimuth_deg=85; depth_raw=8
moon,Jackson 5,22.3063,197.0853,17.0,15.0,11.0,9.0,19.0,yes,pit (impact melt),WagnerRobinson2021_LROCPitAtlas,"LROC PDS RDR LUNAR_PIT_LOCATIONS.CSV (updated 2021-03-09), https://pds.lroc.im-ldi.com/data/LRO-L-LROC-5-RDR-V1.0/LROLRC_2001/EXTRAS/SHAPEFILE/LUNAR_PIT_LOCATIONS/LUNAR_PIT_LOCATIONS.CSV ; live atlas https://www.lroc.asu.edu/atlases/pits/list ; cite Wagner & Robinson (2021) LPSC 52 abstract 2530",host=Jackson; long_axis_azimuth_deg=120; depth_raw=>19
moon,Jackson 6,22.4434,197.2553,18.0,16.0,13.0,13.0,7.0,,pit (impact melt),WagnerRobinson2021_LROCPitAtlas,"LROC PDS RDR LUNAR_PIT_LOCATIONS.CSV (updated 2021-03-09), https://pds.lroc.im-ldi.com/data/LRO-L-LROC-5-RDR-V1.0/LROLRC_2001/EXTRAS/SHAPEFILE/LUNAR_PIT_LOCATIONS/LUNAR_PIT_LOCATIONS.CSV ; live atlas https://www.lroc.asu.edu/atlases/pits/list ; cite Wagner & Robinson (2021) LPSC 52 abstract 2530",host=Jackson; long_axis_azimuth_deg=0; depth_raw=7
moon,Kepler 1,8.2745,322.0501,42.0,33.0,25.0,12.0,10.0,,pit (impact melt),WagnerRobinson2021_LROCPitAtlas,"LROC PDS RDR LUNAR_PIT_LOCATIONS.CSV (updated 2021-03-09), https://pds.lroc.im-ldi.com/data/LRO-L-LROC-5-RDR-V1.0/LROLRC_2001/EXTRAS/SHAPEFILE/LUNAR_PIT_LOCATIONS/LUNAR_PIT_LOCATIONS.CSV ; live atlas https://www.lroc.asu.edu/atlases/pits/list ; cite Wagner & Robinson (2021) LPSC 52 abstract 2530",host=Kepler; type_qualifier=Fracture; long_axis_azimuth_deg=65; depth_raw=10
moon,Kepler 2,8.2724,322.0248,14.0,11.0,6.0,5.0,9.0,,pit (impact melt),WagnerRobinson2021_LROCPitAtlas,"LROC PDS RDR LUNAR_PIT_LOCATIONS.CSV (updated 2021-03-09), https://pds.lroc.im-ldi.com/data/LRO-L-LROC-5-RDR-V1.0/LROLRC_2001/EXTRAS/SHAPEFILE/LUNAR_PIT_LOCATIONS/LUNAR_PIT_LOCATIONS.CSV ; live atlas https://www.lroc.asu.edu/atlases/pits/list ; cite Wagner & Robinson (2021) LPSC 52 abstract 2530",host=Kepler; long_axis_azimuth_deg=30; depth_raw=9
moon,Kepler 3,8.1636,322.0449,25.0,15.0,14.0,8.0,13.0,,pit (impact melt),WagnerRobinson2021_LROCPitAtlas,"LROC PDS RDR LUNAR_PIT_LOCATIONS.CSV (updated 2021-03-09), https://pds.lroc.im-ldi.com/data/LRO-L-LROC-5-RDR-V1.0/LROLRC_2001/EXTRAS/SHAPEFILE/LUNAR_PIT_LOCATIONS/LUNAR_PIT_LOCATIONS.CSV ; live atlas https://www.lroc.asu.edu/atlases/pits/list ; cite Wagner & Robinson (2021) LPSC 52 abstract 2530",host=Kepler; long_axis_azimuth_deg=145; depth_raw=13
moon,Kepler 4a,7.946,322.1363,70.0,45.0,56.0,38.0,22.0,,pit (impact melt),WagnerRobinson2021_LROCPitAtlas,"LROC PDS RDR LUNAR_PIT_LOCATIONS.CSV (updated 2021-03-09), https://pds.lroc.im-ldi.com/data/LRO-L-LROC-5-RDR-V1.0/LROLRC_2001/EXTRAS/SHAPEFILE/LUNAR_PIT_LOCATIONS/LUNAR_PIT_LOCATIONS.CSV ; live atlas https://www.lroc.asu.edu/atlases/pits/list ; cite Wagner & Robinson (2021) LPSC 52 abstract 2530",host=Kepler; long_axis_azimuth_deg=30; depth_raw=22
moon,King 1a,6.2408,119.7341,30.0,22.0,27.0,18.0,11.0,,pit (impact melt),WagnerRobinson2021_LROCPitAtlas,"LROC PDS RDR LUNAR_PIT_LOCATIONS.CSV (updated 2021-03-09), https://pds.lroc.im-ldi.com/data/LRO-L-LROC-5-RDR-V1.0/LROLRC_2001/EXTRAS/SHAPEFILE/LUNAR_PIT_LOCATIONS/LUNAR_PIT_LOCATIONS.CSV ; live atlas https://www.lroc.asu.edu/atlases/pits/list ; cite Wagner & Robinson (2021) LPSC 52 abstract 2530",host=King; long_axis_azimuth_deg=25; depth_raw=11
moon,King 1b,6.2402,119.7351,32.0,21.0,28.0,18.0,10.0,,pit (impact melt),WagnerRobinson2021_LROCPitAtlas,"LROC PDS RDR LUNAR_PIT_LOCATIONS.CSV (updated 2021-03-09), https://pds.lroc.im-ldi.com/data/LRO-L-LROC-5-RDR-V1.0/LROLRC_2001/EXTRAS/SHAPEFILE/LUNAR_PIT_LOCATIONS/LUNAR_PIT_LOCATIONS.CSV ; live atlas https://www.lroc.asu.edu/atlases/pits/list ; cite Wagner & Robinson (2021) LPSC 52 abstract 2530",host=King; long_axis_azimuth_deg=120; depth_raw=10
moon,King 2a,6.3808,119.9992,24.0,17.0,12.0,12.0,7.0,,pit (impact melt),WagnerRobinson2021_LROCPitAtlas,"LROC PDS RDR LUNAR_PIT_LOCATIONS.CSV (updated 2021-03-09), https://pds.lroc.im-ldi.com/data/LRO-L-LROC-5-RDR-V1.0/LROLRC_2001/EXTRAS/SHAPEFILE/LUNAR_PIT_LOCATIONS/LUNAR_PIT_LOCATIONS.CSV ; live atlas https://www.lroc.asu.edu/atlases/pits/list ; cite Wagner & Robinson (2021) LPSC 52 abstract 2530",host=King; long_axis_azimuth_deg=35; depth_raw=7
moon,King 2b,6.3802,119.9972,19.0,18.0,15.0,9.0,7.0,,pit (impact melt),WagnerRobinson2021_LROCPitAtlas,"LROC PDS RDR LUNAR_PIT_LOCATIONS.CSV (updated 2021-03-09), https://pds.lroc.im-ldi.com/data/LRO-L-LROC-5-RDR-V1.0/LROLRC_2001/EXTRAS/SHAPEFILE/LUNAR_PIT_LOCATIONS/LUNAR_PIT_LOCATIONS.CSV ; live atlas https://www.lroc.asu.edu/atlases/pits/list ; cite Wagner & Robinson (2021) LPSC 52 abstract 2530",host=King; long_axis_azimuth_deg=160; depth_raw=7
moon,King 3a,6.4082,119.8108,9.0,8.0,7.0,6.0,3.0,,pit (impact melt),WagnerRobinson2021_LROCPitAtlas,"LROC PDS RDR LUNAR_PIT_LOCATIONS.CSV (updated 2021-03-09), https://pds.lroc.im-ldi.com/data/LRO-L-LROC-5-RDR-V1.0/LROLRC_2001/EXTRAS/SHAPEFILE/LUNAR_PIT_LOCATIONS/LUNAR_PIT_LOCATIONS.CSV ; live atlas https://www.lroc.asu.edu/atlases/pits/list ; cite Wagner & Robinson (2021) LPSC 52 abstract 2530",host=King; long_axis_azimuth_deg=145; depth_raw=3
moon,King 3b,6.4081,119.8105,9.0,9.0,6.0,4.0,6.0,,pit (impact melt),WagnerRobinson2021_LROCPitAtlas,"LROC PDS RDR LUNAR_PIT_LOCATIONS.CSV (updated 2021-03-09), https://pds.lroc.im-ldi.com/data/LRO-L-LROC-5-RDR-V1.0/LROLRC_2001/EXTRAS/SHAPEFILE/LUNAR_PIT_LOCATIONS/LUNAR_PIT_LOCATIONS.CSV ; live atlas https://www.lroc.asu.edu/atlases/pits/list ; cite Wagner & Robinson (2021) LPSC 52 abstract 2530",host=King; long_axis_azimuth_deg=160; depth_raw=6
moon,King 4a,6.2066,119.7815,28.0,22.0,20.0,16.0,6.0,,pit (impact melt),WagnerRobinson2021_LROCPitAtlas,"LROC PDS RDR LUNAR_PIT_LOCATIONS.CSV (updated 2021-03-09), https://pds.lroc.im-ldi.com/data/LRO-L-LROC-5-RDR-V1.0/LROLRC_2001/EXTRAS/SHAPEFILE/LUNAR_PIT_LOCATIONS/LUNAR_PIT_LOCATIONS.CSV ; live atlas https://www.lroc.asu.edu/atlases/pits/list ; cite Wagner & Robinson (2021) LPSC 52 abstract 2530",host=King; long_axis_azimuth_deg=55; depth_raw=6
moon,King 4b,6.2061,119.7804,21.0,19.0,15.0,14.0,8.0,,pit (impact melt),WagnerRobinson2021_LROCPitAtlas,"LROC PDS RDR LUNAR_PIT_LOCATIONS.CSV (updated 2021-03-09), https://pds.lroc.im-ldi.com/data/LRO-L-LROC-5-RDR-V1.0/LROLRC_2001/EXTRAS/SHAPEFILE/LUNAR_PIT_LOCATIONS/LUNAR_PIT_LOCATIONS.CSV ; live atlas https://www.lroc.asu.edu/atlases/pits/list ; cite Wagner & Robinson (2021) LPSC 52 abstract 2530",host=King; long_axis_azimuth_deg=25; depth_raw=8
moon,King 5,6.3371,119.8005,23.0,20.0,16.0,13.0,7.0,,pit (impact melt),WagnerRobinson2021_LROCPitAtlas,"LROC PDS RDR LUNAR_PIT_LOCATIONS.CSV (updated 2021-03-09), https://pds.lroc.im-ldi.com/data/LRO-L-LROC-5-RDR-V1.0/LROLRC_2001/EXTRAS/SHAPEFILE/LUNAR_PIT_LOCATIONS/LUNAR_PIT_LOCATIONS.CSV ; live atlas https://www.lroc.asu.edu/atlases/pits/list ; cite Wagner & Robinson (2021) LPSC 52 abstract 2530",host=King; long_axis_azimuth_deg=180; depth_raw=7
moon,King 6,6.2776,119.7247,10.0,10.0,7.0,6.0,7.0,,pit (impact melt),WagnerRobinson2021_LROCPitAtlas,"LROC PDS RDR LUNAR_PIT_LOCATIONS.CSV (updated 2021-03-09), https://pds.lroc.im-ldi.com/data/LRO-L-LROC-5-RDR-V1.0/LROLRC_2001/EXTRAS/SHAPEFILE/LUNAR_PIT_LOCATIONS/LUNAR_PIT_LOCATIONS.CSV ; live atlas https://www.lroc.asu.edu/atlases/pits/list ; cite Wagner & Robinson (2021) LPSC 52 abstract 2530",host=King; long_axis_azimuth_deg=180; depth_raw=7
moon,King 7,6.467,119.7378,16.0,15.0,14.0,11.0,8.0,,pit (impact melt),WagnerRobinson2021_LROCPitAtlas,"LROC PDS RDR LUNAR_PIT_LOCATIONS.CSV (updated 2021-03-09), https://pds.lroc.im-ldi.com/data/LRO-L-LROC-5-RDR-V1.0/LROLRC_2001/EXTRAS/SHAPEFILE/LUNAR_PIT_LOCATIONS/LUNAR_PIT_LOCATIONS.CSV ; live atlas https://www.lroc.asu.edu/atlases/pits/list ; cite Wagner & Robinson (2021) LPSC 52 abstract 2530",host=King; long_axis_azimuth_deg=35; depth_raw=8
moon,King 8a,6.4369,119.8329,15.0,14.0,12.0,10.0,8.0,,pit (impact melt),WagnerRobinson2021_LROCPitAtlas,"LROC PDS RDR LUNAR_PIT_LOCATIONS.CSV (updated 2021-03-09), https://pds.lroc.im-ldi.com/data/LRO-L-LROC-5-RDR-V1.0/LROLRC_2001/EXTRAS/SHAPEFILE/LUNAR_PIT_LOCATIONS/LUNAR_PIT_LOCATIONS.CSV ; live atlas https://www.lroc.asu.edu/atlases/pits/list ; cite Wagner & Robinson (2021) LPSC 52 abstract 2530",host=King; long_axis_azimuth_deg=35; depth_raw=8
moon,King 8b,6.4365,119.8335,8.0,8.0,6.0,6.0,17.0,,pit (impact melt),WagnerRobinson2021_LROCPitAtlas,"LROC PDS RDR LUNAR_PIT_LOCATIONS.CSV (updated 2021-03-09), https://pds.lroc.im-ldi.com/data/LRO-L-LROC-5-RDR-V1.0/LROLRC_2001/EXTRAS/SHAPEFILE/LUNAR_PIT_LOCATIONS/LUNAR_PIT_LOCATIONS.CSV ; live atlas https://www.lroc.asu.edu/atlases/pits/list ; cite Wagner & Robinson (2021) LPSC 52 abstract 2530",host=King; long_axis_azimuth_deg=5; depth_raw=17
moon,King 8c,6.4412,119.8331,12.0,7.0,7.0,5.0,5.0,,pit (impact melt),WagnerRobinson2021_LROCPitAtlas,"LROC PDS RDR LUNAR_PIT_LOCATIONS.CSV (updated 2021-03-09), https://pds.lroc.im-ldi.com/data/LRO-L-LROC-5-RDR-V1.0/LROLRC_2001/EXTRAS/SHAPEFILE/LUNAR_PIT_LOCATIONS/LUNAR_PIT_LOCATIONS.CSV ; live atlas https://www.lroc.asu.edu/atlases/pits/list ; cite Wagner & Robinson (2021) LPSC 52 abstract 2530",host=King; long_axis_azimuth_deg=155; depth_raw=5
moon,King 9a,6.2281,119.5237,41.0,15.0,22.0,11.0,4.0,,pit (impact melt),WagnerRobinson2021_LROCPitAtlas,"LROC PDS RDR LUNAR_PIT_LOCATIONS.CSV (updated 2021-03-09), https://pds.lroc.im-ldi.com/data/LRO-L-LROC-5-RDR-V1.0/LROLRC_2001/EXTRAS/SHAPEFILE/LUNAR_PIT_LOCATIONS/LUNAR_PIT_LOCATIONS.CSV ; live atlas https://www.lroc.asu.edu/atlases/pits/list ; cite Wagner & Robinson (2021) LPSC 52 abstract 2530",host=King; long_axis_azimuth_deg=150; depth_raw=4
moon,King 9b,6.2281,119.5214,10.0,9.0,8.0,7.0,6.0,,pit (impact melt),WagnerRobinson2021_LROCPitAtlas,"LROC PDS RDR LUNAR_PIT_LOCATIONS.CSV (updated 2021-03-09), https://pds.lroc.im-ldi.com/data/LRO-L-LROC-5-RDR-V1.0/LROLRC_2001/EXTRAS/SHAPEFILE/LUNAR_PIT_LOCATIONS/LUNAR_PIT_LOCATIONS.CSV ; live atlas https://www.lroc.asu.edu/atlases/pits/list ; cite Wagner & Robinson (2021) LPSC 52 abstract 2530",host=King; long_axis_azimuth_deg=135; depth_raw=6
moon,King 10,6.2504,119.5464,25.0,18.0,15.0,13.0,6.0,,pit (impact melt),WagnerRobinson2021_LROCPitAtlas,"LROC PDS RDR LUNAR_PIT_LOCATIONS.CSV (updated 2021-03-09), https://pds.lroc.im-ldi.com/data/LRO-L-LROC-5-RDR-V1.0/LROLRC_2001/EXTRAS/SHAPEFILE/LUNAR_PIT_LOCATIONS/LUNAR_PIT_LOCATIONS.CSV ; live atlas https://www.lroc.asu.edu/atlases/pits/list ; cite Wagner & Robinson (2021) LPSC 52 abstract 2530",host=King; long_axis_azimuth_deg=55; depth_raw=6
moon,King 11a,6.4593,120.0017,32.0,28.0,29.0,26.0,7.0,,pit (impact melt),WagnerRobinson2021_LROCPitAtlas,"LROC PDS RDR LUNAR_PIT_LOCATIONS.CSV (updated 2021-03-09), https://pds.lroc.im-ldi.com/data/LRO-L-LROC-5-RDR-V1.0/LROLRC_2001/EXTRAS/SHAPEFILE/LUNAR_PIT_LOCATIONS/LUNAR_PIT_LOCATIONS.CSV ; live atlas https://www.lroc.asu.edu/atlases/pits/list ; cite Wagner & Robinson (2021) LPSC 52 abstract 2530",host=King; long_axis_azimuth_deg=100; depth_raw=7
moon,King 11b,6.4604,120.0023,15.0,14.0,12.0,7.0,4.0,,pit (impact melt),WagnerRobinson2021_LROCPitAtlas,"LROC PDS RDR LUNAR_PIT_LOCATIONS.CSV (updated 2021-03-09), https://pds.lroc.im-ldi.com/data/LRO-L-LROC-5-RDR-V1.0/LROLRC_2001/EXTRAS/SHAPEFILE/LUNAR_PIT_LOCATIONS/LUNAR_PIT_LOCATIONS.CSV ; live atlas https://www.lroc.asu.edu/atlases/pits/list ; cite Wagner & Robinson (2021) LPSC 52 abstract 2530",host=King; long_axis_azimuth_deg=55; depth_raw=4
moon,King 12,6.2487,119.7506,33.0,24.0,26.0,22.0,7.0,,pit (impact melt),WagnerRobinson2021_LROCPitAtlas,"LROC PDS RDR LUNAR_PIT_LOCATIONS.CSV (updated 2021-03-09), https://pds.lroc.im-ldi.com/data/LRO-L-LROC-5-RDR-V1.0/LROLRC_2001/EXTRAS/SHAPEFILE/LUNAR_PIT_LOCATIONS/LUNAR_PIT_LOCATIONS.CSV ; live atlas https://www.lroc.asu.edu/atlases/pits/list ; cite Wagner & Robinson (2021) LPSC 52 abstract 2530",host=King; long_axis_azimuth_deg=165; depth_raw=7
moon,King 13a,6.2538,119.7626,28.0,21.0,22.0,15.0,8.0,,pit (impact melt),WagnerRobinson2021_LROCPitAtlas,"LROC PDS RDR LUNAR_PIT_LOCATIONS.CSV (updated 2021-03-09), https://pds.lroc.im-ldi.com/data/LRO-L-LROC-5-RDR-V1.0/LROLRC_2001/EXTRAS/SHAPEFILE/LUNAR_PIT_LOCATIONS/LUNAR_PIT_LOCATIONS.CSV ; live atlas https://www.lroc.asu.edu/atlases/pits/list ; cite Wagner & Robinson (2021) LPSC 52 abstract 2530",host=King; long_axis_azimuth_deg=70; depth_raw=8
moon,King 13b,6.2551,119.7615,10.0,8.0,7.0,5.0,7.0,,pit (impact melt),WagnerRobinson2021_LROCPitAtlas,"LROC PDS RDR LUNAR_PIT_LOCATIONS.CSV (updated 2021-03-09), https://pds.lroc.im-ldi.com/data/LRO-L-LROC-5-RDR-V1.0/LROLRC_2001/EXTRAS/SHAPEFILE/LUNAR_PIT_LOCATIONS/LUNAR_PIT_LOCATIONS.CSV ; live atlas https://www.lroc.asu.edu/atlases/pits/list ; cite Wagner & Robinson (2021) LPSC 52 abstract 2530",host=King; long_axis_azimuth_deg=165; depth_raw=7
moon,King 14,6.2784,119.7635,94.0,49.0,48.0,38.0,14.0,,pit (impact melt),WagnerRobinson2021_LROCPitAtlas,"LROC PDS RDR LUNAR_PIT_LOCATIONS.CSV (updated 2021-03-09), https://pds.lroc.im-ldi.com/data/LRO-L-LROC-5-RDR-V1.0/LROLRC_2001/EXTRAS/SHAPEFILE/LUNAR_PIT_LOCATIONS/LUNAR_PIT_LOCATIONS.CSV ; live atlas https://www.lroc.asu.edu/atlases/pits/list ; cite Wagner & Robinson (2021) LPSC 52 abstract 2530",host=King; long_axis_azimuth_deg=20; depth_raw=14
moon,King 15a,6.4782,119.7847,19.0,15.0,13.0,9.0,4.0,,pit (impact melt),WagnerRobinson2021_LROCPitAtlas,"LROC PDS RDR LUNAR_PIT_LOCATIONS.CSV (updated 2021-03-09), https://pds.lroc.im-ldi.com/data/LRO-L-LROC-5-RDR-V1.0/LROLRC_2001/EXTRAS/SHAPEFILE/LUNAR_PIT_LOCATIONS/LUNAR_PIT_LOCATIONS.CSV ; live atlas https://www.lroc.asu.edu/atlases/pits/list ; cite Wagner & Robinson (2021) LPSC 52 abstract 2530",host=King; long_axis_azimuth_deg=100; depth_raw=4
moon,King 15b,6.4781,119.7853,15.0,13.0,12.0,7.0,3.0,,pit (impact melt),WagnerRobinson2021_LROCPitAtlas,"LROC PDS RDR LUNAR_PIT_LOCATIONS.CSV (updated 2021-03-09), https://pds.lroc.im-ldi.com/data/LRO-L-LROC-5-RDR-V1.0/LROLRC_2001/EXTRAS/SHAPEFILE/LUNAR_PIT_LOCATIONS/LUNAR_PIT_LOCATIONS.CSV ; live atlas https://www.lroc.asu.edu/atlases/pits/list ; cite Wagner & Robinson (2021) LPSC 52 abstract 2530",host=King; long_axis_azimuth_deg=60; depth_raw=3
moon,King 16,6.3643,119.9304,57.0,42.0,47.0,29.0,16.0,,pit (impact melt),WagnerRobinson2021_LROCPitAtlas,"LROC PDS RDR LUNAR_PIT_LOCATIONS.CSV (updated 2021-03-09), https://pds.lroc.im-ldi.com/data/LRO-L-LROC-5-RDR-V1.0/LROLRC_2001/EXTRAS/SHAPEFILE/LUNAR_PIT_LOCATIONS/LUNAR_PIT_LOCATIONS.CSV ; live atlas https://www.lroc.asu.edu/atlases/pits/list ; cite Wagner & Robinson (2021) LPSC 52 abstract 2530",host=King; type_qualifier=Fracture; long_axis_azimuth_deg=160; depth_raw=16
moon,King 17,6.6252,119.9847,14.0,10.0,10.0,7.0,5.0,,pit (impact melt),WagnerRobinson2021_LROCPitAtlas,"LROC PDS RDR LUNAR_PIT_LOCATIONS.CSV (updated 2021-03-09), https://pds.lroc.im-ldi.com/data/LRO-L-LROC-5-RDR-V1.0/LROLRC_2001/EXTRAS/SHAPEFILE/LUNAR_PIT_LOCATIONS/LUNAR_PIT_LOCATIONS.CSV ; live atlas https://www.lroc.asu.edu/atlases/pits/list ; cite Wagner & Robinson (2021) LPSC 52 abstract 2530",host=King; long_axis_azimuth_deg=105; depth_raw=5
moon,King 18,6.6235,119.9894,19.0,18.0,14.0,12.0,7.0,,pit (impact melt),WagnerRobinson2021_LROCPitAtlas,"LROC PDS RDR LUNAR_PIT_LOCATIONS.CSV (updated 2021-03-09), https://pds.lroc.im-ldi.com/data/LRO-L-LROC-5-RDR-V1.0/LROLRC_2001/EXTRAS/SHAPEFILE/LUNAR_PIT_LOCATIONS/LUNAR_PIT_LOCATIONS.CSV ; live atlas https://www.lroc.asu.edu/atlases/pits/list ; cite Wagner & Robinson (2021) LPSC 52 abstract 2530",host=King; long_axis_azimuth_deg=160; depth_raw=7
moon,King 19,6.5931,119.9861,17.0,15.0,13.0,11.0,4.0,,pit (impact melt),WagnerRobinson2021_LROCPitAtlas,"LROC PDS RDR LUNAR_PIT_LOCATIONS.CSV (updated 2021-03-09), https://pds.lroc.im-ldi.com/data/LRO-L-LROC-5-RDR-V1.0/LROLRC_2001/EXTRAS/SHAPEFILE/LUNAR_PIT_LOCATIONS/LUNAR_PIT_LOCATIONS.CSV ; live atlas https://www.lroc.asu.edu/atlases/pits/list ; cite Wagner & Robinson (2021) LPSC 52 abstract 2530",host=King; long_axis_azimuth_deg=45; depth_raw=4
moon,King 20a,6.5098,119.9269,29.0,29.0,22.0,12.0,12.0,,pit (impact melt),WagnerRobinson2021_LROCPitAtlas,"LROC PDS RDR LUNAR_PIT_LOCATIONS.CSV (updated 2021-03-09), https://pds.lroc.im-ldi.com/data/LRO-L-LROC-5-RDR-V1.0/LROLRC_2001/EXTRAS/SHAPEFILE/LUNAR_PIT_LOCATIONS/LUNAR_PIT_LOCATIONS.CSV ; live atlas https://www.lroc.asu.edu/atlases/pits/list ; cite Wagner & Robinson (2021) LPSC 52 abstract 2530",host=King; long_axis_azimuth_deg=140; depth_raw=12
moon,King 20b,6.5108,119.9289,29.0,24.0,23.0,23.0,4.0,,pit (impact melt),WagnerRobinson2021_LROCPitAtlas,"LROC PDS RDR LUNAR_PIT_LOCATIONS.CSV (updated 2021-03-09), https://pds.lroc.im-ldi.com/data/LRO-L-LROC-5-RDR-V1.0/LROLRC_2001/EXTRAS/SHAPEFILE/LUNAR_PIT_LOCATIONS/LUNAR_PIT_LOCATIONS.CSV ; live atlas https://www.lroc.asu.edu/atlases/pits/list ; cite Wagner & Robinson (2021) LPSC 52 abstract 2530",host=King; long_axis_azimuth_deg=180; depth_raw=4
moon,King 20c,6.513,119.9269,34.0,19.0,14.0,3.0,6.0,yes,pit (impact melt),WagnerRobinson2021_LROCPitAtlas,"LROC PDS RDR LUNAR_PIT_LOCATIONS.CSV (updated 2021-03-09), https://pds.lroc.im-ldi.com/data/LRO-L-LROC-5-RDR-V1.0/LROLRC_2001/EXTRAS/SHAPEFILE/LUNAR_PIT_LOCATIONS/LUNAR_PIT_LOCATIONS.CSV ; live atlas https://www.lroc.asu.edu/atlases/pits/list ; cite Wagner & Robinson (2021) LPSC 52 abstract 2530",host=King; type_qualifier=Fracture; long_axis_azimuth_deg=35; depth_raw=>6
moon,King 20d,6.5142,119.9266,23.0,11.0,19.0,7.0,5.0,,pit (impact melt),WagnerRobinson2021_LROCPitAtlas,"LROC PDS RDR LUNAR_PIT_LOCATIONS.CSV (updated 2021-03-09), https://pds.lroc.im-ldi.com/data/LRO-L-LROC-5-RDR-V1.0/LROLRC_2001/EXTRAS/SHAPEFILE/LUNAR_PIT_LOCATIONS/LUNAR_PIT_LOCATIONS.CSV ; live atlas https://www.lroc.asu.edu/atlases/pits/list ; cite Wagner & Robinson (2021) LPSC 52 abstract 2530",host=King; long_axis_azimuth_deg=25; depth_raw=5
moon,King 20e,6.5149,119.9298,22.0,14.0,6.0,4.0,5.0,,pit (impact melt),WagnerRobinson2021_LROCPitAtlas,"LROC PDS RDR LUNAR_PIT_LOCATIONS.CSV (updated 2021-03-09), https://pds.lroc.im-ldi.com/data/LRO-L-LROC-5-RDR-V1.0/LROLRC_2001/EXTRAS/SHAPEFILE/LUNAR_PIT_LOCATIONS/LUNAR_PIT_LOCATIONS.CSV ; live atlas https://www.lroc.asu.edu/atlases/pits/list ; cite Wagner & Robinson (2021) LPSC 52 abstract 2530",host=King; long_axis_azimuth_deg=40; depth_raw=5
moon,King 20f,6.5153,119.9282,21.0,11.0,10.0,5.0,5.0,,pit (impact melt),WagnerRobinson2021_LROCPitAtlas,"LROC PDS RDR LUNAR_PIT_LOCATIONS.CSV (updated 2021-03-09), https://pds.lroc.im-ldi.com/data/LRO-L-LROC-5-RDR-V1.0/LROLRC_2001/EXTRAS/SHAPEFILE/LUNAR_PIT_LOCATIONS/LUNAR_PIT_LOCATIONS.CSV ; live atlas https://www.lroc.asu.edu/atlases/pits/list ; cite Wagner & Robinson (2021) LPSC 52 abstract 2530",host=King; long_axis_azimuth_deg=35; depth_raw=5
moon,King 20g,6.5165,119.9304,13.0,10.0,5.0,4.0,4.0,,pit (impact melt),WagnerRobinson2021_LROCPitAtlas,"LROC PDS RDR LUNAR_PIT_LOCATIONS.CSV (updated 2021-03-09), https://pds.lroc.im-ldi.com/data/LRO-L-LROC-5-RDR-V1.0/LROLRC_2001/EXTRAS/SHAPEFILE/LUNAR_PIT_LOCATIONS/LUNAR_PIT_LOCATIONS.CSV ; live atlas https://www.lroc.asu.edu/atlases/pits/list ; cite Wagner & Robinson (2021) LPSC 52 abstract 2530",host=King; long_axis_azimuth_deg=40; depth_raw=4
moon,King 20h,6.5183,119.9299,13.0,7.0,6.0,2.0,4.0,yes,pit (impact melt),WagnerRobinson2021_LROCPitAtlas,"LROC PDS RDR LUNAR_PIT_LOCATIONS.CSV (updated 2021-03-09), https://pds.lroc.im-ldi.com/data/LRO-L-LROC-5-RDR-V1.0/LROLRC_2001/EXTRAS/SHAPEFILE/LUNAR_PIT_LOCATIONS/LUNAR_PIT_LOCATIONS.CSV ; live atlas https://www.lroc.asu.edu/atlases/pits/list ; cite Wagner & Robinson (2021) LPSC 52 abstract 2530",host=King; type_qualifier=Fracture; long_axis_azimuth_deg=30; depth_raw=>4
moon,King 21,6.517,119.9875,19.0,14.0,15.0,9.0,5.0,,pit (impact melt),WagnerRobinson2021_LROCPitAtlas,"LROC PDS RDR LUNAR_PIT_LOCATIONS.CSV (updated 2021-03-09), https://pds.lroc.im-ldi.com/data/LRO-L-LROC-5-RDR-V1.0/LROLRC_2001/EXTRAS/SHAPEFILE/LUNAR_PIT_LOCATIONS/LUNAR_PIT_LOCATIONS.CSV ; live atlas https://www.lroc.asu.edu/atlases/pits/list ; cite Wagner & Robinson (2021) LPSC 52 abstract 2530",host=King; long_axis_azimuth_deg=125; depth_raw=5
moon,King 22,6.4835,119.9941,34.0,24.0,25.0,18.0,5.0,,pit (impact melt),WagnerRobinson2021_LROCPitAtlas,"LROC PDS RDR LUNAR_PIT_LOCATIONS.CSV (updated 2021-03-09), https://pds.lroc.im-ldi.com/data/LRO-L-LROC-5-RDR-V1.0/LROLRC_2001/EXTRAS/SHAPEFILE/LUNAR_PIT_LOCATIONS/LUNAR_PIT_LOCATIONS.CSV ; live atlas https://www.lroc.asu.edu/atlases/pits/list ; cite Wagner & Robinson (2021) LPSC 52 abstract 2530",host=King; long_axis_azimuth_deg=110; depth_raw=5
moon,King 23,6.3794,119.9019,18.0,11.0,15.0,9.0,8.0,,pit (impact melt),WagnerRobinson2021_LROCPitAtlas,"LROC PDS RDR LUNAR_PIT_LOCATIONS.CSV (updated 2021-03-09), https://pds.lroc.im-ldi.com/data/LRO-L-LROC-5-RDR-V1.0/LROLRC_2001/EXTRAS/SHAPEFILE/LUNAR_PIT_LOCATIONS/LUNAR_PIT_LOCATIONS.CSV ; live atlas https://www.lroc.asu.edu/atlases/pits/list ; cite Wagner & Robinson (2021) LPSC 52 abstract 2530",host=King; long_axis_azimuth_deg=120; depth_raw=8
moon,King 24a,6.3416,119.9914,9.0,9.0,7.0,5.0,2.0,,pit (impact melt),WagnerRobinson2021_LROCPitAtlas,"LROC PDS RDR LUNAR_PIT_LOCATIONS.CSV (updated 2021-03-09), https://pds.lroc.im-ldi.com/data/LRO-L-LROC-5-RDR-V1.0/LROLRC_2001/EXTRAS/SHAPEFILE/LUNAR_PIT_LOCATIONS/LUNAR_PIT_LOCATIONS.CSV ; live atlas https://www.lroc.asu.edu/atlases/pits/list ; cite Wagner & Robinson (2021) LPSC 52 abstract 2530",host=King; long_axis_azimuth_deg=35; depth_raw=2
moon,King 24b,6.34,119.9907,23.0,19.0,20.0,14.0,4.0,,pit (impact melt),WagnerRobinson2021_LROCPitAtlas,"LROC PDS RDR LUNAR_PIT_LOCATIONS.CSV (updated 2021-03-09), https://pds.lroc.im-ldi.com/data/LRO-L-LROC-5-RDR-V1.0/LROLRC_2001/EXTRAS/SHAPEFILE/LUNAR_PIT_LOCATIONS/LUNAR_PIT_LOCATIONS.CSV ; live atlas https://www.lroc.asu.edu/atlases/pits/list ; cite Wagner & Robinson (2021) LPSC 52 abstract 2530",host=King; long_axis_azimuth_deg=15; depth_raw=4
moon,King 24c,6.3389,119.9913,13.0,12.0,12.0,10.0,7.0,,pit (impact melt),WagnerRobinson2021_LROCPitAtlas,"LROC PDS RDR LUNAR_PIT_LOCATIONS.CSV (updated 2021-03-09), https://pds.lroc.im-ldi.com/data/LRO-L-LROC-5-RDR-V1.0/LROLRC_2001/EXTRAS/SHAPEFILE/LUNAR_PIT_LOCATIONS/LUNAR_PIT_LOCATIONS.CSV ; live atlas https://www.lroc.asu.edu/atlases/pits/list ; cite Wagner & Robinson (2021) LPSC 52 abstract 2530",host=King; long_axis_azimuth_deg=25; depth_raw=7
moon,King 25,6.2691,119.9429,15.0,12.0,12.0,8.0,7.0,,pit (impact melt),WagnerRobinson2021_LROCPitAtlas,"LROC PDS RDR LUNAR_PIT_LOCATIONS.CSV (updated 2021-03-09), https://pds.lroc.im-ldi.com/data/LRO-L-LROC-5-RDR-V1.0/LROLRC_2001/EXTRAS/SHAPEFILE/LUNAR_PIT_LOCATIONS/LUNAR_PIT_LOCATIONS.CSV ; live atlas https://www.lroc.asu.edu/atlases/pits/list ; cite Wagner & Robinson (2021) LPSC 52 abstract 2530",host=King; long_axis_azimuth_deg=145; depth_raw=7
moon,King 26,6.6385,119.82,16.0,12.0,14.0,11.0,5.0,,pit (impact melt),WagnerRobinson2021_LROCPitAtlas,"LROC PDS RDR LUNAR_PIT_LOCATIONS.CSV (updated 2021-03-09), https://pds.lroc.im-ldi.com/data/LRO-L-LROC-5-RDR-V1.0/LROLRC_2001/EXTRAS/SHAPEFILE/LUNAR_PIT_LOCATIONS/LUNAR_PIT_LOCATIONS.CSV ; live atlas https://www.lroc.asu.edu/atlases/pits/list ; cite Wagner & Robinson (2021) LPSC 52 abstract 2530",host=King; long_axis_azimuth_deg=35; depth_raw=5
moon,King 27,6.5044,119.8719,9.0,6.0,6.0,4.0,9.0,,pit (impact melt),WagnerRobinson2021_LROCPitAtlas,"LROC PDS RDR LUNAR_PIT_LOCATIONS.CSV (updated 2021-03-09), https://pds.lroc.im-ldi.com/data/LRO-L-LROC-5-RDR-V1.0/LROLRC_2001/EXTRAS/SHAPEFILE/LUNAR_PIT_LOCATIONS/LUNAR_PIT_LOCATIONS.CSV ; live atlas https://www.lroc.asu.edu/atlases/pits/list ; cite Wagner & Robinson (2021) LPSC 52 abstract 2530",host=King; long_axis_azimuth_deg=20; depth_raw=9
moon,King 28,6.3016,119.8593,223.0,20.0,156.0,15.0,22.0,,pit (impact melt),WagnerRobinson2021_LROCPitAtlas,"LROC PDS RDR LUNAR_PIT_LOCATIONS.CSV (updated 2021-03-09), https://pds.lroc.im-ldi.com/data/LRO-L-LROC-5-RDR-V1.0/LROLRC_2001/EXTRAS/SHAPEFILE/LUNAR_PIT_LOCATIONS/LUNAR_PIT_LOCATIONS.CSV ; live atlas https://www.lroc.asu.edu/atlases/pits/list ; cite Wagner & Robinson (2021) LPSC 52 abstract 2530",host=King; long_axis_azimuth_deg=60; depth_raw=22
moon,King 29,6.4827,119.8145,18.0,15.0,14.0,11.0,6.0,,pit (impact melt),WagnerRobinson2021_LROCPitAtlas,"LROC PDS RDR LUNAR_PIT_LOCATIONS.CSV (updated 2021-03-09), https://pds.lroc.im-ldi.com/data/LRO-L-LROC-5-RDR-V1.0/LROLRC_2001/EXTRAS/SHAPEFILE/LUNAR_PIT_LOCATIONS/LUNAR_PIT_LOCATIONS.CSV ; live atlas https://www.lroc.asu.edu/atlases/pits/list ; cite Wagner & Robinson (2021) LPSC 52 abstract 2530",host=King; long_axis_azimuth_deg=155; depth_raw=6
moon,King 30,6.3339,119.9937,20.0,15.0,13.0,8.0,6.0,,pit (impact melt),WagnerRobinson2021_LROCPitAtlas,"LROC PDS RDR LUNAR_PIT_LOCATIONS.CSV (updated 2021-03-09), https://pds.lroc.im-ldi.com/data/LRO-L-LROC-5-RDR-V1.0/LROLRC_2001/EXTRAS/SHAPEFILE/LUNAR_PIT_LOCATIONS/LUNAR_PIT_LOCATIONS.CSV ; live atlas https://www.lroc.asu.edu/atlases/pits/list ; cite Wagner & Robinson (2021) LPSC 52 abstract 2530",host=King; long_axis_azimuth_deg=135; depth_raw=6
moon,King 31,6.5229,119.9879,12.0,12.0,9.0,6.0,5.0,,pit (impact melt),WagnerRobinson2021_LROCPitAtlas,"LROC PDS RDR LUNAR_PIT_LOCATIONS.CSV (updated 2021-03-09), https://pds.lroc.im-ldi.com/data/LRO-L-LROC-5-RDR-V1.0/LROLRC_2001/EXTRAS/SHAPEFILE/LUNAR_PIT_LOCATIONS/LUNAR_PIT_LOCATIONS.CSV ; live atlas https://www.lroc.asu.edu/atlases/pits/list ; cite Wagner & Robinson (2021) LPSC 52 abstract 2530",host=King; long_axis_azimuth_deg=25; depth_raw=5
moon,King 32,6.3231,119.8067,20.0,16.0,12.0,11.0,6.0,,pit (impact melt),WagnerRobinson2021_LROCPitAtlas,"LROC PDS RDR LUNAR_PIT_LOCATIONS.CSV (updated 2021-03-09), https://pds.lroc.im-ldi.com/data/LRO-L-LROC-5-RDR-V1.0/LROLRC_2001/EXTRAS/SHAPEFILE/LUNAR_PIT_LOCATIONS/LUNAR_PIT_LOCATIONS.CSV ; live atlas https://www.lroc.asu.edu/atlases/pits/list ; cite Wagner & Robinson (2021) LPSC 52 abstract 2530",host=King; long_axis_azimuth_deg=120; depth_raw=6
moon,King 33,6.4873,119.6998,19.0,15.0,15.0,11.0,7.0,,pit (impact melt),WagnerRobinson2021_LROCPitAtlas,"LROC PDS RDR LUNAR_PIT_LOCATIONS.CSV (updated 2021-03-09), https://pds.lroc.im-ldi.com/data/LRO-L-LROC-5-RDR-V1.0/LROLRC_2001/EXTRAS/SHAPEFILE/LUNAR_PIT_LOCATIONS/LUNAR_PIT_LOCATIONS.CSV ; live atlas https://www.lroc.asu.edu/atlases/pits/list ; cite Wagner & Robinson (2021) LPSC 52 abstract 2530",host=King; long_axis_azimuth_deg=135; depth_raw=7
moon,King 34a,6.3372,119.9975,37.0,26.0,34.0,12.0,7.0,,pit (impact melt),WagnerRobinson2021_LROCPitAtlas,"LROC PDS RDR LUNAR_PIT_LOCATIONS.CSV (updated 2021-03-09), https://pds.lroc.im-ldi.com/data/LRO-L-LROC-5-RDR-V1.0/LROLRC_2001/EXTRAS/SHAPEFILE/LUNAR_PIT_LOCATIONS/LUNAR_PIT_LOCATIONS.CSV ; live atlas https://www.lroc.asu.edu/atlases/pits/list ; cite Wagner & Robinson (2021) LPSC 52 abstract 2530",host=King; long_axis_azimuth_deg=55; depth_raw=7
moon,King 34b,6.3361,119.9972,24.0,21.0,13.0,10.0,4.0,,pit (impact melt),WagnerRobinson2021_LROCPitAtlas,"LROC PDS RDR LUNAR_PIT_LOCATIONS.CSV (updated 2021-03-09), https://pds.lroc.im-ldi.com/data/LRO-L-LROC-5-RDR-V1.0/LROLRC_2001/EXTRAS/SHAPEFILE/LUNAR_PIT_LOCATIONS/LUNAR_PIT_LOCATIONS.CSV ; live atlas https://www.lroc.asu.edu/atlases/pits/list ; cite Wagner & Robinson (2021) LPSC 52 abstract 2530",host=King; long_axis_azimuth_deg=125; depth_raw=4
moon,King 35,6.4417,119.7252,44.0,39.0,35.0,24.0,6.0,,pit (impact melt),WagnerRobinson2021_LROCPitAtlas,"LROC PDS RDR LUNAR_PIT_LOCATIONS.CSV (updated 2021-03-09), https://pds.lroc.im-ldi.com/data/LRO-L-LROC-5-RDR-V1.0/LROLRC_2001/EXTRAS/SHAPEFILE/LUNAR_PIT_LOCATIONS/LUNAR_PIT_LOCATIONS.CSV ; live atlas https://www.lroc.asu.edu/atlases/pits/list ; cite Wagner & Robinson (2021) LPSC 52 abstract 2530",host=King; long_axis_azimuth_deg=5; depth_raw=6
moon,King 36,6.214,119.7664,51.0,45.0,46.0,40.0,11.0,,pit (impact melt),WagnerRobinson2021_LROCPitAtlas,"LROC PDS RDR LUNAR_PIT_LOCATIONS.CSV (updated 2021-03-09), https://pds.lroc.im-ldi.com/data/LRO-L-LROC-5-RDR-V1.0/LROLRC_2001/EXTRAS/SHAPEFILE/LUNAR_PIT_LOCATIONS/LUNAR_PIT_LOCATIONS.CSV ; live atlas https://www.lroc.asu.edu/atlases/pits/list ; cite Wagner & Robinson (2021) LPSC 52 abstract 2530",host=King; long_axis_azimuth_deg=180; depth_raw=11
moon,King 37,6.3814,120.0056,21.0,20.0,14.0,9.0,9.0,,pit (impact melt),WagnerRobinson2021_LROCPitAtlas,"LROC PDS RDR LUNAR_PIT_LOCATIONS.CSV (updated 2021-03-09), https://pds.lroc.im-ldi.com/data/LRO-L-LROC-5-RDR-V1.0/LROLRC_2001/EXTRAS/SHAPEFILE/LUNAR_PIT_LOCATIONS/LUNAR_PIT_LOCATIONS.CSV ; live atlas https://www.lroc.asu.edu/atlases/pits/list ; cite Wagner & Robinson (2021) LPSC 52 abstract 2530",host=King; long_axis_azimuth_deg=150; depth_raw=9
moon,King 38,6.37,119.9252,35.0,16.0,24.0,11.0,8.0,,pit (impact melt),WagnerRobinson2021_LROCPitAtlas,"LROC PDS RDR LUNAR_PIT_LOCATIONS.CSV (updated 2021-03-09), https://pds.lroc.im-ldi.com/data/LRO-L-LROC-5-RDR-V1.0/LROLRC_2001/EXTRAS/SHAPEFILE/LUNAR_PIT_LOCATIONS/LUNAR_PIT_LOCATIONS.CSV ; live atlas https://www.lroc.asu.edu/atlases/pits/list ; cite Wagner & Robinson (2021) LPSC 52 abstract 2530",host=King; long_axis_azimuth_deg=125; depth_raw=8
moon,King 39,6.6308,119.9842,8.0,6.0,5.0,4.0,5.0,,pit (impact melt),WagnerRobinson2021_LROCPitAtlas,"LROC PDS RDR LUNAR_PIT_LOCATIONS.CSV (updated 2021-03-09), https://pds.lroc.im-ldi.com/data/LRO-L-LROC-5-RDR-V1.0/LROLRC_2001/EXTRAS/SHAPEFILE/LUNAR_PIT_LOCATIONS/LUNAR_PIT_LOCATIONS.CSV ; live atlas https://www.lroc.asu.edu/atlases/pits/list ; cite Wagner & Robinson (2021) LPSC 52 abstract 2530",host=King; long_axis_azimuth_deg=55; depth_raw=5
moon,King 40,6.4779,119.9976,50.0,31.0,26.0,17.0,6.0,,pit (impact melt),WagnerRobinson2021_LROCPitAtlas,"LROC PDS RDR LUNAR_PIT_LOCATIONS.CSV (updated 2021-03-09), https://pds.lroc.im-ldi.com/data/LRO-L-LROC-5-RDR-V1.0/LROLRC_2001/EXTRAS/SHAPEFILE/LUNAR_PIT_LOCATIONS/LUNAR_PIT_LOCATIONS.CSV ; live atlas https://www.lroc.asu.edu/atlases/pits/list ; cite Wagner & Robinson (2021) LPSC 52 abstract 2530",host=King; long_axis_azimuth_deg=110; depth_raw=6
moon,King 41,6.6376,119.8299,16.0,7.0,12.0,5.0,6.0,,pit (impact melt),WagnerRobinson2021_LROCPitAtlas,"LROC PDS RDR LUNAR_PIT_LOCATIONS.CSV (updated 2021-03-09), https://pds.lroc.im-ldi.com/data/LRO-L-LROC-5-RDR-V1.0/LROLRC_2001/EXTRAS/SHAPEFILE/LUNAR_PIT_LOCATIONS/LUNAR_PIT_LOCATIONS.CSV ; live atlas https://www.lroc.asu.edu/atlases/pits/list ; cite Wagner & Robinson (2021) LPSC 52 abstract 2530",host=King; long_axis_azimuth_deg=135; depth_raw=6
moon,King 42,6.3321,120.0066,30.0,16.0,16.0,10.0,6.0,,pit (impact melt),WagnerRobinson2021_LROCPitAtlas,"LROC PDS RDR LUNAR_PIT_LOCATIONS.CSV (updated 2021-03-09), https://pds.lroc.im-ldi.com/data/LRO-L-LROC-5-RDR-V1.0/LROLRC_2001/EXTRAS/SHAPEFILE/LUNAR_PIT_LOCATIONS/LUNAR_PIT_LOCATIONS.CSV ; live atlas https://www.lroc.asu.edu/atlases/pits/list ; cite Wagner & Robinson (2021) LPSC 52 abstract 2530",host=King; long_axis_azimuth_deg=145; depth_raw=6
moon,Klute W 1,38.086,216.885,25.0,19.0,16.0,10.0,7.0,,pit (impact melt),WagnerRobinson2021_LROCPitAtlas,"LROC PDS RDR LUNAR_PIT_LOCATIONS.CSV (updated 2021-03-09), https://pds.lroc.im-ldi.com/data/LRO-L-LROC-5-RDR-V1.0/LROLRC_2001/EXTRAS/SHAPEFILE/LUNAR_PIT_LOCATIONS/LUNAR_PIT_LOCATIONS.CSV ; live atlas https://www.lroc.asu.edu/atlases/pits/list ; cite Wagner & Robinson (2021) LPSC 52 abstract 2530",host=Klute W; long_axis_azimuth_deg=100; depth_raw=7
moon,Klute W 2,38.1157,216.8965,30.0,19.0,12.0,9.0,5.0,,pit (impact melt),WagnerRobinson2021_LROCPitAtlas,"LROC PDS RDR LUNAR_PIT_LOCATIONS.CSV (updated 2021-03-09), https://pds.lroc.im-ldi.com/data/LRO-L-LROC-5-RDR-V1.0/LROLRC_2001/EXTRAS/SHAPEFILE/LUNAR_PIT_LOCATIONS/LUNAR_PIT_LOCATIONS.CSV ; live atlas https://www.lroc.asu.edu/atlases/pits/list ; cite Wagner & Robinson (2021) LPSC 52 abstract 2530",host=Klute W; long_axis_azimuth_deg=25; depth_raw=5
moon,Klute W 3,38.098,216.9385,20.0,19.0,18.0,13.0,6.0,,pit (impact melt),WagnerRobinson2021_LROCPitAtlas,"LROC PDS RDR LUNAR_PIT_LOCATIONS.CSV (updated 2021-03-09), https://pds.lroc.im-ldi.com/data/LRO-L-LROC-5-RDR-V1.0/LROLRC_2001/EXTRAS/SHAPEFILE/LUNAR_PIT_LOCATIONS/LUNAR_PIT_LOCATIONS.CSV ; live atlas https://www.lroc.asu.edu/atlases/pits/list ; cite Wagner & Robinson (2021) LPSC 52 abstract 2530",host=Klute W; long_axis_azimuth_deg=145; depth_raw=6
moon,Klute W 4,37.8581,216.8911,16.0,12.0,6.0,5.0,8.0,yes,pit (impact melt),WagnerRobinson2021_LROCPitAtlas,"LROC PDS RDR LUNAR_PIT_LOCATIONS.CSV (updated 2021-03-09), https://pds.lroc.im-ldi.com/data/LRO-L-LROC-5-RDR-V1.0/LROLRC_2001/EXTRAS/SHAPEFILE/LUNAR_PIT_LOCATIONS/LUNAR_PIT_LOCATIONS.CSV ; live atlas https://www.lroc.asu.edu/atlases/pits/list ; cite Wagner & Robinson (2021) LPSC 52 abstract 2530",host=Klute W; long_axis_azimuth_deg=10; depth_raw=>8
moon,Klute W 5,38.1018,216.9323,21.0,14.0,5.0,4.0,2.0,,pit (impact melt),WagnerRobinson2021_LROCPitAtlas,"LROC PDS RDR LUNAR_PIT_LOCATIONS.CSV (updated 2021-03-09), https://pds.lroc.im-ldi.com/data/LRO-L-LROC-5-RDR-V1.0/LROLRC_2001/EXTRAS/SHAPEFILE/LUNAR_PIT_LOCATIONS/LUNAR_PIT_LOCATIONS.CSV ; live atlas https://www.lroc.asu.edu/atlases/pits/list ; cite Wagner & Robinson (2021) LPSC 52 abstract 2530",host=Klute W; type_qualifier=Uncertain; long_axis_azimuth_deg=140; depth_raw=2
moon,Klute W 6,38.1256,216.901,53.0,29.0,28.0,12.0,7.0,,pit (impact melt),WagnerRobinson2021_LROCPitAtlas,"LROC PDS RDR LUNAR_PIT_LOCATIONS.CSV (updated 2021-03-09), https://pds.lroc.im-ldi.com/data/LRO-L-LROC-5-RDR-V1.0/LROLRC_2001/EXTRAS/SHAPEFILE/LUNAR_PIT_LOCATIONS/LUNAR_PIT_LOCATIONS.CSV ; live atlas https://www.lroc.asu.edu/atlases/pits/list ; cite Wagner & Robinson (2021) LPSC 52 abstract 2530",host=Klute W; long_axis_azimuth_deg=55; depth_raw=7
moon,Lalande 1,-4.4579,351.4667,21.0,15.0,7.0,,8.0,,pit (impact melt),WagnerRobinson2021_LROCPitAtlas,"LROC PDS RDR LUNAR_PIT_LOCATIONS.CSV (updated 2021-03-09), https://pds.lroc.im-ldi.com/data/LRO-L-LROC-5-RDR-V1.0/LROLRC_2001/EXTRAS/SHAPEFILE/LUNAR_PIT_LOCATIONS/LUNAR_PIT_LOCATIONS.CSV ; live atlas https://www.lroc.asu.edu/atlases/pits/list ; cite Wagner & Robinson (2021) LPSC 52 abstract 2530",host=Lalande; long_axis_azimuth_deg=40; depth_raw=8
moon,Lalande 2,-4.4949,351.4992,22.0,15.0,19.0,12.0,6.0,,pit (impact melt),WagnerRobinson2021_LROCPitAtlas,"LROC PDS RDR LUNAR_PIT_LOCATIONS.CSV (updated 2021-03-09), https://pds.lroc.im-ldi.com/data/LRO-L-LROC-5-RDR-V1.0/LROLRC_2001/EXTRAS/SHAPEFILE/LUNAR_PIT_LOCATIONS/LUNAR_PIT_LOCATIONS.CSV ; live atlas https://www.lroc.asu.edu/atlases/pits/list ; cite Wagner & Robinson (2021) LPSC 52 abstract 2530",host=Lalande; long_axis_azimuth_deg=15; depth_raw=6
moon,Lalande 3a,-4.5322,351.4893,13.0,10.0,8.0,7.0,8.0,,pit (impact melt),WagnerRobinson2021_LROCPitAtlas,"LROC PDS RDR LUNAR_PIT_LOCATIONS.CSV (updated 2021-03-09), https://pds.lroc.im-ldi.com/data/LRO-L-LROC-5-RDR-V1.0/LROLRC_2001/EXTRAS/SHAPEFILE/LUNAR_PIT_LOCATIONS/LUNAR_PIT_LOCATIONS.CSV ; live atlas https://www.lroc.asu.edu/atlases/pits/list ; cite Wagner & Robinson (2021) LPSC 52 abstract 2530",host=Lalande; long_axis_azimuth_deg=45; depth_raw=8
moon,Lalande 3b,-4.5328,351.4895,31.0,28.0,28.0,23.0,4.0,,pit (impact melt),WagnerRobinson2021_LROCPitAtlas,"LROC PDS RDR LUNAR_PIT_LOCATIONS.CSV (updated 2021-03-09), https://pds.lroc.im-ldi.com/data/LRO-L-LROC-5-RDR-V1.0/LROLRC_2001/EXTRAS/SHAPEFILE/LUNAR_PIT_LOCATIONS/LUNAR_PIT_LOCATIONS.CSV ; live atlas https://www.lroc.asu.edu/atlases/pits/list ; cite Wagner & Robinson (2021) LPSC 52 abstract 2530",host=Lalande; long_axis_azimuth_deg=40; depth_raw=4
moon,Lalande 3c,-4.5312,351.49,23.0,20.0,16.0,15.0,5.0,,pit (impact melt),WagnerRobinson2021_LROCPitAtlas,"LROC PDS RDR LUNAR_PIT_LOCATIONS.CSV (updated 2021-03-09), https://pds.lroc.im-ldi.com/data/LRO-L-LROC-5-RDR-V1.0/LROLRC_2001/EXTRAS/SHAPEFILE/LUNAR_PIT_LOCATIONS/LUNAR_PIT_LOCATIONS.CSV ; live atlas https://www.lroc.asu.edu/atlases/pits/list ; cite Wagner & Robinson (2021) LPSC 52 abstract 2530",host=Lalande; long_axis_azimuth_deg=125; depth_raw=5
moon,Lalande 5a,-4.3408,351.4229,13.0,12.0,7.0,6.0,4.0,,pit (impact melt),WagnerRobinson2021_LROCPitAtlas,"LROC PDS RDR LUNAR_PIT_LOCATIONS.CSV (updated 2021-03-09), https://pds.lroc.im-ldi.com/data/LRO-L-LROC-5-RDR-V1.0/LROLRC_2001/EXTRAS/SHAPEFILE/LUNAR_PIT_LOCATIONS/LUNAR_PIT_LOCATIONS.CSV ; live atlas https://www.lroc.asu.edu/atlases/pits/list ; cite Wagner & Robinson (2021) LPSC 52 abstract 2530",host=Lalande; long_axis_azimuth_deg=125; depth_raw=4
moon,Lalande 12,-4.4275,351.4436,11.0,9.0,8.0,4.0,11.0,,pit (impact melt),WagnerRobinson2021_LROCPitAtlas,"LROC PDS RDR LUNAR_PIT_LOCATIONS.CSV (updated 2021-03-09), https://pds.lroc.im-ldi.com/data/LRO-L-LROC-5-RDR-V1.0/LROLRC_2001/EXTRAS/SHAPEFILE/LUNAR_PIT_LOCATIONS/LUNAR_PIT_LOCATIONS.CSV ; live atlas https://www.lroc.asu.edu/atlases/pits/list ; cite Wagner & Robinson (2021) LPSC 52 abstract 2530",host=Lalande; long_axis_azimuth_deg=150; depth_raw=11
moon,Lalande 13,-4.3571,351.3054,,16.0,13.0,10.0,8.0,,pit (impact melt),WagnerRobinson2021_LROCPitAtlas,"LROC PDS RDR LUNAR_PIT_LOCATIONS.CSV (updated 2021-03-09), https://pds.lroc.im-ldi.com/data/LRO-L-LROC-5-RDR-V1.0/LROLRC_2001/EXTRAS/SHAPEFILE/LUNAR_PIT_LOCATIONS/LUNAR_PIT_LOCATIONS.CSV ; live atlas https://www.lroc.asu.edu/atlases/pits/list ; cite Wagner & Robinson (2021) LPSC 52 abstract 2530",host=Lalande; long_axis_azimuth_deg=25; depth_raw=8
moon,Messier A 1,-2.0279,46.8995,13.0,9.0,8.0,4.0,15.0,,pit (impact melt),WagnerRobinson2021_LROCPitAtlas,"LROC PDS RDR LUNAR_PIT_LOCATIONS.CSV (updated 2021-03-09), https://pds.lroc.im-ldi.com/data/LRO-L-LROC-5-RDR-V1.0/LROLRC_2001/EXTRAS/SHAPEFILE/LUNAR_PIT_LOCATIONS/LUNAR_PIT_LOCATIONS.CSV ; live atlas https://www.lroc.asu.edu/atlases/pits/list ; cite Wagner & Robinson (2021) LPSC 52 abstract 2530",host=Messier A; long_axis_azimuth_deg=50; depth_raw=15
moon,Messier A 2b,-2.0166,46.9017,11.0,8.0,5.0,4.0,10.0,,pit (impact melt),WagnerRobinson2021_LROCPitAtlas,"LROC PDS RDR LUNAR_PIT_LOCATIONS.CSV (updated 2021-03-09), https://pds.lroc.im-ldi.com/data/LRO-L-LROC-5-RDR-V1.0/LROLRC_2001/EXTRAS/SHAPEFILE/LUNAR_PIT_LOCATIONS/LUNAR_PIT_LOCATIONS.CSV ; live atlas https://www.lroc.asu.edu/atlases/pits/list ; cite Wagner & Robinson (2021) LPSC 52 abstract 2530",host=Messier A; long_axis_azimuth_deg=160; depth_raw=10
moon,Messier A 2a,-2.014,46.9059,22.0,21.0,20.0,17.0,5.0,,pit (impact melt),WagnerRobinson2021_LROCPitAtlas,"LROC PDS RDR LUNAR_PIT_LOCATIONS.CSV (updated 2021-03-09), https://pds.lroc.im-ldi.com/data/LRO-L-LROC-5-RDR-V1.0/LROLRC_2001/EXTRAS/SHAPEFILE/LUNAR_PIT_LOCATIONS/LUNAR_PIT_LOCATIONS.CSV ; live atlas https://www.lroc.asu.edu/atlases/pits/list ; cite Wagner & Robinson (2021) LPSC 52 abstract 2530",host=Messier A; long_axis_azimuth_deg=125; depth_raw=5
moon,Messier A 4a,-2.044,46.8825,33.0,14.0,22.0,9.0,14.0,,pit (impact melt),WagnerRobinson2021_LROCPitAtlas,"LROC PDS RDR LUNAR_PIT_LOCATIONS.CSV (updated 2021-03-09), https://pds.lroc.im-ldi.com/data/LRO-L-LROC-5-RDR-V1.0/LROLRC_2001/EXTRAS/SHAPEFILE/LUNAR_PIT_LOCATIONS/LUNAR_PIT_LOCATIONS.CSV ; live atlas https://www.lroc.asu.edu/atlases/pits/list ; cite Wagner & Robinson (2021) LPSC 52 abstract 2530",host=Messier A; type_qualifier=Fracture; long_axis_azimuth_deg=175; depth_raw=14
moon,Messier A 4b,-2.0459,46.8839,,16.0,16.0,13.0,20.0,yes,pit (impact melt),WagnerRobinson2021_LROCPitAtlas,"LROC PDS RDR LUNAR_PIT_LOCATIONS.CSV (updated 2021-03-09), https://pds.lroc.im-ldi.com/data/LRO-L-LROC-5-RDR-V1.0/LROLRC_2001/EXTRAS/SHAPEFILE/LUNAR_PIT_LOCATIONS/LUNAR_PIT_LOCATIONS.CSV ; live atlas https://www.lroc.asu.edu/atlases/pits/list ; cite Wagner & Robinson (2021) LPSC 52 abstract 2530",host=Messier A; type_qualifier=Fracture; long_axis_azimuth_deg=155; depth_raw=>20
moon,Milichius A 1,9.2642,327.9268,21.0,14.0,17.0,9.0,9.0,,pit (impact melt),WagnerRobinson2021_LROCPitAtlas,"LROC PDS RDR LUNAR_PIT_LOCATIONS.CSV (updated 2021-03-09), https://pds.lroc.im-ldi.com/data/LRO-L-LROC-5-RDR-V1.0/LROLRC_2001/EXTRAS/SHAPEFILE/LUNAR_PIT_LOCATIONS/LUNAR_PIT_LOCATIONS.CSV ; live atlas https://www.lroc.asu.edu/atlases/pits/list ; cite Wagner & Robinson (2021) LPSC 52 abstract 2530",host=Milichius A; long_axis_azimuth_deg=135; depth_raw=9
moon,Oday 1,-30.9692,158.0535,20.0,14.0,17.0,9.0,7.0,yes,pit (impact melt),WagnerRobinson2021_LROCPitAtlas,"LROC PDS RDR LUNAR_PIT_LOCATIONS.CSV (updated 2021-03-09), https://pds.lroc.im-ldi.com/data/LRO-L-LROC-5-RDR-V1.0/LROLRC_2001/EXTRAS/SHAPEFILE/LUNAR_PIT_LOCATIONS/LUNAR_PIT_LOCATIONS.CSV ; live atlas https://www.lroc.asu.edu/atlases/pits/list ; cite Wagner & Robinson (2021) LPSC 52 abstract 2530",host=Oday; long_axis_azimuth_deg=145; depth_raw=>7
moon,Oday 2,-30.9463,158.0644,34.0,16.0,14.0,12.0,4.0,,pit (impact melt),WagnerRobinson2021_LROCPitAtlas,"LROC PDS RDR LUNAR_PIT_LOCATIONS.CSV (updated 2021-03-09), https://pds.lroc.im-ldi.com/data/LRO-L-LROC-5-RDR-V1.0/LROLRC_2001/EXTRAS/SHAPEFILE/LUNAR_PIT_LOCATIONS/LUNAR_PIT_LOCATIONS.CSV ; live atlas https://www.lroc.asu.edu/atlases/pits/list ; cite Wagner & Robinson (2021) LPSC 52 abstract 2530",host=Oday; long_axis_azimuth_deg=25; depth_raw=4
moon,Ohm 1,18.0805,246.3187,31.0,30.0,15.0,13.0,16.0,yes,pit (impact melt),WagnerRobinson2021_LROCPitAtlas,"LROC PDS RDR LUNAR_PIT_LOCATIONS.CSV (updated 2021-03-09), https://pds.lroc.im-ldi.com/data/LRO-L-LROC-5-RDR-V1.0/LROLRC_2001/EXTRAS/SHAPEFILE/LUNAR_PIT_LOCATIONS/LUNAR_PIT_LOCATIONS.CSV ; live atlas https://www.lroc.asu.edu/atlases/pits/list ; cite Wagner & Robinson (2021) LPSC 52 abstract 2530",host=Ohm; type_qualifier=Fracture; long_axis_azimuth_deg=130; depth_raw=>16
moon,Ohm 2,18.6687,246.4141,36.0,26.0,12.0,,16.0,,pit (impact melt),WagnerRobinson2021_LROCPitAtlas,"LROC PDS RDR LUNAR_PIT_LOCATIONS.CSV (updated 2021-03-09), https://pds.lroc.im-ldi.com/data/LRO-L-LROC-5-RDR-V1.0/LROLRC_2001/EXTRAS/SHAPEFILE/LUNAR_PIT_LOCATIONS/LUNAR_PIT_LOCATIONS.CSV ; live atlas https://www.lroc.asu.edu/atlases/pits/list ; cite Wagner & Robinson (2021) LPSC 52 abstract 2530",host=Ohm; long_axis_azimuth_deg=75; depth_raw=16
moon,Palitzsch B 1,-26.3162,68.1911,32.0,28.0,15.0,14.0,13.0,,pit (impact melt),WagnerRobinson2021_LROCPitAtlas,"LROC PDS RDR LUNAR_PIT_LOCATIONS.CSV (updated 2021-03-09), https://pds.lroc.im-ldi.com/data/LRO-L-LROC-5-RDR-V1.0/LROLRC_2001/EXTRAS/SHAPEFILE/LUNAR_PIT_LOCATIONS/LUNAR_PIT_LOCATIONS.CSV ; live atlas https://www.lroc.asu.edu/atlases/pits/list ; cite Wagner & Robinson (2021) LPSC 52 abstract 2530",host=Palitzsch B; long_axis_azimuth_deg=175; depth_raw=13
moon,Picard 1,14.4714,54.6591,25.0,17.0,12.0,8.0,10.0,,pit (impact melt),WagnerRobinson2021_LROCPitAtlas,"LROC PDS RDR LUNAR_PIT_LOCATIONS.CSV (updated 2021-03-09), https://pds.lroc.im-ldi.com/data/LRO-L-LROC-5-RDR-V1.0/LROLRC_2001/EXTRAS/SHAPEFILE/LUNAR_PIT_LOCATIONS/LUNAR_PIT_LOCATIONS.CSV ; live atlas https://www.lroc.asu.edu/atlases/pits/list ; cite Wagner & Robinson (2021) LPSC 52 abstract 2530",host=Picard; long_axis_azimuth_deg=135; depth_raw=10
moon,Philolaus 1,72.4657,328.5804,37.0,37.0,,,8.0,yes,pit (impact melt),WagnerRobinson2021_LROCPitAtlas,"LROC PDS RDR LUNAR_PIT_LOCATIONS.CSV (updated 2021-03-09), https://pds.lroc.im-ldi.com/data/LRO-L-LROC-5-RDR-V1.0/LROLRC_2001/EXTRAS/SHAPEFILE/LUNAR_PIT_LOCATIONS/LUNAR_PIT_LOCATIONS.CSV ; live atlas https://www.lroc.asu.edu/atlases/pits/list ; cite Wagner & Robinson (2021) LPSC 52 abstract 2530",host=Philolaus; long_axis_azimuth_deg=180; depth_raw=>8
moon,Proclus 1a,16.2972,46.8941,40.0,32.0,33.0,18.0,11.0,,pit (impact melt),WagnerRobinson2021_LROCPitAtlas,"LROC PDS RDR LUNAR_PIT_LOCATIONS.CSV (updated 2021-03-09), https://pds.lroc.im-ldi.com/data/LRO-L-LROC-5-RDR-V1.0/LROLRC_2001/EXTRAS/SHAPEFILE/LUNAR_PIT_LOCATIONS/LUNAR_PIT_LOCATIONS.CSV ; live atlas https://www.lroc.asu.edu/atlases/pits/list ; cite Wagner & Robinson (2021) LPSC 52 abstract 2530",host=Proclus; long_axis_azimuth_deg=135; depth_raw=11
moon,Proclus 1b,16.2959,46.8916,42.0,30.0,36.0,23.0,14.0,,pit (impact melt),WagnerRobinson2021_LROCPitAtlas,"LROC PDS RDR LUNAR_PIT_LOCATIONS.CSV (updated 2021-03-09), https://pds.lroc.im-ldi.com/data/LRO-L-LROC-5-RDR-V1.0/LROLRC_2001/EXTRAS/SHAPEFILE/LUNAR_PIT_LOCATIONS/LUNAR_PIT_LOCATIONS.CSV ; live atlas https://www.lroc.asu.edu/atlases/pits/list ; cite Wagner & Robinson (2021) LPSC 52 abstract 2530",host=Proclus; long_axis_azimuth_deg=175; depth_raw=14
moon,Rutherfurd 1a,-60.7788,348.1876,18.0,17.0,14.0,13.0,5.0,,pit (impact melt),WagnerRobinson2021_LROCPitAtlas,"LROC PDS RDR LUNAR_PIT_LOCATIONS.CSV (updated 2021-03-09), https://pds.lroc.im-ldi.com/data/LRO-L-LROC-5-RDR-V1.0/LROLRC_2001/EXTRAS/SHAPEFILE/LUNAR_PIT_LOCATIONS/LUNAR_PIT_LOCATIONS.CSV ; live atlas https://www.lroc.asu.edu/atlases/pits/list ; cite Wagner & Robinson (2021) LPSC 52 abstract 2530",host=Rutherfurd; long_axis_azimuth_deg=70; depth_raw=5
moon,Rutherfurd 1b,-60.7789,348.1862,15.0,14.0,9.0,,3.0,yes,pit (impact melt),WagnerRobinson2021_LROCPitAtlas,"LROC PDS RDR LUNAR_PIT_LOCATIONS.CSV (updated 2021-03-09), https://pds.lroc.im-ldi.com/data/LRO-L-LROC-5-RDR-V1.0/LROLRC_2001/EXTRAS/SHAPEFILE/LUNAR_PIT_LOCATIONS/LUNAR_PIT_LOCATIONS.CSV ; live atlas https://www.lroc.asu.edu/atlases/pits/list ; cite Wagner & Robinson (2021) LPSC 52 abstract 2530",host=Rutherfurd; long_axis_azimuth_deg=65; depth_raw=>3
moon,Rutherfurd 2,-60.7757,348.253,36.0,30.0,24.0,19.0,9.0,,pit (impact melt),WagnerRobinson2021_LROCPitAtlas,"LROC PDS RDR LUNAR_PIT_LOCATIONS.CSV (updated 2021-03-09), https://pds.lroc.im-ldi.com/data/LRO-L-LROC-5-RDR-V1.0/LROLRC_2001/EXTRAS/SHAPEFILE/LUNAR_PIT_LOCATIONS/LUNAR_PIT_LOCATIONS.CSV ; live atlas https://www.lroc.asu.edu/atlases/pits/list ; cite Wagner & Robinson (2021) LPSC 52 abstract 2530",host=Rutherfurd; long_axis_azimuth_deg=10; depth_raw=9
moon,Rutherfurd 3,-60.7751,348.2076,31.0,18.0,18.0,8.0,3.0,,pit (impact melt),WagnerRobinson2021_LROCPitAtlas,"LROC PDS RDR LUNAR_PIT_LOCATIONS.CSV (updated 2021-03-09), https://pds.lroc.im-ldi.com/data/LRO-L-LROC-5-RDR-V1.0/LROLRC_2001/EXTRAS/SHAPEFILE/LUNAR_PIT_LOCATIONS/LUNAR_PIT_LOCATIONS.CSV ; live atlas https://www.lroc.asu.edu/atlases/pits/list ; cite Wagner & Robinson (2021) LPSC 52 abstract 2530",host=Rutherfurd; type_qualifier=Uncertain; long_axis_azimuth_deg=70; depth_raw=3
moon,Schomberger A 1,-78.0579,25.3441,13.0,9.0,10.0,6.0,1.4,yes,pit (impact melt),WagnerRobinson2021_LROCPitAtlas,"LROC PDS RDR LUNAR_PIT_LOCATIONS.CSV (updated 2021-03-09), https://pds.lroc.im-ldi.com/data/LRO-L-LROC-5-RDR-V1.0/LROLRC_2001/EXTRAS/SHAPEFILE/LUNAR_PIT_LOCATIONS/LUNAR_PIT_LOCATIONS.CSV ; live atlas https://www.lroc.asu.edu/atlases/pits/list ; cite Wagner & Robinson (2021) LPSC 52 abstract 2530",host=Schomberger A; long_axis_azimuth_deg=70; depth_raw=>1.4
moon,Sharonov 1a,12.5745,173.4036,19.0,13.0,7.0,6.0,12.0,yes,pit (impact melt),WagnerRobinson2021_LROCPitAtlas,"LROC PDS RDR LUNAR_PIT_LOCATIONS.CSV (updated 2021-03-09), https://pds.lroc.im-ldi.com/data/LRO-L-LROC-5-RDR-V1.0/LROLRC_2001/EXTRAS/SHAPEFILE/LUNAR_PIT_LOCATIONS/LUNAR_PIT_LOCATIONS.CSV ; live atlas https://www.lroc.asu.edu/atlases/pits/list ; cite Wagner & Robinson (2021) LPSC 52 abstract 2530",host=Sharonov; long_axis_azimuth_deg=20; depth_raw=>12
moon,Sharonov 1b,12.5762,173.4015,15.0,12.0,7.0,6.0,8.0,,pit (impact melt),WagnerRobinson2021_LROCPitAtlas,"LROC PDS RDR LUNAR_PIT_LOCATIONS.CSV (updated 2021-03-09), https://pds.lroc.im-ldi.com/data/LRO-L-LROC-5-RDR-V1.0/LROLRC_2001/EXTRAS/SHAPEFILE/LUNAR_PIT_LOCATIONS/LUNAR_PIT_LOCATIONS.CSV ; live atlas https://www.lroc.asu.edu/atlases/pits/list ; cite Wagner & Robinson (2021) LPSC 52 abstract 2530",host=Sharonov; long_axis_azimuth_deg=45; depth_raw=8
moon,Stefan L 1,44.537,252.0302,41.0,39.0,16.0,,13.0,,pit (impact melt),WagnerRobinson2021_LROCPitAtlas,"LROC PDS RDR LUNAR_PIT_LOCATIONS.CSV (updated 2021-03-09), https://pds.lroc.im-ldi.com/data/LRO-L-LROC-5-RDR-V1.0/LROLRC_2001/EXTRAS/SHAPEFILE/LUNAR_PIT_LOCATIONS/LUNAR_PIT_LOCATIONS.CSV ; live atlas https://www.lroc.asu.edu/atlases/pits/list ; cite Wagner & Robinson (2021) LPSC 52 abstract 2530",host=Stefan L; type_qualifier=Uncertain; long_axis_azimuth_deg=30; depth_raw=13
moon,Stefan L 2,44.4982,251.8344,30.0,28.0,20.0,19.0,10.0,,pit (impact melt),WagnerRobinson2021_LROCPitAtlas,"LROC PDS RDR LUNAR_PIT_LOCATIONS.CSV (updated 2021-03-09), https://pds.lroc.im-ldi.com/data/LRO-L-LROC-5-RDR-V1.0/LROLRC_2001/EXTRAS/SHAPEFILE/LUNAR_PIT_LOCATIONS/LUNAR_PIT_LOCATIONS.CSV ; live atlas https://www.lroc.asu.edu/atlases/pits/list ; cite Wagner & Robinson (2021) LPSC 52 abstract 2530",host=Stefan L; long_axis_azimuth_deg=80; depth_raw=10
moon,Stevinus 1,-32.4259,54.6378,69.0,39.0,60.0,33.0,16.0,,pit (impact melt),WagnerRobinson2021_LROCPitAtlas,"LROC PDS RDR LUNAR_PIT_LOCATIONS.CSV (updated 2021-03-09), https://pds.lroc.im-ldi.com/data/LRO-L-LROC-5-RDR-V1.0/LROLRC_2001/EXTRAS/SHAPEFILE/LUNAR_PIT_LOCATIONS/LUNAR_PIT_LOCATIONS.CSV ; live atlas https://www.lroc.asu.edu/atlases/pits/list ; cite Wagner & Robinson (2021) LPSC 52 abstract 2530",host=Stevinus; long_axis_azimuth_deg=135; depth_raw=16
moon,Stevinus 2,-32.4828,54.5722,22.0,18.0,9.0,4.0,7.0,yes,pit (impact melt),WagnerRobinson2021_LROCPitAtlas,"LROC PDS RDR LUNAR_PIT_LOCATIONS.CSV (updated 2021-03-09), https://pds.lroc.im-ldi.com/data/LRO-L-LROC-5-RDR-V1.0/LROLRC_2001/EXTRAS/SHAPEFILE/LUNAR_PIT_LOCATIONS/LUNAR_PIT_LOCATIONS.CSV ; live atlas https://www.lroc.asu.edu/atlases/pits/list ; cite Wagner & Robinson (2021) LPSC 52 abstract 2530",host=Stevinus; long_axis_azimuth_deg=15; depth_raw=>7
moon,Stevinus 3,-32.8592,54.0796,56.0,45.0,15.0,6.0,9.0,,pit (impact melt),WagnerRobinson2021_LROCPitAtlas,"LROC PDS RDR LUNAR_PIT_LOCATIONS.CSV (updated 2021-03-09), https://pds.lroc.im-ldi.com/data/LRO-L-LROC-5-RDR-V1.0/LROLRC_2001/EXTRAS/SHAPEFILE/LUNAR_PIT_LOCATIONS/LUNAR_PIT_LOCATIONS.CSV ; live atlas https://www.lroc.asu.edu/atlases/pits/list ; cite Wagner & Robinson (2021) LPSC 52 abstract 2530",host=Stevinus; long_axis_azimuth_deg=40; depth_raw=9
moon,Stevinus 4,-32.7245,54.1735,15.0,15.0,11.0,10.0,8.0,,pit (impact melt),WagnerRobinson2021_LROCPitAtlas,"LROC PDS RDR LUNAR_PIT_LOCATIONS.CSV (updated 2021-03-09), https://pds.lroc.im-ldi.com/data/LRO-L-LROC-5-RDR-V1.0/LROLRC_2001/EXTRAS/SHAPEFILE/LUNAR_PIT_LOCATIONS/LUNAR_PIT_LOCATIONS.CSV ; live atlas https://www.lroc.asu.edu/atlases/pits/list ; cite Wagner & Robinson (2021) LPSC 52 abstract 2530",host=Stevinus; long_axis_azimuth_deg=30; depth_raw=8
moon,Stevinus 5,-32.4519,54.6746,18.0,17.0,6.0,6.0,6.0,,pit (impact melt),WagnerRobinson2021_LROCPitAtlas,"LROC PDS RDR LUNAR_PIT_LOCATIONS.CSV (updated 2021-03-09), https://pds.lroc.im-ldi.com/data/LRO-L-LROC-5-RDR-V1.0/LROLRC_2001/EXTRAS/SHAPEFILE/LUNAR_PIT_LOCATIONS/LUNAR_PIT_LOCATIONS.CSV ; live atlas https://www.lroc.asu.edu/atlases/pits/list ; cite Wagner & Robinson (2021) LPSC 52 abstract 2530",host=Stevinus; long_axis_azimuth_deg=0; depth_raw=6
moon,Stevinus 6,-32.3828,54.6579,13.0,8.0,7.0,4.0,7.0,,pit (impact melt),WagnerRobinson2021_LROCPitAtlas,"LROC PDS RDR LUNAR_PIT_LOCATIONS.CSV (updated 2021-03-09), https://pds.lroc.im-ldi.com/data/LRO-L-LROC-5-RDR-V1.0/LROLRC_2001/EXTRAS/SHAPEFILE/LUNAR_PIT_LOCATIONS/LUNAR_PIT_LOCATIONS.CSV ; live atlas https://www.lroc.asu.edu/atlases/pits/list ; cite Wagner & Robinson (2021) LPSC 52 abstract 2530",host=Stevinus; long_axis_azimuth_deg=45; depth_raw=7
moon,Stevinus 7,-32.3554,54.7126,14.0,12.0,7.0,4.0,7.0,yes,pit (impact melt),WagnerRobinson2021_LROCPitAtlas,"LROC PDS RDR LUNAR_PIT_LOCATIONS.CSV (updated 2021-03-09), https://pds.lroc.im-ldi.com/data/LRO-L-LROC-5-RDR-V1.0/LROLRC_2001/EXTRAS/SHAPEFILE/LUNAR_PIT_LOCATIONS/LUNAR_PIT_LOCATIONS.CSV ; live atlas https://www.lroc.asu.edu/atlases/pits/list ; cite Wagner & Robinson (2021) LPSC 52 abstract 2530",host=Stevinus; long_axis_azimuth_deg=103; depth_raw=>7
moon,Stevinus 8,-32.3088,54.6614,10.0,8.0,5.0,4.0,6.0,yes,pit (impact melt),WagnerRobinson2021_LROCPitAtlas,"LROC PDS RDR LUNAR_PIT_LOCATIONS.CSV (updated 2021-03-09), https://pds.lroc.im-ldi.com/data/LRO-L-LROC-5-RDR-V1.0/LROLRC_2001/EXTRAS/SHAPEFILE/LUNAR_PIT_LOCATIONS/LUNAR_PIT_LOCATIONS.CSV ; live atlas https://www.lroc.asu.edu/atlases/pits/list ; cite Wagner & Robinson (2021) LPSC 52 abstract 2530",host=Stevinus; long_axis_azimuth_deg=130; depth_raw=>6
moon,Stevinus 9a,-32.9401,54.7446,22.0,13.0,7.0,7.0,6.0,,pit (impact melt),WagnerRobinson2021_LROCPitAtlas,"LROC PDS RDR LUNAR_PIT_LOCATIONS.CSV (updated 2021-03-09), https://pds.lroc.im-ldi.com/data/LRO-L-LROC-5-RDR-V1.0/LROLRC_2001/EXTRAS/SHAPEFILE/LUNAR_PIT_LOCATIONS/LUNAR_PIT_LOCATIONS.CSV ; live atlas https://www.lroc.asu.edu/atlases/pits/list ; cite Wagner & Robinson (2021) LPSC 52 abstract 2530",host=Stevinus; long_axis_azimuth_deg=145; depth_raw=6
moon,Stevinus 9b,-32.9401,54.7446,,,6.0,4.0,9.0,yes,pit (impact melt),WagnerRobinson2021_LROCPitAtlas,"LROC PDS RDR LUNAR_PIT_LOCATIONS.CSV (updated 2021-03-09), https://pds.lroc.im-ldi.com/data/LRO-L-LROC-5-RDR-V1.0/LROLRC_2001/EXTRAS/SHAPEFILE/LUNAR_PIT_LOCATIONS/LUNAR_PIT_LOCATIONS.CSV ; live atlas https://www.lroc.asu.edu/atlases/pits/list ; cite Wagner & Robinson (2021) LPSC 52 abstract 2530",host=Stevinus; long_axis_azimuth_deg=155; depth_raw=>9
moon,Stevinus 10,-32.9383,54.7378,16.0,10.0,7.0,5.0,5.0,,pit (impact melt),WagnerRobinson2021_LROCPitAtlas,"LROC PDS RDR LUNAR_PIT_LOCATIONS.CSV (updated 2021-03-09), https://pds.lroc.im-ldi.com/data/LRO-L-LROC-5-RDR-V1.0/LROLRC_2001/EXTRAS/SHAPEFILE/LUNAR_PIT_LOCATIONS/LUNAR_PIT_LOCATIONS.CSV ; live atlas https://www.lroc.asu.edu/atlases/pits/list ; cite Wagner & Robinson (2021) LPSC 52 abstract 2530",host=Stevinus; long_axis_azimuth_deg=130; depth_raw=5
moon,Stevinus 11,-32.3302,54.7743,15.0,14.0,6.0,4.0,6.0,yes,pit (impact melt),WagnerRobinson2021_LROCPitAtlas,"LROC PDS RDR LUNAR_PIT_LOCATIONS.CSV (updated 2021-03-09), https://pds.lroc.im-ldi.com/data/LRO-L-LROC-5-RDR-V1.0/LROLRC_2001/EXTRAS/SHAPEFILE/LUNAR_PIT_LOCATIONS/LUNAR_PIT_LOCATIONS.CSV ; live atlas https://www.lroc.asu.edu/atlases/pits/list ; cite Wagner & Robinson (2021) LPSC 52 abstract 2530",host=Stevinus; long_axis_azimuth_deg=30; depth_raw=>6
moon,Stevinus 12,-32.3174,54.746,30.0,24.0,24.0,18.0,7.0,,pit (impact melt),WagnerRobinson2021_LROCPitAtlas,"LROC PDS RDR LUNAR_PIT_LOCATIONS.CSV (updated 2021-03-09), https://pds.lroc.im-ldi.com/data/LRO-L-LROC-5-RDR-V1.0/LROLRC_2001/EXTRAS/SHAPEFILE/LUNAR_PIT_LOCATIONS/LUNAR_PIT_LOCATIONS.CSV ; live atlas https://www.lroc.asu.edu/atlases/pits/list ; cite Wagner & Robinson (2021) LPSC 52 abstract 2530",host=Stevinus; long_axis_azimuth_deg=100; depth_raw=7
moon,Stevinus 13,-32.449,54.6446,8.0,7.0,4.0,4.0,4.0,,pit (impact melt),WagnerRobinson2021_LROCPitAtlas,"LROC PDS RDR LUNAR_PIT_LOCATIONS.CSV (updated 2021-03-09), https://pds.lroc.im-ldi.com/data/LRO-L-LROC-5-RDR-V1.0/LROLRC_2001/EXTRAS/SHAPEFILE/LUNAR_PIT_LOCATIONS/LUNAR_PIT_LOCATIONS.CSV ; live atlas https://www.lroc.asu.edu/atlases/pits/list ; cite Wagner & Robinson (2021) LPSC 52 abstract 2530",host=Stevinus; long_axis_azimuth_deg=0; depth_raw=4
moon,Stevinus 14a,-32.1634,54.7124,20.0,16.0,14.0,12.0,14.0,,pit (impact melt),WagnerRobinson2021_LROCPitAtlas,"LROC PDS RDR LUNAR_PIT_LOCATIONS.CSV (updated 2021-03-09), https://pds.lroc.im-ldi.com/data/LRO-L-LROC-5-RDR-V1.0/LROLRC_2001/EXTRAS/SHAPEFILE/LUNAR_PIT_LOCATIONS/LUNAR_PIT_LOCATIONS.CSV ; live atlas https://www.lroc.asu.edu/atlases/pits/list ; cite Wagner & Robinson (2021) LPSC 52 abstract 2530",host=Stevinus; long_axis_azimuth_deg=115; depth_raw=14
moon,Stevinus 14b,-32.1643,54.7118,12.0,9.0,9.0,7.0,5.0,,pit (impact melt),WagnerRobinson2021_LROCPitAtlas,"LROC PDS RDR LUNAR_PIT_LOCATIONS.CSV (updated 2021-03-09), https://pds.lroc.im-ldi.com/data/LRO-L-LROC-5-RDR-V1.0/LROLRC_2001/EXTRAS/SHAPEFILE/LUNAR_PIT_LOCATIONS/LUNAR_PIT_LOCATIONS.CSV ; live atlas https://www.lroc.asu.edu/atlases/pits/list ; cite Wagner & Robinson (2021) LPSC 52 abstract 2530",host=Stevinus; long_axis_azimuth_deg=65; depth_raw=5
moon,Stevinus 15,-32.3568,54.9433,42.0,34.0,18.0,11.0,10.0,,pit (impact melt),WagnerRobinson2021_LROCPitAtlas,"LROC PDS RDR LUNAR_PIT_LOCATIONS.CSV (updated 2021-03-09), https://pds.lroc.im-ldi.com/data/LRO-L-LROC-5-RDR-V1.0/LROLRC_2001/EXTRAS/SHAPEFILE/LUNAR_PIT_LOCATIONS/LUNAR_PIT_LOCATIONS.CSV ; live atlas https://www.lroc.asu.edu/atlases/pits/list ; cite Wagner & Robinson (2021) LPSC 52 abstract 2530",host=Stevinus; long_axis_azimuth_deg=40; depth_raw=10
moon,Stevinus 16,-32.1817,54.5943,28.0,23.0,17.0,13.0,11.0,,pit (impact melt),WagnerRobinson2021_LROCPitAtlas,"LROC PDS RDR LUNAR_PIT_LOCATIONS.CSV (updated 2021-03-09), https://pds.lroc.im-ldi.com/data/LRO-L-LROC-5-RDR-V1.0/LROLRC_2001/EXTRAS/SHAPEFILE/LUNAR_PIT_LOCATIONS/LUNAR_PIT_LOCATIONS.CSV ; live atlas https://www.lroc.asu.edu/atlases/pits/list ; cite Wagner & Robinson (2021) LPSC 52 abstract 2530",host=Stevinus; long_axis_azimuth_deg=115; depth_raw=11
moon,Stevinus 17,-32.3695,53.6121,18.0,14.0,5.0,4.0,7.0,,pit (impact melt),WagnerRobinson2021_LROCPitAtlas,"LROC PDS RDR LUNAR_PIT_LOCATIONS.CSV (updated 2021-03-09), https://pds.lroc.im-ldi.com/data/LRO-L-LROC-5-RDR-V1.0/LROLRC_2001/EXTRAS/SHAPEFILE/LUNAR_PIT_LOCATIONS/LUNAR_PIT_LOCATIONS.CSV ; live atlas https://www.lroc.asu.edu/atlases/pits/list ; cite Wagner & Robinson (2021) LPSC 52 abstract 2530",host=Stevinus; long_axis_azimuth_deg=30; depth_raw=7
moon,Stevinus 18,-32.1226,54.8746,21.0,13.0,9.0,9.0,6.0,,pit (impact melt),WagnerRobinson2021_LROCPitAtlas,"LROC PDS RDR LUNAR_PIT_LOCATIONS.CSV (updated 2021-03-09), https://pds.lroc.im-ldi.com/data/LRO-L-LROC-5-RDR-V1.0/LROLRC_2001/EXTRAS/SHAPEFILE/LUNAR_PIT_LOCATIONS/LUNAR_PIT_LOCATIONS.CSV ; live atlas https://www.lroc.asu.edu/atlases/pits/list ; cite Wagner & Robinson (2021) LPSC 52 abstract 2530",host=Stevinus; long_axis_azimuth_deg=140; depth_raw=6
moon,Stevinus 19,-32.9337,53.7983,25.0,14.0,16.0,6.0,13.0,yes,pit (impact melt),WagnerRobinson2021_LROCPitAtlas,"LROC PDS RDR LUNAR_PIT_LOCATIONS.CSV (updated 2021-03-09), https://pds.lroc.im-ldi.com/data/LRO-L-LROC-5-RDR-V1.0/LROLRC_2001/EXTRAS/SHAPEFILE/LUNAR_PIT_LOCATIONS/LUNAR_PIT_LOCATIONS.CSV ; live atlas https://www.lroc.asu.edu/atlases/pits/list ; cite Wagner & Robinson (2021) LPSC 52 abstract 2530",host=Stevinus; long_axis_azimuth_deg=120; depth_raw=>13
moon,Stevinus 22,-32.9349,53.9595,44.0,41.0,38.0,35.0,9.0,,pit (impact melt),WagnerRobinson2021_LROCPitAtlas,"LROC PDS RDR LUNAR_PIT_LOCATIONS.CSV (updated 2021-03-09), https://pds.lroc.im-ldi.com/data/LRO-L-LROC-5-RDR-V1.0/LROLRC_2001/EXTRAS/SHAPEFILE/LUNAR_PIT_LOCATIONS/LUNAR_PIT_LOCATIONS.CSV ; live atlas https://www.lroc.asu.edu/atlases/pits/list ; cite Wagner & Robinson (2021) LPSC 52 abstract 2530",host=Stevinus; long_axis_azimuth_deg=40; depth_raw=9
moon,Stevinus 23,-32.9642,54.0249,14.0,14.0,7.0,4.0,8.0,yes,pit (impact melt),WagnerRobinson2021_LROCPitAtlas,"LROC PDS RDR LUNAR_PIT_LOCATIONS.CSV (updated 2021-03-09), https://pds.lroc.im-ldi.com/data/LRO-L-LROC-5-RDR-V1.0/LROLRC_2001/EXTRAS/SHAPEFILE/LUNAR_PIT_LOCATIONS/LUNAR_PIT_LOCATIONS.CSV ; live atlas https://www.lroc.asu.edu/atlases/pits/list ; cite Wagner & Robinson (2021) LPSC 52 abstract 2530",host=Stevinus; long_axis_azimuth_deg=30; depth_raw=>8
moon,Stevinus 24,-32.7823,54.2992,12.0,12.0,,,4.0,,pit (impact melt),WagnerRobinson2021_LROCPitAtlas,"LROC PDS RDR LUNAR_PIT_LOCATIONS.CSV (updated 2021-03-09), https://pds.lroc.im-ldi.com/data/LRO-L-LROC-5-RDR-V1.0/LROLRC_2001/EXTRAS/SHAPEFILE/LUNAR_PIT_LOCATIONS/LUNAR_PIT_LOCATIONS.CSV ; live atlas https://www.lroc.asu.edu/atlases/pits/list ; cite Wagner & Robinson (2021) LPSC 52 abstract 2530",host=Stevinus; type_qualifier=Uncertain; depth_raw=4
moon,Stevinus 25,-32.7393,54.2171,14.0,13.0,4.0,4.0,6.0,,pit (impact melt),WagnerRobinson2021_LROCPitAtlas,"LROC PDS RDR LUNAR_PIT_LOCATIONS.CSV (updated 2021-03-09), https://pds.lroc.im-ldi.com/data/LRO-L-LROC-5-RDR-V1.0/LROLRC_2001/EXTRAS/SHAPEFILE/LUNAR_PIT_LOCATIONS/LUNAR_PIT_LOCATIONS.CSV ; live atlas https://www.lroc.asu.edu/atlases/pits/list ; cite Wagner & Robinson (2021) LPSC 52 abstract 2530",host=Stevinus; long_axis_azimuth_deg=0; depth_raw=6
moon,Stevinus 26,-32.1328,54.865,13.0,10.0,7.0,3.0,9.0,yes,pit (impact melt),WagnerRobinson2021_LROCPitAtlas,"LROC PDS RDR LUNAR_PIT_LOCATIONS.CSV (updated 2021-03-09), https://pds.lroc.im-ldi.com/data/LRO-L-LROC-5-RDR-V1.0/LROLRC_2001/EXTRAS/SHAPEFILE/LUNAR_PIT_LOCATIONS/LUNAR_PIT_LOCATIONS.CSV ; live atlas https://www.lroc.asu.edu/atlases/pits/list ; cite Wagner & Robinson (2021) LPSC 52 abstract 2530",host=Stevinus; long_axis_azimuth_deg=35; depth_raw=>9
moon,Tharp 1a,-30.6002,145.6809,140.0,121.0,116.0,88.0,23.0,,pit (impact melt),WagnerRobinson2021_LROCPitAtlas,"LROC PDS RDR LUNAR_PIT_LOCATIONS.CSV (updated 2021-03-09), https://pds.lroc.im-ldi.com/data/LRO-L-LROC-5-RDR-V1.0/LROLRC_2001/EXTRAS/SHAPEFILE/LUNAR_PIT_LOCATIONS/LUNAR_PIT_LOCATIONS.CSV ; live atlas https://www.lroc.asu.edu/atlases/pits/list ; cite Wagner & Robinson (2021) LPSC 52 abstract 2530",host=Tharp; long_axis_azimuth_deg=10; depth_raw=23
moon,Tharp 1b,-30.5999,145.6841,,,21.0,10.0,16.0,yes,pit (impact melt),WagnerRobinson2021_LROCPitAtlas,"LROC PDS RDR LUNAR_PIT_LOCATIONS.CSV (updated 2021-03-09), https://pds.lroc.im-ldi.com/data/LRO-L-LROC-5-RDR-V1.0/LROLRC_2001/EXTRAS/SHAPEFILE/LUNAR_PIT_LOCATIONS/LUNAR_PIT_LOCATIONS.CSV ; live atlas https://www.lroc.asu.edu/atlases/pits/list ; cite Wagner & Robinson (2021) LPSC 52 abstract 2530",host=Tharp; long_axis_azimuth_deg=75; depth_raw=>16
moon,Tharp 2,-30.5395,145.5548,91.0,70.0,88.0,56.0,24.0,,pit (impact melt),WagnerRobinson2021_LROCPitAtlas,"LROC PDS RDR LUNAR_PIT_LOCATIONS.CSV (updated 2021-03-09), https://pds.lroc.im-ldi.com/data/LRO-L-LROC-5-RDR-V1.0/LROLRC_2001/EXTRAS/SHAPEFILE/LUNAR_PIT_LOCATIONS/LUNAR_PIT_LOCATIONS.CSV ; live atlas https://www.lroc.asu.edu/atlases/pits/list ; cite Wagner & Robinson (2021) LPSC 52 abstract 2530",host=Tharp; long_axis_azimuth_deg=20; depth_raw=24
moon,Tharp 3,-30.5713,145.6634,40.0,37.0,31.0,,16.0,,pit (impact melt),WagnerRobinson2021_LROCPitAtlas,"LROC PDS RDR LUNAR_PIT_LOCATIONS.CSV (updated 2021-03-09), https://pds.lroc.im-ldi.com/data/LRO-L-LROC-5-RDR-V1.0/LROLRC_2001/EXTRAS/SHAPEFILE/LUNAR_PIT_LOCATIONS/LUNAR_PIT_LOCATIONS.CSV ; live atlas https://www.lroc.asu.edu/atlases/pits/list ; cite Wagner & Robinson (2021) LPSC 52 abstract 2530",host=Tharp; long_axis_azimuth_deg=60; depth_raw=16
moon,Tharp 4,-30.6063,145.7057,12.0,12.0,10.0,8.0,9.0,,pit (impact melt),WagnerRobinson2021_LROCPitAtlas,"LROC PDS RDR LUNAR_PIT_LOCATIONS.CSV (updated 2021-03-09), https://pds.lroc.im-ldi.com/data/LRO-L-LROC-5-RDR-V1.0/LROLRC_2001/EXTRAS/SHAPEFILE/LUNAR_PIT_LOCATIONS/LUNAR_PIT_LOCATIONS.CSV ; live atlas https://www.lroc.asu.edu/atlases/pits/list ; cite Wagner & Robinson (2021) LPSC 52 abstract 2530",host=Tharp; long_axis_azimuth_deg=60; depth_raw=9
moon,Tharp 5,-30.6106,145.7199,17.0,17.0,14.0,12.0,12.0,,pit (impact melt),WagnerRobinson2021_LROCPitAtlas,"LROC PDS RDR LUNAR_PIT_LOCATIONS.CSV (updated 2021-03-09), https://pds.lroc.im-ldi.com/data/LRO-L-LROC-5-RDR-V1.0/LROLRC_2001/EXTRAS/SHAPEFILE/LUNAR_PIT_LOCATIONS/LUNAR_PIT_LOCATIONS.CSV ; live atlas https://www.lroc.asu.edu/atlases/pits/list ; cite Wagner & Robinson (2021) LPSC 52 abstract 2530",host=Tharp; long_axis_azimuth_deg=55; depth_raw=12
moon,Tycho 2,-42.5978,347.8196,18.0,12.0,13.0,6.0,3.0,,pit (impact melt),WagnerRobinson2021_LROCPitAtlas,"LROC PDS RDR LUNAR_PIT_LOCATIONS.CSV (updated 2021-03-09), https://pds.lroc.im-ldi.com/data/LRO-L-LROC-5-RDR-V1.0/LROLRC_2001/EXTRAS/SHAPEFILE/LUNAR_PIT_LOCATIONS/LUNAR_PIT_LOCATIONS.CSV ; live atlas https://www.lroc.asu.edu/atlases/pits/list ; cite Wagner & Robinson (2021) LPSC 52 abstract 2530",host=Tycho; long_axis_azimuth_deg=15; depth_raw=3
moon,Tycho 3,-42.9449,347.7857,43.0,40.0,18.0,9.0,6.0,yes,pit (impact melt),WagnerRobinson2021_LROCPitAtlas,"LROC PDS RDR LUNAR_PIT_LOCATIONS.CSV (updated 2021-03-09), https://pds.lroc.im-ldi.com/data/LRO-L-LROC-5-RDR-V1.0/LROLRC_2001/EXTRAS/SHAPEFILE/LUNAR_PIT_LOCATIONS/LUNAR_PIT_LOCATIONS.CSV ; live atlas https://www.lroc.asu.edu/atlases/pits/list ; cite Wagner & Robinson (2021) LPSC 52 abstract 2530",host=Tycho; long_axis_azimuth_deg=50; depth_raw=>6
moon,Tycho 5a,-42.6199,348.6332,54.0,35.0,31.0,21.0,22.0,,pit (impact melt),WagnerRobinson2021_LROCPitAtlas,"LROC PDS RDR LUNAR_PIT_LOCATIONS.CSV (updated 2021-03-09), https://pds.lroc.im-ldi.com/data/LRO-L-LROC-5-RDR-V1.0/LROLRC_2001/EXTRAS/SHAPEFILE/LUNAR_PIT_LOCATIONS/LUNAR_PIT_LOCATIONS.CSV ; live atlas https://www.lroc.asu.edu/atlases/pits/list ; cite Wagner & Robinson (2021) LPSC 52 abstract 2530",host=Tycho; long_axis_azimuth_deg=70; depth_raw=22
moon,Tycho 5b,-42.6179,348.6363,86.0,50.0,77.0,42.0,15.0,,pit (impact melt),WagnerRobinson2021_LROCPitAtlas,"LROC PDS RDR LUNAR_PIT_LOCATIONS.CSV (updated 2021-03-09), https://pds.lroc.im-ldi.com/data/LRO-L-LROC-5-RDR-V1.0/LROLRC_2001/EXTRAS/SHAPEFILE/LUNAR_PIT_LOCATIONS/LUNAR_PIT_LOCATIONS.CSV ; live atlas https://www.lroc.asu.edu/atlases/pits/list ; cite Wagner & Robinson (2021) LPSC 52 abstract 2530",host=Tycho; type_qualifier=Uncertain; long_axis_azimuth_deg=50; depth_raw=15
moon,Tycho 5c,-42.6152,348.6417,57.0,34.0,,,10.0,,pit (impact melt),WagnerRobinson2021_LROCPitAtlas,"LROC PDS RDR LUNAR_PIT_LOCATIONS.CSV (updated 2021-03-09), https://pds.lroc.im-ldi.com/data/LRO-L-LROC-5-RDR-V1.0/LROLRC_2001/EXTRAS/SHAPEFILE/LUNAR_PIT_LOCATIONS/LUNAR_PIT_LOCATIONS.CSV ; live atlas https://www.lroc.asu.edu/atlases/pits/list ; cite Wagner & Robinson (2021) LPSC 52 abstract 2530",host=Tycho; type_qualifier=Uncertain; long_axis_azimuth_deg=90; depth_raw=10
moon,Tycho 5d,-42.612,348.6483,88.0,51.0,62.0,37.0,10.0,,pit (impact melt),WagnerRobinson2021_LROCPitAtlas,"LROC PDS RDR LUNAR_PIT_LOCATIONS.CSV (updated 2021-03-09), https://pds.lroc.im-ldi.com/data/LRO-L-LROC-5-RDR-V1.0/LROLRC_2001/EXTRAS/SHAPEFILE/LUNAR_PIT_LOCATIONS/LUNAR_PIT_LOCATIONS.CSV ; live atlas https://www.lroc.asu.edu/atlases/pits/list ; cite Wagner & Robinson (2021) LPSC 52 abstract 2530",host=Tycho; type_qualifier=Uncertain; long_axis_azimuth_deg=60; depth_raw=10
moon,Tycho 5e,-42.6218,348.6372,20.0,19.0,15.0,14.0,5.0,,pit (impact melt),WagnerRobinson2021_LROCPitAtlas,"LROC PDS RDR LUNAR_PIT_LOCATIONS.CSV (updated 2021-03-09), https://pds.lroc.im-ldi.com/data/LRO-L-LROC-5-RDR-V1.0/LROLRC_2001/EXTRAS/SHAPEFILE/LUNAR_PIT_LOCATIONS/LUNAR_PIT_LOCATIONS.CSV ; live atlas https://www.lroc.asu.edu/atlases/pits/list ; cite Wagner & Robinson (2021) LPSC 52 abstract 2530",host=Tycho; long_axis_azimuth_deg=60; depth_raw=5
moon,Tycho 6,-42.8894,349.3296,30.0,27.0,20.0,19.0,7.0,,pit (impact melt),WagnerRobinson2021_LROCPitAtlas,"LROC PDS RDR LUNAR_PIT_LOCATIONS.CSV (updated 2021-03-09), https://pds.lroc.im-ldi.com/data/LRO-L-LROC-5-RDR-V1.0/LROLRC_2001/EXTRAS/SHAPEFILE/LUNAR_PIT_LOCATIONS/LUNAR_PIT_LOCATIONS.CSV ; live atlas https://www.lroc.asu.edu/atlases/pits/list ; cite Wagner & Robinson (2021) LPSC 52 abstract 2530",host=Tycho; long_axis_azimuth_deg=120; depth_raw=7
moon,Tycho 7,-42.8468,348.5347,24.0,21.0,16.0,12.0,15.0,yes,pit (impact melt),WagnerRobinson2021_LROCPitAtlas,"LROC PDS RDR LUNAR_PIT_LOCATIONS.CSV (updated 2021-03-09), https://pds.lroc.im-ldi.com/data/LRO-L-LROC-5-RDR-V1.0/LROLRC_2001/EXTRAS/SHAPEFILE/LUNAR_PIT_LOCATIONS/LUNAR_PIT_LOCATIONS.CSV ; live atlas https://www.lroc.asu.edu/atlases/pits/list ; cite Wagner & Robinson (2021) LPSC 52 abstract 2530",host=Tycho; type_qualifier=Fracture; long_axis_azimuth_deg=50; depth_raw=>15
moon,Tycho 8,-42.7882,348.7741,42.0,37.0,8.0,8.0,10.0,,pit (impact melt),WagnerRobinson2021_LROCPitAtlas,"LROC PDS RDR LUNAR_PIT_LOCATIONS.CSV (updated 2021-03-09), https://pds.lroc.im-ldi.com/data/LRO-L-LROC-5-RDR-V1.0/LROLRC_2001/EXTRAS/SHAPEFILE/LUNAR_PIT_LOCATIONS/LUNAR_PIT_LOCATIONS.CSV ; live atlas https://www.lroc.asu.edu/atlases/pits/list ; cite Wagner & Robinson (2021) LPSC 52 abstract 2530",host=Tycho; long_axis_azimuth_deg=135; depth_raw=10
moon,Tycho 9,-42.6506,349.5415,77.0,29.0,58.0,16.0,11.0,,pit (impact melt),WagnerRobinson2021_LROCPitAtlas,"LROC PDS RDR LUNAR_PIT_LOCATIONS.CSV (updated 2021-03-09), https://pds.lroc.im-ldi.com/data/LRO-L-LROC-5-RDR-V1.0/LROLRC_2001/EXTRAS/SHAPEFILE/LUNAR_PIT_LOCATIONS/LUNAR_PIT_LOCATIONS.CSV ; live atlas https://www.lroc.asu.edu/atlases/pits/list ; cite Wagner & Robinson (2021) LPSC 52 abstract 2530",host=Tycho; long_axis_azimuth_deg=100; depth_raw=11
moon,Tycho 12,-43.2169,349.5787,47.0,31.0,34.0,16.0,15.0,,pit (impact melt),WagnerRobinson2021_LROCPitAtlas,"LROC PDS RDR LUNAR_PIT_LOCATIONS.CSV (updated 2021-03-09), https://pds.lroc.im-ldi.com/data/LRO-L-LROC-5-RDR-V1.0/LROLRC_2001/EXTRAS/SHAPEFILE/LUNAR_PIT_LOCATIONS/LUNAR_PIT_LOCATIONS.CSV ; live atlas https://www.lroc.asu.edu/atlases/pits/list ; cite Wagner & Robinson (2021) LPSC 52 abstract 2530",host=Tycho; long_axis_azimuth_deg=50; depth_raw=15
moon,Tycho 13,-43.1399,348.2689,45.0,39.0,33.0,27.0,12.0,,pit (impact melt),WagnerRobinson2021_LROCPitAtlas,"LROC PDS RDR LUNAR_PIT_LOCATIONS.CSV (updated 2021-03-09), https://pds.lroc.im-ldi.com/data/LRO-L-LROC-5-RDR-V1.0/LROLRC_2001/EXTRAS/SHAPEFILE/LUNAR_PIT_LOCATIONS/LUNAR_PIT_LOCATIONS.CSV ; live atlas https://www.lroc.asu.edu/atlases/pits/list ; cite Wagner & Robinson (2021) LPSC 52 abstract 2530",host=Tycho; long_axis_azimuth_deg=180; depth_raw=12
moon,Tycho 14,-43.1467,349.0718,30.0,27.0,16.0,10.0,12.0,yes,pit (impact melt),WagnerRobinson2021_LROCPitAtlas,"LROC PDS RDR LUNAR_PIT_LOCATIONS.CSV (updated 2021-03-09), https://pds.lroc.im-ldi.com/data/LRO-L-LROC-5-RDR-V1.0/LROLRC_2001/EXTRAS/SHAPEFILE/LUNAR_PIT_LOCATIONS/LUNAR_PIT_LOCATIONS.CSV ; live atlas https://www.lroc.asu.edu/atlases/pits/list ; cite Wagner & Robinson (2021) LPSC 52 abstract 2530",host=Tycho; long_axis_azimuth_deg=160; depth_raw=>12
moon,Tycho 15a,-43.1445,349.6332,27.0,16.0,18.0,9.0,4.0,,pit (impact melt),WagnerRobinson2021_LROCPitAtlas,"LROC PDS RDR LUNAR_PIT_LOCATIONS.CSV (updated 2021-03-09), https://pds.lroc.im-ldi.com/data/LRO-L-LROC-5-RDR-V1.0/LROLRC_2001/EXTRAS/SHAPEFILE/LUNAR_PIT_LOCATIONS/LUNAR_PIT_LOCATIONS.CSV ; live atlas https://www.lroc.asu.edu/atlases/pits/list ; cite Wagner & Robinson (2021) LPSC 52 abstract 2530",host=Tycho; long_axis_azimuth_deg=95; depth_raw=4
moon,Tycho 15b,-43.1456,349.6325,37.0,22.0,26.0,6.0,9.0,yes,pit (impact melt),WagnerRobinson2021_LROCPitAtlas,"LROC PDS RDR LUNAR_PIT_LOCATIONS.CSV (updated 2021-03-09), https://pds.lroc.im-ldi.com/data/LRO-L-LROC-5-RDR-V1.0/LROLRC_2001/EXTRAS/SHAPEFILE/LUNAR_PIT_LOCATIONS/LUNAR_PIT_LOCATIONS.CSV ; live atlas https://www.lroc.asu.edu/atlases/pits/list ; cite Wagner & Robinson (2021) LPSC 52 abstract 2530",host=Tycho; long_axis_azimuth_deg=40; depth_raw=>9
moon,Tycho 16,-43.102,347.7799,68.0,48.0,60.0,40.0,18.0,,pit (impact melt),WagnerRobinson2021_LROCPitAtlas,"LROC PDS RDR LUNAR_PIT_LOCATIONS.CSV (updated 2021-03-09), https://pds.lroc.im-ldi.com/data/LRO-L-LROC-5-RDR-V1.0/LROLRC_2001/EXTRAS/SHAPEFILE/LUNAR_PIT_LOCATIONS/LUNAR_PIT_LOCATIONS.CSV ; live atlas https://www.lroc.asu.edu/atlases/pits/list ; cite Wagner & Robinson (2021) LPSC 52 abstract 2530",host=Tycho; long_axis_azimuth_deg=165; depth_raw=18
moon,Tycho 17a,-43.0855,348.2422,86.0,61.0,72.0,42.0,16.0,,pit (impact melt),WagnerRobinson2021_LROCPitAtlas,"LROC PDS RDR LUNAR_PIT_LOCATIONS.CSV (updated 2021-03-09), https://pds.lroc.im-ldi.com/data/LRO-L-LROC-5-RDR-V1.0/LROLRC_2001/EXTRAS/SHAPEFILE/LUNAR_PIT_LOCATIONS/LUNAR_PIT_LOCATIONS.CSV ; live atlas https://www.lroc.asu.edu/atlases/pits/list ; cite Wagner & Robinson (2021) LPSC 52 abstract 2530",host=Tycho; long_axis_azimuth_deg=50; depth_raw=16
moon,Tycho 17b,-43.0794,348.2427,98.0,76.0,68.0,53.0,20.0,,pit (impact melt),WagnerRobinson2021_LROCPitAtlas,"LROC PDS RDR LUNAR_PIT_LOCATIONS.CSV (updated 2021-03-09), https://pds.lroc.im-ldi.com/data/LRO-L-LROC-5-RDR-V1.0/LROLRC_2001/EXTRAS/SHAPEFILE/LUNAR_PIT_LOCATIONS/LUNAR_PIT_LOCATIONS.CSV ; live atlas https://www.lroc.asu.edu/atlases/pits/list ; cite Wagner & Robinson (2021) LPSC 52 abstract 2530",host=Tycho; long_axis_azimuth_deg=50; depth_raw=20
moon,Tycho 18,-43.2779,347.8259,70.0,61.0,61.0,40.0,17.0,,pit (impact melt),WagnerRobinson2021_LROCPitAtlas,"LROC PDS RDR LUNAR_PIT_LOCATIONS.CSV (updated 2021-03-09), https://pds.lroc.im-ldi.com/data/LRO-L-LROC-5-RDR-V1.0/LROLRC_2001/EXTRAS/SHAPEFILE/LUNAR_PIT_LOCATIONS/LUNAR_PIT_LOCATIONS.CSV ; live atlas https://www.lroc.asu.edu/atlases/pits/list ; cite Wagner & Robinson (2021) LPSC 52 abstract 2530",host=Tycho; long_axis_azimuth_deg=10; depth_raw=17
moon,Tycho 19,-43.0996,349.4182,15.0,14.0,11.0,9.0,7.0,,pit (impact melt),WagnerRobinson2021_LROCPitAtlas,"LROC PDS RDR LUNAR_PIT_LOCATIONS.CSV (updated 2021-03-09), https://pds.lroc.im-ldi.com/data/LRO-L-LROC-5-RDR-V1.0/LROLRC_2001/EXTRAS/SHAPEFILE/LUNAR_PIT_LOCATIONS/LUNAR_PIT_LOCATIONS.CSV ; live atlas https://www.lroc.asu.edu/atlases/pits/list ; cite Wagner & Robinson (2021) LPSC 52 abstract 2530",host=Tycho; long_axis_azimuth_deg=180; depth_raw=7
moon,Tycho 29a,-42.8468,348.5424,20.0,12.0,18.0,9.0,10.0,yes,pit (impact melt),WagnerRobinson2021_LROCPitAtlas,"LROC PDS RDR LUNAR_PIT_LOCATIONS.CSV (updated 2021-03-09), https://pds.lroc.im-ldi.com/data/LRO-L-LROC-5-RDR-V1.0/LROLRC_2001/EXTRAS/SHAPEFILE/LUNAR_PIT_LOCATIONS/LUNAR_PIT_LOCATIONS.CSV ; live atlas https://www.lroc.asu.edu/atlases/pits/list ; cite Wagner & Robinson (2021) LPSC 52 abstract 2530",host=Tycho; long_axis_azimuth_deg=50; depth_raw=>10
moon,Tycho 29b,-42.8473,348.5415,18.0,14.0,14.0,9.0,8.0,,pit (impact melt),WagnerRobinson2021_LROCPitAtlas,"LROC PDS RDR LUNAR_PIT_LOCATIONS.CSV (updated 2021-03-09), https://pds.lroc.im-ldi.com/data/LRO-L-LROC-5-RDR-V1.0/LROLRC_2001/EXTRAS/SHAPEFILE/LUNAR_PIT_LOCATIONS/LUNAR_PIT_LOCATIONS.CSV ; live atlas https://www.lroc.asu.edu/atlases/pits/list ; cite Wagner & Robinson (2021) LPSC 52 abstract 2530",host=Tycho; long_axis_azimuth_deg=140; depth_raw=8
moon,Tycho 29c,-42.8478,348.5405,37.0,35.0,25.0,17.0,10.0,,pit (impact melt),WagnerRobinson2021_LROCPitAtlas,"LROC PDS RDR LUNAR_PIT_LOCATIONS.CSV (updated 2021-03-09), https://pds.lroc.im-ldi.com/data/LRO-L-LROC-5-RDR-V1.0/LROLRC_2001/EXTRAS/SHAPEFILE/LUNAR_PIT_LOCATIONS/LUNAR_PIT_LOCATIONS.CSV ; live atlas https://www.lroc.asu.edu/atlases/pits/list ; cite Wagner & Robinson (2021) LPSC 52 abstract 2530",host=Tycho; long_axis_azimuth_deg=50; depth_raw=10
moon,Virtanen F 1,15.7946,177.2069,49.0,42.0,20.0,14.0,17.0,,pit (impact melt),WagnerRobinson2021_LROCPitAtlas,"LROC PDS RDR LUNAR_PIT_LOCATIONS.CSV (updated 2021-03-09), https://pds.lroc.im-ldi.com/data/LRO-L-LROC-5-RDR-V1.0/LROLRC_2001/EXTRAS/SHAPEFILE/LUNAR_PIT_LOCATIONS/LUNAR_PIT_LOCATIONS.CSV ; live atlas https://www.lroc.asu.edu/atlases/pits/list ; cite Wagner & Robinson (2021) LPSC 52 abstract 2530",host=Virtanen F; long_axis_azimuth_deg=55; depth_raw=17
moon,Weiner F 1,41.0722,149.9284,82.0,82.0,63.0,62.0,22.0,,pit (impact melt),WagnerRobinson2021_LROCPitAtlas,"LROC PDS RDR LUNAR_PIT_LOCATIONS.CSV (updated 2021-03-09), https://pds.lroc.im-ldi.com/data/LRO-L-LROC-5-RDR-V1.0/LROLRC_2001/EXTRAS/SHAPEFILE/LUNAR_PIT_LOCATIONS/LUNAR_PIT_LOCATIONS.CSV ; live atlas https://www.lroc.asu.edu/atlases/pits/list ; cite Wagner & Robinson (2021) LPSC 52 abstract 2530",host=Weiner F; long_axis_azimuth_deg=120; depth_raw=22
moon,Wood T 1a,43.8876,235.754,46.0,33.0,40.0,25.0,11.0,,pit (impact melt),WagnerRobinson2021_LROCPitAtlas,"LROC PDS RDR LUNAR_PIT_LOCATIONS.CSV (updated 2021-03-09), https://pds.lroc.im-ldi.com/data/LRO-L-LROC-5-RDR-V1.0/LROLRC_2001/EXTRAS/SHAPEFILE/LUNAR_PIT_LOCATIONS/LUNAR_PIT_LOCATIONS.CSV ; live atlas https://www.lroc.asu.edu/atlases/pits/list ; cite Wagner & Robinson (2021) LPSC 52 abstract 2530",host=Wood T; long_axis_azimuth_deg=40; depth_raw=11
moon,Wood T 1b,43.8862,235.7613,23.0,18.0,17.0,14.0,11.0,,pit (impact melt),WagnerRobinson2021_LROCPitAtlas,"LROC PDS RDR LUNAR_PIT_LOCATIONS.CSV (updated 2021-03-09), https://pds.lroc.im-ldi.com/data/LRO-L-LROC-5-RDR-V1.0/LROLRC_2001/EXTRAS/SHAPEFILE/LUNAR_PIT_LOCATIONS/LUNAR_PIT_LOCATIONS.CSV ; live atlas https://www.lroc.asu.edu/atlases/pits/list ; cite Wagner & Robinson (2021) LPSC 52 abstract 2530",host=Wood T; long_axis_azimuth_deg=30; depth_raw=11
mars,APC001,-0.94678,240.4585,25.0,,,,32.0,,APC,Cushing2015_MGC3v1,"Mars Global Cave Candidate Catalog (MGC3) v1 PDS4 bundle, Cushing G.E., doi:10.17189/1519222, mars_cave_catalog.zip via https://astrogeology.usgs.gov/search/map/mars_global_cave_candidate_catalog_v1_cushing (file miscellaneous/Mars_Cave_Catalog_shapefile.csv, bundle README dated 2017-06-21)","priority=1; comment=APC -- tiny ~25m; APC_Diameter is major axis, rounded to nearest 5 m (MGC3 archive description C-6)"
mars,APC003,-12.47266,237.69604,30.0,,,,47.0,yes,APC,Cushing2015_MGC3v1,"Mars Global Cave Candidate Catalog (MGC3) v1 PDS4 bundle, Cushing G.E., doi:10.17189/1519222, mars_cave_catalog.zip via https://astrogeology.usgs.gov/search/map/mars_global_cave_candidate_catalog_v1_cushing (file miscellaneous/Mars_Cave_Catalog_shapefile.csv, bundle README dated 2017-06-21)","priority=1; comment=APC 40m small deep nochain--big smrp?; APC_Diameter is major axis, rounded to nearest 5 m (MGC3 archive description C-6)"
mars,APC005,-5.68445,240.88672,30.0,,,,17.0,yes,APC,Cushing2015_MGC3v1,"Mars Global Cave Candidate Catalog (MGC3) v1 PDS4 bundle, Cushing G.E., doi:10.17189/1519222, mars_cave_catalog.zip via https://astrogeology.usgs.gov/search/map/mars_global_cave_candidate_catalog_v1_cushing (file miscellaneous/Mars_Cave_Catalog_shapefile.csv, bundle README dated 2017-06-21)","priority=1; comment=APC deep pair; APC_Diameter is major axis, rounded to nearest 5 m (MGC3 archive description C-6)"
mars,APC006,-1.61377,240.94214,40.0,,,,38.0,yes,APC,Cushing2015_MGC3v1,"Mars Global Cave Candidate Catalog (MGC3) v1 PDS4 bundle, Cushing G.E., doi:10.17189/1519222, mars_cave_catalog.zip via https://astrogeology.usgs.gov/search/map/mars_global_cave_candidate_catalog_v1_cushing (file miscellaneous/Mars_Cave_Catalog_shapefile.csv, bundle README dated 2017-06-21)","priority=1; comment=APC small deep?; APC_Diameter is major axis, rounded to nearest 5 m (MGC3 archive description C-6)"
mars,APC007,-1.68555,241.29932,40.0,,,,28.0,yes,APC,Cushing2015_MGC3v1,"Mars Global Cave Candidate Catalog (MGC3) v1 PDS4 bundle, Cushing G.E., doi:10.17189/1519222, mars_cave_catalog.zip via https://astrogeology.usgs.gov/search/map/mars_global_cave_candidate_catalog_v1_cushing (file miscellaneous/Mars_Cave_Catalog_shapefile.csv, bundle README dated 2017-06-21)","priority=1; comment=APC, deep? ~40m; APC_Diameter is major axis, rounded to nearest 5 m (MGC3 archive description C-6)"
mars,APC008,-6.64679,241.74921,40.0,,,,50.0,yes,APC,Cushing2015_MGC3v1,"Mars Global Cave Candidate Catalog (MGC3) v1 PDS4 bundle, Cushing G.E., doi:10.17189/1519222, mars_cave_catalog.zip via https://astrogeology.usgs.gov/search/map/mars_global_cave_candidate_catalog_v1_cushing (file miscellaneous/Mars_Cave_Catalog_shapefile.csv, bundle README dated 2017-06-21)","priority=1; comment=APC deep; APC_Diameter is major axis, rounded to nearest 5 m (MGC3 archive description C-6)"
mars,APC009,-1.28809,244.25879,40.0,,,,45.0,yes,APC,Cushing2015_MGC3v1,"Mars Global Cave Candidate Catalog (MGC3) v1 PDS4 bundle, Cushing G.E., doi:10.17189/1519222, mars_cave_catalog.zip via https://astrogeology.usgs.gov/search/map/mars_global_cave_candidate_catalog_v1_cushing (file miscellaneous/Mars_Cave_Catalog_shapefile.csv, bundle README dated 2017-06-21)","priority=1; comment=APC ~ small deep; APC_Diameter is major axis, rounded to nearest 5 m (MGC3 archive description C-6)"
mars,APC010,-2.71338,241.38965,45.0,,,,30.0,yes,APC,Cushing2015_MGC3v1,"Mars Global Cave Candidate Catalog (MGC3) v1 PDS4 bundle, Cushing G.E., doi:10.17189/1519222, mars_cave_catalog.zip via https://astrogeology.usgs.gov/search/map/mars_global_cave_candidate_catalog_v1_cushing (file miscellaneous/Mars_Cave_Catalog_shapefile.csv, bundle README dated 2017-06-21)","priority=1; comment=APC, deep ~45m; APC_Diameter is major axis, rounded to nearest 5 m (MGC3 archive description C-6)"
mars,APC011,-4.50244,243.24515,45.0,,,,34.0,,APC,Cushing2015_MGC3v1,"Mars Global Cave Candidate Catalog (MGC3) v1 PDS4 bundle, Cushing G.E., doi:10.17189/1519222, mars_cave_catalog.zip via https://astrogeology.usgs.gov/search/map/mars_global_cave_candidate_catalog_v1_cushing (file miscellaneous/Mars_Cave_Catalog_shapefile.csv, bundle README dated 2017-06-21)","priority=1; comment=APC irregular 119x45; APC_Diameter is major axis, rounded to nearest 5 m (MGC3 archive description C-6)"
mars,APC012,-1.08203,244.2749,45.0,,,,48.0,yes,APC,Cushing2015_MGC3v1,"Mars Global Cave Candidate Catalog (MGC3) v1 PDS4 bundle, Cushing G.E., doi:10.17189/1519222, mars_cave_catalog.zip via https://astrogeology.usgs.gov/search/map/mars_global_cave_candidate_catalog_v1_cushing (file miscellaneous/Mars_Cave_Catalog_shapefile.csv, bundle README dated 2017-06-21)","priority=1; comment=APC ~ small deep, faint graben?; APC_Diameter is major axis, rounded to nearest 5 m (MGC3 archive description C-6)"
mars,APC013,-1.12158,244.27881,45.0,,,,50.0,yes,APC,Cushing2015_MGC3v1,"Mars Global Cave Candidate Catalog (MGC3) v1 PDS4 bundle, Cushing G.E., doi:10.17189/1519222, mars_cave_catalog.zip via https://astrogeology.usgs.gov/search/map/mars_global_cave_candidate_catalog_v1_cushing (file miscellaneous/Mars_Cave_Catalog_shapefile.csv, bundle README dated 2017-06-21)","priority=1; comment=APC ~ small deep, faint graben?; APC_Diameter is major axis, rounded to nearest 5 m (MGC3 archive description C-6)"
mars,APC014,-13.89099,236.3418,50.0,,,,75.0,yes,APC,Cushing2015_MGC3v1,"Mars Global Cave Candidate Catalog (MGC3) v1 PDS4 bundle, Cushing G.E., doi:10.17189/1519222, mars_cave_catalog.zip via https://astrogeology.usgs.gov/search/map/mars_global_cave_candidate_catalog_v1_cushing (file miscellaneous/Mars_Cave_Catalog_shapefile.csv, bundle README dated 2017-06-21)","priority=1; comment=APC nochain deep; APC_Diameter is major axis, rounded to nearest 5 m (MGC3 archive description C-6)"
mars,APC015,-6.17554,243.74658,75.0,,,,66.0,yes,APC,Cushing2015_MGC3v1,"Mars Global Cave Candidate Catalog (MGC3) v1 PDS4 bundle, Cushing G.E., doi:10.17189/1519222, mars_cave_catalog.zip via https://astrogeology.usgs.gov/search/map/mars_global_cave_candidate_catalog_v1_cushing (file miscellaneous/Mars_Cave_Catalog_shapefile.csv, bundle README dated 2017-06-21)","priority=1; comment=APC - deep, ~ 75x55m; APC_Diameter is major axis, rounded to nearest 5 m (MGC3 archive description C-6)"
mars,APC016,-4.20642,243.03406,55.0,,,,35.0,yes,APC,Cushing2015_MGC3v1,"Mars Global Cave Candidate Catalog (MGC3) v1 PDS4 bundle, Cushing G.E., doi:10.17189/1519222, mars_cave_catalog.zip via https://astrogeology.usgs.gov/search/map/mars_global_cave_candidate_catalog_v1_cushing (file miscellaneous/Mars_Cave_Catalog_shapefile.csv, bundle README dated 2017-06-21)","priority=0; comment=APC - deep - 60m >.65 d/D; APC_Diameter is major axis, rounded to nearest 5 m (MGC3 archive description C-6)"
mars,APC017,-5.88489,243.37195,55.0,,,,33.0,yes,APC,Cushing2015_MGC3v1,"Mars Global Cave Candidate Catalog (MGC3) v1 PDS4 bundle, Cushing G.E., doi:10.17189/1519222, mars_cave_catalog.zip via https://astrogeology.usgs.gov/search/map/mars_global_cave_candidate_catalog_v1_cushing (file miscellaneous/Mars_Cave_Catalog_shapefile.csv, bundle README dated 2017-06-21)","priority=1; comment=APC deep; APC_Diameter is major axis, rounded to nearest 5 m (MGC3 archive description C-6)"
mars,APC018,-13.86035,236.7605,60.0,,,,85.0,yes,APC,Cushing2015_MGC3v1,"Mars Global Cave Candidate Catalog (MGC3) v1 PDS4 bundle, Cushing G.E., doi:10.17189/1519222, mars_cave_catalog.zip via https://astrogeology.usgs.gov/search/map/mars_global_cave_candidate_catalog_v1_cushing (file miscellaneous/Mars_Cave_Catalog_shapefile.csv, bundle README dated 2017-06-21)","priority=1; comment=APC irregular nochain deep; APC_Diameter is major axis, rounded to nearest 5 m (MGC3 archive description C-6)"
mars,APC020,-1.05363,240.52335,70.0,,,,53.0,,APC,Cushing2015_MGC3v1,"Mars Global Cave Candidate Catalog (MGC3) v1 PDS4 bundle, Cushing G.E., doi:10.17189/1519222, mars_cave_catalog.zip via https://astrogeology.usgs.gov/search/map/mars_global_cave_candidate_catalog_v1_cushing (file miscellaneous/Mars_Cave_Catalog_shapefile.csv, bundle README dated 2017-06-21)","priority=1; comment=CTX images not very clear.; APC_Diameter is major axis, rounded to nearest 5 m (MGC3 archive description C-6)"
mars,APC021,-1.57715,241.09717,60.0,,,,44.0,yes,APC,Cushing2015_MGC3v1,"Mars Global Cave Candidate Catalog (MGC3) v1 PDS4 bundle, Cushing G.E., doi:10.17189/1519222, mars_cave_catalog.zip via https://astrogeology.usgs.gov/search/map/mars_global_cave_candidate_catalog_v1_cushing (file miscellaneous/Mars_Cave_Catalog_shapefile.csv, bundle README dated 2017-06-21)","priority=1; comment=APC, deep; APC_Diameter is major axis, rounded to nearest 5 m (MGC3 archive description C-6)"
mars,APC022,-2.86392,242.08498,65.0,,,,31.0,,APC,Cushing2015_MGC3v1,"Mars Global Cave Candidate Catalog (MGC3) v1 PDS4 bundle, Cushing G.E., doi:10.17189/1519222, mars_cave_catalog.zip via https://astrogeology.usgs.gov/search/map/mars_global_cave_candidate_catalog_v1_cushing (file miscellaneous/Mars_Cave_Catalog_shapefile.csv, bundle README dated 2017-06-21)","priority=1; comment=Small APC probably Type II; APC_Diameter is major axis, rounded to nearest 5 m (MGC3 archive description C-6)"
mars,APC023,-5.29,242.63,60.0,,,,46.0,,APC,Cushing2015_MGC3v1,"Mars Global Cave Candidate Catalog (MGC3) v1 PDS4 bundle, Cushing G.E., doi:10.17189/1519222, mars_cave_catalog.zip via https://astrogeology.usgs.gov/search/map/mars_global_cave_candidate_catalog_v1_cushing (file miscellaneous/Mars_Cave_Catalog_shapefile.csv, bundle README dated 2017-06-21)","priority=1; comment=APC; APC_Diameter is major axis, rounded to nearest 5 m (MGC3 archive description C-6)"
mars,APC024,11.83345,245.75446,60.0,,,,27.0,,APC,Cushing2015_MGC3v1,"Mars Global Cave Candidate Catalog (MGC3) v1 PDS4 bundle, Cushing G.E., doi:10.17189/1519222, mars_cave_catalog.zip via https://astrogeology.usgs.gov/search/map/mars_global_cave_candidate_catalog_v1_cushing (file miscellaneous/Mars_Cave_Catalog_shapefile.csv, bundle README dated 2017-06-21)","priority=1; comment=50m half-filled APC?; APC_Diameter is major axis, rounded to nearest 5 m (MGC3 archive description C-6)"
mars,APC025,4.13696,250.10669,60.0,,,,88.0,yes,APC,Cushing2015_MGC3v1,"Mars Global Cave Candidate Catalog (MGC3) v1 PDS4 bundle, Cushing G.E., doi:10.17189/1519222, mars_cave_catalog.zip via https://astrogeology.usgs.gov/search/map/mars_global_cave_candidate_catalog_v1_cushing (file miscellaneous/Mars_Cave_Catalog_shapefile.csv, bundle README dated 2017-06-21)","priority=1; comment=APC -- Deep d/D > 1.4; APC_Diameter is major axis, rounded to nearest 5 m (MGC3 archive description C-6)"
mars,APC026,12.6433,257.12384,60.0,,,,48.0,,APC,Cushing2015_MGC3v1,"Mars Global Cave Candidate Catalog (MGC3) v1 PDS4 bundle, Cushing G.E., doi:10.17189/1519222, mars_cave_catalog.zip via https://astrogeology.usgs.gov/search/map/mars_global_cave_candidate_catalog_v1_cushing (file miscellaneous/Mars_Cave_Catalog_shapefile.csv, bundle README dated 2017-06-21)","priority=1; comment=Ascraeus NE flank 60m APC in chain with largers; APC_Diameter is major axis, rounded to nearest 5 m (MGC3 archive description C-6)"
mars,APC027,0.87524,235.18518,65.0,,,,96.0,yes,APC,Cushing2015_MGC3v1,"Mars Global Cave Candidate Catalog (MGC3) v1 PDS4 bundle, Cushing G.E., doi:10.17189/1519222, mars_cave_catalog.zip via https://astrogeology.usgs.gov/search/map/mars_global_cave_candidate_catalog_v1_cushing (file miscellaneous/Mars_Cave_Catalog_shapefile.csv, bundle README dated 2017-06-21)","priority=1; comment=APC deep nochain; APC_Diameter is major axis, rounded to nearest 5 m (MGC3 archive description C-6)"
mars,APC028,-21.41626,236.34375,65.0,,,,49.0,,APC,Cushing2015_MGC3v1,"Mars Global Cave Candidate Catalog (MGC3) v1 PDS4 bundle, Cushing G.E., doi:10.17189/1519222, mars_cave_catalog.zip via https://astrogeology.usgs.gov/search/map/mars_global_cave_candidate_catalog_v1_cushing (file miscellaneous/Mars_Cave_Catalog_shapefile.csv, bundle README dated 2017-06-21)","priority=1; comment=APC,  AA; APC_Diameter is major axis, rounded to nearest 5 m (MGC3 archive description C-6)"
mars,APC029,-18.73004,240.72299,65.0,,,,80.0,yes,APC,Cushing2015_MGC3v1,"Mars Global Cave Candidate Catalog (MGC3) v1 PDS4 bundle, Cushing G.E., doi:10.17189/1519222, mars_cave_catalog.zip via https://astrogeology.usgs.gov/search/map/mars_global_cave_candidate_catalog_v1_cushing (file miscellaneous/Mars_Cave_Catalog_shapefile.csv, bundle README dated 2017-06-21)","priority=1; comment=APC deep nochain; APC_Diameter is major axis, rounded to nearest 5 m (MGC3 archive description C-6)"
mars,APC030,-5.68079,240.89502,65.0,,,,38.0,yes,APC,Cushing2015_MGC3v1,"Mars Global Cave Candidate Catalog (MGC3) v1 PDS4 bundle, Cushing G.E., doi:10.17189/1519222, mars_cave_catalog.zip via https://astrogeology.usgs.gov/search/map/mars_global_cave_candidate_catalog_v1_cushing (file miscellaneous/Mars_Cave_Catalog_shapefile.csv, bundle README dated 2017-06-21)","priority=1; comment=APC deep pair; APC_Diameter is major axis, rounded to nearest 5 m (MGC3 archive description C-6)"
mars,APC032,-2.71902,242.24603,70.0,,,,38.0,,APC,Cushing2015_MGC3v1,"Mars Global Cave Candidate Catalog (MGC3) v1 PDS4 bundle, Cushing G.E., doi:10.17189/1519222, mars_cave_catalog.zip via https://astrogeology.usgs.gov/search/map/mars_global_cave_candidate_catalog_v1_cushing (file miscellaneous/Mars_Cave_Catalog_shapefile.csv, bundle README dated 2017-06-21)","priority=1; comment=Small APC - dark interior with sharp edge.; APC_Diameter is major axis, rounded to nearest 5 m (MGC3 archive description C-6)"
mars,APC033,-0.95215,240.46387,70.0,,,,89.0,yes,APC,Cushing2015_MGC3v1,"Mars Global Cave Candidate Catalog (MGC3) v1 PDS4 bundle, Cushing G.E., doi:10.17189/1519222, mars_cave_catalog.zip via https://astrogeology.usgs.gov/search/map/mars_global_cave_candidate_catalog_v1_cushing (file miscellaneous/Mars_Cave_Catalog_shapefile.csv, bundle README dated 2017-06-21)","priority=1; comment=APC -- deep, ~70m; APC_Diameter is major axis, rounded to nearest 5 m (MGC3 archive description C-6)"
mars,APC034,-13.6,236.42,75.0,,,,50.0,yes,APC,Cushing2015_MGC3v1,"Mars Global Cave Candidate Catalog (MGC3) v1 PDS4 bundle, Cushing G.E., doi:10.17189/1519222, mars_cave_catalog.zip via https://astrogeology.usgs.gov/search/map/mars_global_cave_candidate_catalog_v1_cushing (file miscellaneous/Mars_Cave_Catalog_shapefile.csv, bundle README dated 2017-06-21)","priority=1; comment=APC -- end chain deep; APC_Diameter is major axis, rounded to nearest 5 m (MGC3 archive description C-6)"
mars,APC035,-18.10693,237.90637,75.0,,,,76.0,,APC,Cushing2015_MGC3v1,"Mars Global Cave Candidate Catalog (MGC3) v1 PDS4 bundle, Cushing G.E., doi:10.17189/1519222, mars_cave_catalog.zip via https://astrogeology.usgs.gov/search/map/mars_global_cave_candidate_catalog_v1_cushing (file miscellaneous/Mars_Cave_Catalog_shapefile.csv, bundle README dated 2017-06-21)","priority=1; comment=APC, irregular heart shape in AA? ~ questionable, just a dark floor?; APC_Diameter is major axis, rounded to nearest 5 m (MGC3 archive description C-6)"
mars,APC038,-1.85474,241.57855,80.0,,,,44.0,,APC,Cushing2015_MGC3v1,"Mars Global Cave Candidate Catalog (MGC3) v1 PDS4 bundle, Cushing G.E., doi:10.17189/1519222, mars_cave_catalog.zip via https://astrogeology.usgs.gov/search/map/mars_global_cave_candidate_catalog_v1_cushing (file miscellaneous/Mars_Cave_Catalog_shapefile.csv, bundle README dated 2017-06-21)","priority=1; comment=APC ~ squarish pit; APC_Diameter is major axis, rounded to nearest 5 m (MGC3 archive description C-6)"
mars,APC039,7.1543,255.63281,80.0,,,,71.0,,APC,Cushing2015_MGC3v1,"Mars Global Cave Candidate Catalog (MGC3) v1 PDS4 bundle, Cushing G.E., doi:10.17189/1519222, mars_cave_catalog.zip via https://astrogeology.usgs.gov/search/map/mars_global_cave_candidate_catalog_v1_cushing (file miscellaneous/Mars_Cave_Catalog_shapefile.csv, bundle README dated 2017-06-21)","priority=1; comment=APC; APC_Diameter is major axis, rounded to nearest 5 m (MGC3 archive description C-6)"
mars,APC040,-19.40198,238.81262,90.0,,,,82.0,,APC,Cushing2015_MGC3v1,"Mars Global Cave Candidate Catalog (MGC3) v1 PDS4 bundle, Cushing G.E., doi:10.17189/1519222, mars_cave_catalog.zip via https://astrogeology.usgs.gov/search/map/mars_global_cave_candidate_catalog_v1_cushing (file miscellaneous/Mars_Cave_Catalog_shapefile.csv, bundle README dated 2017-06-21)","priority=1; comment=Hourglass -- merged APCs? 185 long,22 m narrowest; APC_Diameter is major axis, rounded to nearest 5 m (MGC3 archive description C-6)"
mars,APC041,-1.02046,239.37476,90.0,,,,57.0,yes,APC,Cushing2015_MGC3v1,"Mars Global Cave Candidate Catalog (MGC3) v1 PDS4 bundle, Cushing G.E., doi:10.17189/1519222, mars_cave_catalog.zip via https://astrogeology.usgs.gov/search/map/mars_global_cave_candidate_catalog_v1_cushing (file miscellaneous/Mars_Cave_Catalog_shapefile.csv, bundle README dated 2017-06-21)","priority=1; comment=APC, 85m, 52deep; APC_Diameter is major axis, rounded to nearest 5 m (MGC3 archive description C-6)"
mars,APC042,-1.31,239.53999,90.0,,,,100.0,yes,APC,Cushing2015_MGC3v1,"Mars Global Cave Candidate Catalog (MGC3) v1 PDS4 bundle, Cushing G.E., doi:10.17189/1519222, mars_cave_catalog.zip via https://astrogeology.usgs.gov/search/map/mars_global_cave_candidate_catalog_v1_cushing (file miscellaneous/Mars_Cave_Catalog_shapefile.csv, bundle README dated 2017-06-21)","priority=1; comment=deep, nochain, 109m; APC_Diameter is major axis, rounded to nearest 5 m (MGC3 archive description C-6)"
mars,APC043,-1.36,239.66,90.0,,,,47.0,,APC,Cushing2015_MGC3v1,"Mars Global Cave Candidate Catalog (MGC3) v1 PDS4 bundle, Cushing G.E., doi:10.17189/1519222, mars_cave_catalog.zip via https://astrogeology.usgs.gov/search/map/mars_global_cave_candidate_catalog_v1_cushing (file miscellaneous/Mars_Cave_Catalog_shapefile.csv, bundle README dated 2017-06-21)","priority=1; comment=APC; APC_Diameter is major axis, rounded to nearest 5 m (MGC3 archive description C-6)"
mars,APC045,-2.04173,237.82822,95.0,,,,67.0,,APC,Cushing2015_MGC3v1,"Mars Global Cave Candidate Catalog (MGC3) v1 PDS4 bundle, Cushing G.E., doi:10.17189/1519222, mars_cave_catalog.zip via https://astrogeology.usgs.gov/search/map/mars_global_cave_candidate_catalog_v1_cushing (file miscellaneous/Mars_Cave_Catalog_shapefile.csv, bundle README dated 2017-06-21)","priority=0; comment=Probably Type I; APC_Diameter is major axis, rounded to nearest 5 m (MGC3 archive description C-6)"
mars,APC046,-14.87268,236.72449,100.0,,,,32.0,,APC,Cushing2015_MGC3v1,"Mars Global Cave Candidate Catalog (MGC3) v1 PDS4 bundle, Cushing G.E., doi:10.17189/1519222, mars_cave_catalog.zip via https://astrogeology.usgs.gov/search/map/mars_global_cave_candidate_catalog_v1_cushing (file miscellaneous/Mars_Cave_Catalog_shapefile.csv, bundle README dated 2017-06-21)","priority=1; comment=APC  nochain bearded -- no night thermal? 100m; APC_Diameter is major axis, rounded to nearest 5 m (MGC3 archive description C-6)"
mars,APC047,-14.5343,237.5336,125.0,,,,52.0,,APC,Cushing2015_MGC3v1,"Mars Global Cave Candidate Catalog (MGC3) v1 PDS4 bundle, Cushing G.E., doi:10.17189/1519222, mars_cave_catalog.zip via https://astrogeology.usgs.gov/search/map/mars_global_cave_candidate_catalog_v1_cushing (file miscellaneous/Mars_Cave_Catalog_shapefile.csv, bundle README dated 2017-06-21)","priority=1; comment=APC in chain; APC_Diameter is major axis, rounded to nearest 5 m (MGC3 archive description C-6)"
mars,APC048,-15.85,245.75,110.0,,,,102.0,,APC,Cushing2015_MGC3v1,"Mars Global Cave Candidate Catalog (MGC3) v1 PDS4 bundle, Cushing G.E., doi:10.17189/1519222, mars_cave_catalog.zip via https://astrogeology.usgs.gov/search/map/mars_global_cave_candidate_catalog_v1_cushing (file miscellaneous/Mars_Cave_Catalog_shapefile.csv, bundle README dated 2017-06-21)","priority=1; comment=APC; APC_Diameter is major axis, rounded to nearest 5 m (MGC3 archive description C-6)"
mars,APC049,-13.53717,241.25377,105.0,,,,80.0,,APC,Cushing2015_MGC3v1,"Mars Global Cave Candidate Catalog (MGC3) v1 PDS4 bundle, Cushing G.E., doi:10.17189/1519222, mars_cave_catalog.zip via https://astrogeology.usgs.gov/search/map/mars_global_cave_candidate_catalog_v1_cushing (file miscellaneous/Mars_Cave_Catalog_shapefile.csv, bundle README dated 2017-06-21)","priority=1; comment=APC irregular 105x176; APC_Diameter is major axis, rounded to nearest 5 m (MGC3 archive description C-6)"
mars,APC050,-0.31885,237.04492,110.0,,,,83.0,yes,APC,Cushing2015_MGC3v1,"Mars Global Cave Candidate Catalog (MGC3) v1 PDS4 bundle, Cushing G.E., doi:10.17189/1519222, mars_cave_catalog.zip via https://astrogeology.usgs.gov/search/map/mars_global_cave_candidate_catalog_v1_cushing (file miscellaneous/Mars_Cave_Catalog_shapefile.csv, bundle README dated 2017-06-21)","priority=1; comment=APC deep super pair; APC_Diameter is major axis, rounded to nearest 5 m (MGC3 archive description C-6)"
mars,APC051,-13.6178,238.86719,110.0,,,,50.0,,APC,Cushing2015_MGC3v1,"Mars Global Cave Candidate Catalog (MGC3) v1 PDS4 bundle, Cushing G.E., doi:10.17189/1519222, mars_cave_catalog.zip via https://astrogeology.usgs.gov/search/map/mars_global_cave_candidate_catalog_v1_cushing (file miscellaneous/Mars_Cave_Catalog_shapefile.csv, bundle README dated 2017-06-21)","priority=1; comment=APC nochain b=102; APC_Diameter is major axis, rounded to nearest 5 m (MGC3 archive description C-6)"
mars,APC052,-1.67,239.64,110.0,,,,55.0,,APC,Cushing2015_MGC3v1,"Mars Global Cave Candidate Catalog (MGC3) v1 PDS4 bundle, Cushing G.E., doi:10.17189/1519222, mars_cave_catalog.zip via https://astrogeology.usgs.gov/search/map/mars_global_cave_candidate_catalog_v1_cushing (file miscellaneous/Mars_Cave_Catalog_shapefile.csv, bundle README dated 2017-06-21)","priority=1; comment=APC; APC_Diameter is major axis, rounded to nearest 5 m (MGC3 archive description C-6)"
mars,APC053,-11.35315,239.90436,110.0,,,,66.0,,APC,Cushing2015_MGC3v1,"Mars Global Cave Candidate Catalog (MGC3) v1 PDS4 bundle, Cushing G.E., doi:10.17189/1519222, mars_cave_catalog.zip via https://astrogeology.usgs.gov/search/map/mars_global_cave_candidate_catalog_v1_cushing (file miscellaneous/Mars_Cave_Catalog_shapefile.csv, bundle README dated 2017-06-21)","priority=1; comment=APC near chains; APC_Diameter is major axis, rounded to nearest 5 m (MGC3 archive description C-6)"
mars,APC054,0.33252,249.21777,109.0,,,,67.0,,APC,Cushing2015_MGC3v1,"Mars Global Cave Candidate Catalog (MGC3) v1 PDS4 bundle, Cushing G.E., doi:10.17189/1519222, mars_cave_catalog.zip via https://astrogeology.usgs.gov/search/map/mars_global_cave_candidate_catalog_v1_cushing (file miscellaneous/Mars_Cave_Catalog_shapefile.csv, bundle README dated 2017-06-21)","priority=1; comment=APC in graben, 120m irregular; APC_Diameter is major axis, rounded to nearest 5 m (MGC3 archive description C-6)"
mars,APC055,21.79194,252.70079,112.0,,,,78.0,,APC,Cushing2015_MGC3v1,"Mars Global Cave Candidate Catalog (MGC3) v1 PDS4 bundle, Cushing G.E., doi:10.17189/1519222, mars_cave_catalog.zip via https://astrogeology.usgs.gov/search/map/mars_global_cave_candidate_catalog_v1_cushing (file miscellaneous/Mars_Cave_Catalog_shapefile.csv, bundle README dated 2017-06-21)","priority=1; comment=2 Channel edge mystery spots; APC_Diameter is major axis, rounded to nearest 5 m (MGC3 archive description C-6)"
mars,APC056,-0.33545,237.05029,115.0,,,,86.0,yes,APC,Cushing2015_MGC3v1,"Mars Global Cave Candidate Catalog (MGC3) v1 PDS4 bundle, Cushing G.E., doi:10.17189/1519222, mars_cave_catalog.zip via https://astrogeology.usgs.gov/search/map/mars_global_cave_candidate_catalog_v1_cushing (file miscellaneous/Mars_Cave_Catalog_shapefile.csv, bundle README dated 2017-06-21)","priority=1; comment=APC deep super pair; APC_Diameter is major axis, rounded to nearest 5 m (MGC3 archive description C-6)"
mars,APC057,-14.36212,238.30899,115.0,,,,39.0,,APC,Cushing2015_MGC3v1,"Mars Global Cave Candidate Catalog (MGC3) v1 PDS4 bundle, Cushing G.E., doi:10.17189/1519222, mars_cave_catalog.zip via https://astrogeology.usgs.gov/search/map/mars_global_cave_candidate_catalog_v1_cushing (file miscellaneous/Mars_Cave_Catalog_shapefile.csv, bundle README dated 2017-06-21)","priority=1; comment=APC 144m  dark material inside? possible vent; APC_Diameter is major axis, rounded to nearest 5 m (MGC3 archive description C-6)"
mars,APC058,1.43201,249.76453,115.0,,,,82.0,,APC,Cushing2015_MGC3v1,"Mars Global Cave Candidate Catalog (MGC3) v1 PDS4 bundle, Cushing G.E., doi:10.17189/1519222, mars_cave_catalog.zip via https://astrogeology.usgs.gov/search/map/mars_global_cave_candidate_catalog_v1_cushing (file miscellaneous/Mars_Cave_Catalog_shapefile.csv, bundle README dated 2017-06-21)","priority=1; comment=APC ~120m?; APC_Diameter is major axis, rounded to nearest 5 m (MGC3 archive description C-6)"
mars,APC059,2.04565,232.81274,118.0,,,,71.0,,APC,Cushing2015_MGC3v1,"Mars Global Cave Candidate Catalog (MGC3) v1 PDS4 bundle, Cushing G.E., doi:10.17189/1519222, mars_cave_catalog.zip via https://astrogeology.usgs.gov/search/map/mars_global_cave_candidate_catalog_v1_cushing (file miscellaneous/Mars_Cave_Catalog_shapefile.csv, bundle README dated 2017-06-21)","priority=1; comment=APC - Type II; APC_Diameter is major axis, rounded to nearest 5 m (MGC3 archive description C-6)"
mars,APC060,-11.72388,237.0083,120.0,,,,68.0,,APC,Cushing2015_MGC3v1,"Mars Global Cave Candidate Catalog (MGC3) v1 PDS4 bundle, Cushing G.E., doi:10.17189/1519222, mars_cave_catalog.zip via https://astrogeology.usgs.gov/search/map/mars_global_cave_candidate_catalog_v1_cushing (file miscellaneous/Mars_Cave_Catalog_shapefile.csv, bundle README dated 2017-06-21)","priority=1; comment=APC; APC_Diameter is major axis, rounded to nearest 5 m (MGC3 archive description C-6)"
mars,APC061,-7.17221,240.90152,119.0,,,,55.0,,APC,Cushing2015_MGC3v1,"Mars Global Cave Candidate Catalog (MGC3) v1 PDS4 bundle, Cushing G.E., doi:10.17189/1519222, mars_cave_catalog.zip via https://astrogeology.usgs.gov/search/map/mars_global_cave_candidate_catalog_v1_cushing (file miscellaneous/Mars_Cave_Catalog_shapefile.csv, bundle README dated 2017-06-21)","priority=0; comment=APC nochain; APC_Diameter is major axis, rounded to nearest 5 m (MGC3 archive description C-6)"
mars,APC062,-17.21,236.50999,130.0,,,,85.0,,APC,Cushing2015_MGC3v1,"Mars Global Cave Candidate Catalog (MGC3) v1 PDS4 bundle, Cushing G.E., doi:10.17189/1519222, mars_cave_catalog.zip via https://astrogeology.usgs.gov/search/map/mars_global_cave_candidate_catalog_v1_cushing (file miscellaneous/Mars_Cave_Catalog_shapefile.csv, bundle README dated 2017-06-21)","priority=1; comment=APC nochain AA 150m; APC_Diameter is major axis, rounded to nearest 5 m (MGC3 archive description C-6)"
mars,APC063,-13.96,236.50999,125.0,,,,39.0,,APC,Cushing2015_MGC3v1,"Mars Global Cave Candidate Catalog (MGC3) v1 PDS4 bundle, Cushing G.E., doi:10.17189/1519222, mars_cave_catalog.zip via https://astrogeology.usgs.gov/search/map/mars_global_cave_candidate_catalog_v1_cushing (file miscellaneous/Mars_Cave_Catalog_shapefile.csv, bundle README dated 2017-06-21)","priority=1; comment=APC nochain; APC_Diameter is major axis, rounded to nearest 5 m (MGC3 archive description C-6)"
mars,APC064,-14.00342,237.49023,125.0,,,,44.0,,APC,Cushing2015_MGC3v1,"Mars Global Cave Candidate Catalog (MGC3) v1 PDS4 bundle, Cushing G.E., doi:10.17189/1519222, mars_cave_catalog.zip via https://astrogeology.usgs.gov/search/map/mars_global_cave_candidate_catalog_v1_cushing (file miscellaneous/Mars_Cave_Catalog_shapefile.csv, bundle README dated 2017-06-21)","priority=1; comment=APC  in chain; APC_Diameter is major axis, rounded to nearest 5 m (MGC3 archive description C-6)"
mars,APC065,-13.92,239.95,125.0,,,,59.0,,APC,Cushing2015_MGC3v1,"Mars Global Cave Candidate Catalog (MGC3) v1 PDS4 bundle, Cushing G.E., doi:10.17189/1519222, mars_cave_catalog.zip via https://astrogeology.usgs.gov/search/map/mars_global_cave_candidate_catalog_v1_cushing (file miscellaneous/Mars_Cave_Catalog_shapefile.csv, bundle README dated 2017-06-21)","priority=1; comment=APC nochain; APC_Diameter is major axis, rounded to nearest 5 m (MGC3 archive description C-6)"
mars,APC066,-14.06042,238.77234,130.0,,,,45.0,,APC,Cushing2015_MGC3v1,"Mars Global Cave Candidate Catalog (MGC3) v1 PDS4 bundle, Cushing G.E., doi:10.17189/1519222, mars_cave_catalog.zip via https://astrogeology.usgs.gov/search/map/mars_global_cave_candidate_catalog_v1_cushing (file miscellaneous/Mars_Cave_Catalog_shapefile.csv, bundle README dated 2017-06-21)","priority=1; comment=APC; APC_Diameter is major axis, rounded to nearest 5 m (MGC3 archive description C-6)"
mars,APC067,-14.84766,239.79077,130.0,,,,47.0,,APC,Cushing2015_MGC3v1,"Mars Global Cave Candidate Catalog (MGC3) v1 PDS4 bundle, Cushing G.E., doi:10.17189/1519222, mars_cave_catalog.zip via https://astrogeology.usgs.gov/search/map/mars_global_cave_candidate_catalog_v1_cushing (file miscellaneous/Mars_Cave_Catalog_shapefile.csv, bundle README dated 2017-06-21)","priority=1; comment=APC inchain, 120m; APC_Diameter is major axis, rounded to nearest 5 m (MGC3 archive description C-6)"
mars,APC068,-6.713,240.53999,130.0,,,,93.0,,APC,Cushing2015_MGC3v1,"Mars Global Cave Candidate Catalog (MGC3) v1 PDS4 bundle, Cushing G.E., doi:10.17189/1519222, mars_cave_catalog.zip via https://astrogeology.usgs.gov/search/map/mars_global_cave_candidate_catalog_v1_cushing (file miscellaneous/Mars_Cave_Catalog_shapefile.csv, bundle README dated 2017-06-21)","priority=1; comment=APC Irregular, 128x95; APC_Diameter is major axis, rounded to nearest 5 m (MGC3 archive description C-6)"
mars,APC069,-14.20947,235.41211,159.0,,,,47.0,,APC,Cushing2015_MGC3v1,"Mars Global Cave Candidate Catalog (MGC3) v1 PDS4 bundle, Cushing G.E., doi:10.17189/1519222, mars_cave_catalog.zip via https://astrogeology.usgs.gov/search/map/mars_global_cave_candidate_catalog_v1_cushing (file miscellaneous/Mars_Cave_Catalog_shapefile.csv, bundle README dated 2017-06-21)","priority=1; comment=nochain; APC_Diameter is major axis, rounded to nearest 5 m (MGC3 archive description C-6)"
mars,APC070,-0.91003,239.46912,95.0,,,,67.0,,APC,Cushing2015_MGC3v1,"Mars Global Cave Candidate Catalog (MGC3) v1 PDS4 bundle, Cushing G.E., doi:10.17189/1519222, mars_cave_catalog.zip via https://astrogeology.usgs.gov/search/map/mars_global_cave_candidate_catalog_v1_cushing (file miscellaneous/Mars_Cave_Catalog_shapefile.csv, bundle README dated 2017-06-21)","priority=1; comment=Type I or II? No chain. Sloped upper rim above aperture.; APC_Diameter is major axis, rounded to nearest 5 m (MGC3 archive description C-6)"
mars,APC071,-13.84,240.02,140.0,,,,81.0,,APC,Cushing2015_MGC3v1,"Mars Global Cave Candidate Catalog (MGC3) v1 PDS4 bundle, Cushing G.E., doi:10.17189/1519222, mars_cave_catalog.zip via https://astrogeology.usgs.gov/search/map/mars_global_cave_candidate_catalog_v1_cushing (file miscellaneous/Mars_Cave_Catalog_shapefile.csv, bundle README dated 2017-06-21)","priority=1; comment=APC nochain; APC_Diameter is major axis, rounded to nearest 5 m (MGC3 archive description C-6)"
mars,APC072,-7.84,240.32001,170.0,,,,72.0,,APC,Cushing2015_MGC3v1,"Mars Global Cave Candidate Catalog (MGC3) v1 PDS4 bundle, Cushing G.E., doi:10.17189/1519222, mars_cave_catalog.zip via https://astrogeology.usgs.gov/search/map/mars_global_cave_candidate_catalog_v1_cushing (file miscellaneous/Mars_Cave_Catalog_shapefile.csv, bundle README dated 2017-06-21)","priority=1; comment=APC; APC_Diameter is major axis, rounded to nearest 5 m (MGC3 archive description C-6)"
mars,APC073,-16.33,245.89,150.0,,,,50.0,,APC,Cushing2015_MGC3v1,"Mars Global Cave Candidate Catalog (MGC3) v1 PDS4 bundle, Cushing G.E., doi:10.17189/1519222, mars_cave_catalog.zip via https://astrogeology.usgs.gov/search/map/mars_global_cave_candidate_catalog_v1_cushing (file miscellaneous/Mars_Cave_Catalog_shapefile.csv, bundle README dated 2017-06-21)","priority=0; comment=APC; APC_Diameter is major axis, rounded to nearest 5 m (MGC3 archive description C-6)"
mars,APC074,-13.94,239.22,180.0,,,,46.0,,APC,Cushing2015_MGC3v1,"Mars Global Cave Candidate Catalog (MGC3) v1 PDS4 bundle, Cushing G.E., doi:10.17189/1519222, mars_cave_catalog.zip via https://astrogeology.usgs.gov/search/map/mars_global_cave_candidate_catalog_v1_cushing (file miscellaneous/Mars_Cave_Catalog_shapefile.csv, bundle README dated 2017-06-21)","priority=0; comment=APC; APC_Diameter is major axis, rounded to nearest 5 m (MGC3 archive description C-6)"
mars,APC075,-5.5332,241.39307,165.0,,,,345.0,,APC,Cushing2015_MGC3v1,"Mars Global Cave Candidate Catalog (MGC3) v1 PDS4 bundle, Cushing G.E., doi:10.17189/1519222, mars_cave_catalog.zip via https://astrogeology.usgs.gov/search/map/mars_global_cave_candidate_catalog_v1_cushing (file miscellaneous/Mars_Cave_Catalog_shapefile.csv, bundle README dated 2017-06-21)","priority=0; comment=APC ~ Jeanne; APC_Diameter is major axis, rounded to nearest 5 m (MGC3 archive description C-6)"
mars,APC076,0.99561,235.40527,165.0,,,,114.0,,APC,Cushing2015_MGC3v1,"Mars Global Cave Candidate Catalog (MGC3) v1 PDS4 bundle, Cushing G.E., doi:10.17189/1519222, mars_cave_catalog.zip via https://astrogeology.usgs.gov/search/map/mars_global_cave_candidate_catalog_v1_cushing (file miscellaneous/Mars_Cave_Catalog_shapefile.csv, bundle README dated 2017-06-21)","priority=1; comment=APC, end of pit, inchain 162m; APC_Diameter is major axis, rounded to nearest 5 m (MGC3 archive description C-6)"
mars,APC077,-13.07,237.252,165.0,,,,71.0,,APC,Cushing2015_MGC3v1,"Mars Global Cave Candidate Catalog (MGC3) v1 PDS4 bundle, Cushing G.E., doi:10.17189/1519222, mars_cave_catalog.zip via https://astrogeology.usgs.gov/search/map/mars_global_cave_candidate_catalog_v1_cushing (file miscellaneous/Mars_Cave_Catalog_shapefile.csv, bundle README dated 2017-06-21)","priority=1; comment=APC; APC_Diameter is major axis, rounded to nearest 5 m (MGC3 archive description C-6)"
mars,APC078,-14.507,237.558,185.0,,,,88.0,,APC,Cushing2015_MGC3v1,"Mars Global Cave Candidate Catalog (MGC3) v1 PDS4 bundle, Cushing G.E., doi:10.17189/1519222, mars_cave_catalog.zip via https://astrogeology.usgs.gov/search/map/mars_global_cave_candidate_catalog_v1_cushing (file miscellaneous/Mars_Cave_Catalog_shapefile.csv, bundle README dated 2017-06-21)","priority=1; comment=APC; APC_Diameter is major axis, rounded to nearest 5 m (MGC3 archive description C-6)"
mars,APC079,-14.28,240.03999,175.0,,,,84.0,,APC,Cushing2015_MGC3v1,"Mars Global Cave Candidate Catalog (MGC3) v1 PDS4 bundle, Cushing G.E., doi:10.17189/1519222, mars_cave_catalog.zip via https://astrogeology.usgs.gov/search/map/mars_global_cave_candidate_catalog_v1_cushing (file miscellaneous/Mars_Cave_Catalog_shapefile.csv, bundle README dated 2017-06-21)","priority=0; comment=APC in chain b=164; APC_Diameter is major axis, rounded to nearest 5 m (MGC3 archive description C-6)"
mars,APC080,-12.6,236.62,180.0,,,,63.0,,APC,Cushing2015_MGC3v1,"Mars Global Cave Candidate Catalog (MGC3) v1 PDS4 bundle, Cushing G.E., doi:10.17189/1519222, mars_cave_catalog.zip via https://astrogeology.usgs.gov/search/map/mars_global_cave_candidate_catalog_v1_cushing (file miscellaneous/Mars_Cave_Catalog_shapefile.csv, bundle README dated 2017-06-21)","priority=1; comment=APC, nochain, on inflated tubeflow; APC_Diameter is major axis, rounded to nearest 5 m (MGC3 archive description C-6)"
mars,APC081,-18.901,238.11609,185.0,,,,112.0,,APC,Cushing2015_MGC3v1,"Mars Global Cave Candidate Catalog (MGC3) v1 PDS4 bundle, Cushing G.E., doi:10.17189/1519222, mars_cave_catalog.zip via https://astrogeology.usgs.gov/search/map/mars_global_cave_candidate_catalog_v1_cushing (file miscellaneous/Mars_Cave_Catalog_shapefile.csv, bundle README dated 2017-06-21)","priority=1; comment=APC dark nochain; APC_Diameter is major axis, rounded to nearest 5 m (MGC3 archive description C-6)"
mars,APC082,-6.31,239.02,185.0,,,,99.0,,APC,Cushing2015_MGC3v1,"Mars Global Cave Candidate Catalog (MGC3) v1 PDS4 bundle, Cushing G.E., doi:10.17189/1519222, mars_cave_catalog.zip via https://astrogeology.usgs.gov/search/map/mars_global_cave_candidate_catalog_v1_cushing (file miscellaneous/Mars_Cave_Catalog_shapefile.csv, bundle README dated 2017-06-21)","priority=1; comment=APC; APC_Diameter is major axis, rounded to nearest 5 m (MGC3 archive description C-6)"
mars,APC083,-13.38,239.53,190.0,,,,82.0,,APC,Cushing2015_MGC3v1,"Mars Global Cave Candidate Catalog (MGC3) v1 PDS4 bundle, Cushing G.E., doi:10.17189/1519222, mars_cave_catalog.zip via https://astrogeology.usgs.gov/search/map/mars_global_cave_candidate_catalog_v1_cushing (file miscellaneous/Mars_Cave_Catalog_shapefile.csv, bundle README dated 2017-06-21)","priority=1; comment=APC; APC_Diameter is major axis, rounded to nearest 5 m (MGC3 archive description C-6)"
mars,APC084,-0.45215,248.58008,190.0,,,,87.0,,APC,Cushing2015_MGC3v1,"Mars Global Cave Candidate Catalog (MGC3) v1 PDS4 bundle, Cushing G.E., doi:10.17189/1519222, mars_cave_catalog.zip via https://astrogeology.usgs.gov/search/map/mars_global_cave_candidate_catalog_v1_cushing (file miscellaneous/Mars_Cave_Catalog_shapefile.csv, bundle README dated 2017-06-21)","priority=1; comment=APC -- 7th grd class; APC_Diameter is major axis, rounded to nearest 5 m (MGC3 archive description C-6)"
mars,APC085,17.28099,247.55145,200.0,,,,59.0,,APC,Cushing2015_MGC3v1,"Mars Global Cave Candidate Catalog (MGC3) v1 PDS4 bundle, Cushing G.E., doi:10.17189/1519222, mars_cave_catalog.zip via https://astrogeology.usgs.gov/search/map/mars_global_cave_candidate_catalog_v1_cushing (file miscellaneous/Mars_Cave_Catalog_shapefile.csv, bundle README dated 2017-06-21)","priority=0; comment=Fanpit B; APC_Diameter is major axis, rounded to nearest 5 m (MGC3 archive description C-6)"
mars,APC086,-6.708,240.55,215.0,,,,161.0,,APC,Cushing2015_MGC3v1,"Mars Global Cave Candidate Catalog (MGC3) v1 PDS4 bundle, Cushing G.E., doi:10.17189/1519222, mars_cave_catalog.zip via https://astrogeology.usgs.gov/search/map/mars_global_cave_candidate_catalog_v1_cushing (file miscellaneous/Mars_Cave_Catalog_shapefile.csv, bundle README dated 2017-06-21)","priority=1; comment=APC -- dust mound under rim; APC_Diameter is major axis, rounded to nearest 5 m (MGC3 archive description C-6)"
mars,APC087,-19.57495,237.38794,230.0,,,,80.0,,APC,Cushing2015_MGC3v1,"Mars Global Cave Candidate Catalog (MGC3) v1 PDS4 bundle, Cushing G.E., doi:10.17189/1519222, mars_cave_catalog.zip via https://astrogeology.usgs.gov/search/map/mars_global_cave_candidate_catalog_v1_cushing (file miscellaneous/Mars_Cave_Catalog_shapefile.csv, bundle README dated 2017-06-21)","priority=1; comment=APC Elliot; APC_Diameter is major axis, rounded to nearest 5 m (MGC3 archive description C-6)"
mars,APC088,-17.10645,236.68213,235.0,,,,75.0,,APC,Cushing2015_MGC3v1,"Mars Global Cave Candidate Catalog (MGC3) v1 PDS4 bundle, Cushing G.E., doi:10.17189/1519222, mars_cave_catalog.zip via https://astrogeology.usgs.gov/search/map/mars_global_cave_candidate_catalog_v1_cushing (file miscellaneous/Mars_Cave_Catalog_shapefile.csv, bundle README dated 2017-06-21)","priority=1; comment=APC 324m shallow?; APC_Diameter is major axis, rounded to nearest 5 m (MGC3 archive description C-6)"
mars,APC089,-18.55,238.41,240.0,,,,80.0,,APC,Cushing2015_MGC3v1,"Mars Global Cave Candidate Catalog (MGC3) v1 PDS4 bundle, Cushing G.E., doi:10.17189/1519222, mars_cave_catalog.zip via https://astrogeology.usgs.gov/search/map/mars_global_cave_candidate_catalog_v1_cushing (file miscellaneous/Mars_Cave_Catalog_shapefile.csv, bundle README dated 2017-06-21)","priority=1; comment=APC, AA, nochain; APC_Diameter is major axis, rounded to nearest 5 m (MGC3 archive description C-6)"
mars,APC090,-10.59,237.05,250.0,,,,69.0,,APC,Cushing2015_MGC3v1,"Mars Global Cave Candidate Catalog (MGC3) v1 PDS4 bundle, Cushing G.E., doi:10.17189/1519222, mars_cave_catalog.zip via https://astrogeology.usgs.gov/search/map/mars_global_cave_candidate_catalog_v1_cushing (file miscellaneous/Mars_Cave_Catalog_shapefile.csv, bundle README dated 2017-06-21)","priority=1; comment=APC; APC_Diameter is major axis, rounded to nearest 5 m (MGC3 archive description C-6)"
mars,APC091,-6.52,240.03,250.0,,,,155.0,,APC,Cushing2015_MGC3v1,"Mars Global Cave Candidate Catalog (MGC3) v1 PDS4 bundle, Cushing G.E., doi:10.17189/1519222, mars_cave_catalog.zip via https://astrogeology.usgs.gov/search/map/mars_global_cave_candidate_catalog_v1_cushing (file miscellaneous/Mars_Cave_Catalog_shapefile.csv, bundle README dated 2017-06-21)","priority=1; comment=APC; APC_Diameter is major axis, rounded to nearest 5 m (MGC3 archive description C-6)"
mars,APC092,17.27168,247.54391,275.0,,,,167.0,,APC,Cushing2015_MGC3v1,"Mars Global Cave Candidate Catalog (MGC3) v1 PDS4 bundle, Cushing G.E., doi:10.17189/1519222, mars_cave_catalog.zip via https://astrogeology.usgs.gov/search/map/mars_global_cave_candidate_catalog_v1_cushing (file miscellaneous/Mars_Cave_Catalog_shapefile.csv, bundle README dated 2017-06-21)","priority=1; comment=Fanpit A; APC_Diameter is major axis, rounded to nearest 5 m (MGC3 archive description C-6)"
mars,APC093,-4.29,239.21001,285.0,,,,132.0,,APC,Cushing2015_MGC3v1,"Mars Global Cave Candidate Catalog (MGC3) v1 PDS4 bundle, Cushing G.E., doi:10.17189/1519222, mars_cave_catalog.zip via https://astrogeology.usgs.gov/search/map/mars_global_cave_candidate_catalog_v1_cushing (file miscellaneous/Mars_Cave_Catalog_shapefile.csv, bundle README dated 2017-06-21)","priority=1; comment=APC; APC_Diameter is major axis, rounded to nearest 5 m (MGC3 archive description C-6)"
mars,APC094,24.76974,259.35361,350.0,,,,128.0,,APC,Cushing2015_MGC3v1,"Mars Global Cave Candidate Catalog (MGC3) v1 PDS4 bundle, Cushing G.E., doi:10.17189/1519222, mars_cave_catalog.zip via https://astrogeology.usgs.gov/search/map/mars_global_cave_candidate_catalog_v1_cushing (file miscellaneous/Mars_Cave_Catalog_shapefile.csv, bundle README dated 2017-06-21)","priority=0; comment=Tractus3; APC_Diameter is major axis, rounded to nearest 5 m (MGC3 archive description C-6)"
mars,APC095,26.16333,259.34521,375.0,,,,183.0,,APC,Cushing2015_MGC3v1,"Mars Global Cave Candidate Catalog (MGC3) v1 PDS4 bundle, Cushing G.E., doi:10.17189/1519222, mars_cave_catalog.zip via https://astrogeology.usgs.gov/search/map/mars_global_cave_candidate_catalog_v1_cushing (file miscellaneous/Mars_Cave_Catalog_shapefile.csv, bundle README dated 2017-06-21)","priority=0; comment=Tractus1; APC_Diameter is major axis, rounded to nearest 5 m (MGC3 archive description C-6)"
mars,APC096,-19.46,237.56,475.0,,,,124.0,,APC,Cushing2015_MGC3v1,"Mars Global Cave Candidate Catalog (MGC3) v1 PDS4 bundle, Cushing G.E., doi:10.17189/1519222, mars_cave_catalog.zip via https://astrogeology.usgs.gov/search/map/mars_global_cave_candidate_catalog_v1_cushing (file miscellaneous/Mars_Cave_Catalog_shapefile.csv, bundle README dated 2017-06-21)","priority=1; comment=Hayden, 540m nochain; APC_Diameter is major axis, rounded to nearest 5 m (MGC3 archive description C-6)"
mars,APC098,-16.25,245.85001,150.0,,,,50.0,,APC,Cushing2015_MGC3v1,"Mars Global Cave Candidate Catalog (MGC3) v1 PDS4 bundle, Cushing G.E., doi:10.17189/1519222, mars_cave_catalog.zip via https://astrogeology.usgs.gov/search/map/mars_global_cave_candidate_catalog_v1_cushing (file miscellaneous/Mars_Cave_Catalog_shapefile.csv, bundle README dated 2017-06-21)","priority=0; comment=APC; APC_Diameter is major axis, rounded to nearest 5 m (MGC3 archive description C-6)"
mars,APC099,-17.46004,242.52991,215.0,,,,151.0,,APC,Cushing2015_MGC3v1,"Mars Global Cave Candidate Catalog (MGC3) v1 PDS4 bundle, Cushing G.E., doi:10.17189/1519222, mars_cave_catalog.zip via https://astrogeology.usgs.gov/search/map/mars_global_cave_candidate_catalog_v1_cushing (file miscellaneous/Mars_Cave_Catalog_shapefile.csv, bundle README dated 2017-06-21)","priority=0; comment=APC; APC_Diameter is major axis, rounded to nearest 5 m (MGC3 archive description C-6)"
mars,APC100,-8.11974,234.96259,130.0,,,,80.0,,APC,Cushing2015_MGC3v1,"Mars Global Cave Candidate Catalog (MGC3) v1 PDS4 bundle, Cushing G.E., doi:10.17189/1519222, mars_cave_catalog.zip via https://astrogeology.usgs.gov/search/map/mars_global_cave_candidate_catalog_v1_cushing (file miscellaneous/Mars_Cave_Catalog_shapefile.csv, bundle README dated 2017-06-21)","priority=1; comment=135 x 90, depth may be wrong if interior is dark material.; APC_Diameter is major axis, rounded to nearest 5 m (MGC3 archive description C-6)"
mars,APC101,-13.67523,239.4024,430.0,,,,138.0,,APC,Cushing2015_MGC3v1,"Mars Global Cave Candidate Catalog (MGC3) v1 PDS4 bundle, Cushing G.E., doi:10.17189/1519222, mars_cave_catalog.zip via https://astrogeology.usgs.gov/search/map/mars_global_cave_candidate_catalog_v1_cushing (file miscellaneous/Mars_Cave_Catalog_shapefile.csv, bundle README dated 2017-06-21)","priority=1; comment=Very large type III - Upper cliffs, sloped lower walls.; APC_Diameter is major axis, rounded to nearest 5 m (MGC3 archive description C-6)"
mars,APC102,-13.68152,239.42126,375.0,,,,103.0,,APC,Cushing2015_MGC3v1,"Mars Global Cave Candidate Catalog (MGC3) v1 PDS4 bundle, Cushing G.E., doi:10.17189/1519222, mars_cave_catalog.zip via https://astrogeology.usgs.gov/search/map/mars_global_cave_candidate_catalog_v1_cushing (file miscellaneous/Mars_Cave_Catalog_shapefile.csv, bundle README dated 2017-06-21)","priority=1; comment=Very large type III - Upper cliffs, sloped lower walls.; APC_Diameter is major axis, rounded to nearest 5 m (MGC3 archive description C-6)"
mars,APC103,-13.68353,239.43823,520.0,,,,218.0,,APC,Cushing2015_MGC3v1,"Mars Global Cave Candidate Catalog (MGC3) v1 PDS4 bundle, Cushing G.E., doi:10.17189/1519222, mars_cave_catalog.zip via https://astrogeology.usgs.gov/search/map/mars_global_cave_candidate_catalog_v1_cushing (file miscellaneous/Mars_Cave_Catalog_shapefile.csv, bundle README dated 2017-06-21)","priority=1; comment=Very large type III - Upper cliffs, sloped lower walls.; APC_Diameter is major axis, rounded to nearest 5 m (MGC3 archive description C-6)"
mars,APC104,-6.36218,238.6571,130.0,,,,57.0,,APC,Cushing2015_MGC3v1,"Mars Global Cave Candidate Catalog (MGC3) v1 PDS4 bundle, Cushing G.E., doi:10.17189/1519222, mars_cave_catalog.zip via https://astrogeology.usgs.gov/search/map/mars_global_cave_candidate_catalog_v1_cushing (file miscellaneous/Mars_Cave_Catalog_shapefile.csv, bundle README dated 2017-06-21)","priority=0; comment=APC; APC_Diameter is major axis, rounded to nearest 5 m (MGC3 archive description C-6)"
mars,APC105,-13.08098,236.53902,190.0,,,,47.0,,APC,Cushing2015_MGC3v1,"Mars Global Cave Candidate Catalog (MGC3) v1 PDS4 bundle, Cushing G.E., doi:10.17189/1519222, mars_cave_catalog.zip via https://astrogeology.usgs.gov/search/map/mars_global_cave_candidate_catalog_v1_cushing (file miscellaneous/Mars_Cave_Catalog_shapefile.csv, bundle README dated 2017-06-21)","priority=1; comment=APC; APC_Diameter is major axis, rounded to nearest 5 m (MGC3 archive description C-6)"
mars,APC106,28.58124,139.13029,255.0,,,,92.0,,APC,Cushing2015_MGC3v1,"Mars Global Cave Candidate Catalog (MGC3) v1 PDS4 bundle, Cushing G.E., doi:10.17189/1519222, mars_cave_catalog.zip via https://astrogeology.usgs.gov/search/map/mars_global_cave_candidate_catalog_v1_cushing (file miscellaneous/Mars_Cave_Catalog_shapefile.csv, bundle README dated 2017-06-21)","priority=1; comment=sloped floor?; APC_Diameter is major axis, rounded to nearest 5 m (MGC3 archive description C-6)"
mars,APC107,28.58714,139.71429,160.0,,,,34.0,,APC,Cushing2015_MGC3v1,"Mars Global Cave Candidate Catalog (MGC3) v1 PDS4 bundle, Cushing G.E., doi:10.17189/1519222, mars_cave_catalog.zip via https://astrogeology.usgs.gov/search/map/mars_global_cave_candidate_catalog_v1_cushing (file miscellaneous/Mars_Cave_Catalog_shapefile.csv, bundle README dated 2017-06-21)","priority=1; comment=in chain - Elysium; APC_Diameter is major axis, rounded to nearest 5 m (MGC3 archive description C-6)"
mars,APC108,28.53275,139.92792,360.0,,,,105.0,,APC,Cushing2015_MGC3v1,"Mars Global Cave Candidate Catalog (MGC3) v1 PDS4 bundle, Cushing G.E., doi:10.17189/1519222, mars_cave_catalog.zip via https://astrogeology.usgs.gov/search/map/mars_global_cave_candidate_catalog_v1_cushing (file miscellaneous/Mars_Cave_Catalog_shapefile.csv, bundle README dated 2017-06-21)","priority=1; comment=in chain - Elysium 3+; APC_Diameter is major axis, rounded to nearest 5 m (MGC3 archive description C-6)"
mars,APC109,29.70285,139.32889,240.0,,,,74.0,,APC,Cushing2015_MGC3v1,"Mars Global Cave Candidate Catalog (MGC3) v1 PDS4 bundle, Cushing G.E., doi:10.17189/1519222, mars_cave_catalog.zip via https://astrogeology.usgs.gov/search/map/mars_global_cave_candidate_catalog_v1_cushing (file miscellaneous/Mars_Cave_Catalog_shapefile.csv, bundle README dated 2017-06-21)","priority=1; comment=220x260ish; APC_Diameter is major axis, rounded to nearest 5 m (MGC3 archive description C-6)"
mars,APC110,29.71901,139.68954,115.0,,,,43.0,,APC,Cushing2015_MGC3v1,"Mars Global Cave Candidate Catalog (MGC3) v1 PDS4 bundle, Cushing G.E., doi:10.17189/1519222, mars_cave_catalog.zip via https://astrogeology.usgs.gov/search/map/mars_global_cave_candidate_catalog_v1_cushing (file miscellaneous/Mars_Cave_Catalog_shapefile.csv, bundle README dated 2017-06-21)","priority=1; comment=near trough rim -- Elysium; APC_Diameter is major axis, rounded to nearest 5 m (MGC3 archive description C-6)"
mars,APC111,29.26669,142.10928,160.0,,,,55.0,,APC,Cushing2015_MGC3v1,"Mars Global Cave Candidate Catalog (MGC3) v1 PDS4 bundle, Cushing G.E., doi:10.17189/1519222, mars_cave_catalog.zip via https://astrogeology.usgs.gov/search/map/mars_global_cave_candidate_catalog_v1_cushing (file miscellaneous/Mars_Cave_Catalog_shapefile.csv, bundle README dated 2017-06-21)","priority=1; comment=near Elysium ~160m; APC_Diameter is major axis, rounded to nearest 5 m (MGC3 archive description C-6)"
mars,APC112,24.76074,147.51294,100.0,,,,72.0,,APC,Cushing2015_MGC3v1,"Mars Global Cave Candidate Catalog (MGC3) v1 PDS4 bundle, Cushing G.E., doi:10.17189/1519222, mars_cave_catalog.zip via https://astrogeology.usgs.gov/search/map/mars_global_cave_candidate_catalog_v1_cushing (file miscellaneous/Mars_Cave_Catalog_shapefile.csv, bundle README dated 2017-06-21)","priority=1; comment=Good Elysium Type II APC; APC_Diameter is major axis, rounded to nearest 5 m (MGC3 archive description C-6)"
mars,APC113,22.53269,147.90822,270.0,,,,98.0,,APC,Cushing2015_MGC3v1,"Mars Global Cave Candidate Catalog (MGC3) v1 PDS4 bundle, Cushing G.E., doi:10.17189/1519222, mars_cave_catalog.zip via https://astrogeology.usgs.gov/search/map/mars_global_cave_candidate_catalog_v1_cushing (file miscellaneous/Mars_Cave_Catalog_shapefile.csv, bundle README dated 2017-06-21)","priority=1; comment=Elysium APC; APC_Diameter is major axis, rounded to nearest 5 m (MGC3 archive description C-6)"
mars,APC114,24.41968,148.73206,90.0,,,,20.0,,APC,Cushing2015_MGC3v1,"Mars Global Cave Candidate Catalog (MGC3) v1 PDS4 bundle, Cushing G.E., doi:10.17189/1519222, mars_cave_catalog.zip via https://astrogeology.usgs.gov/search/map/mars_global_cave_candidate_catalog_v1_cushing (file miscellaneous/Mars_Cave_Catalog_shapefile.csv, bundle README dated 2017-06-21)","priority=1; comment=~90m - maybe TypeII; APC_Diameter is major axis, rounded to nearest 5 m (MGC3 archive description C-6)"
mars,APC115,23.21488,149.91531,135.0,,,,74.0,,APC,Cushing2015_MGC3v1,"Mars Global Cave Candidate Catalog (MGC3) v1 PDS4 bundle, Cushing G.E., doi:10.17189/1519222, mars_cave_catalog.zip via https://astrogeology.usgs.gov/search/map/mars_global_cave_candidate_catalog_v1_cushing (file miscellaneous/Mars_Cave_Catalog_shapefile.csv, bundle README dated 2017-06-21)","priority=1; comment=Classic APC ~145m; APC_Diameter is major axis, rounded to nearest 5 m (MGC3 archive description C-6)"
mars,APC117,-13.94,236.07001,200.0,,,,84.0,,APC,Cushing2015_MGC3v1,"Mars Global Cave Candidate Catalog (MGC3) v1 PDS4 bundle, Cushing G.E., doi:10.17189/1519222, mars_cave_catalog.zip via https://astrogeology.usgs.gov/search/map/mars_global_cave_candidate_catalog_v1_cushing (file miscellaneous/Mars_Cave_Catalog_shapefile.csv, bundle README dated 2017-06-21)","priority=1; comment=APC, Circe; APC_Diameter is major axis, rounded to nearest 5 m (MGC3 archive description C-6)"
mars,APC118,-12.91895,238.13104,90.0,,,,30.0,,APC,Cushing2015_MGC3v1,"Mars Global Cave Candidate Catalog (MGC3) v1 PDS4 bundle, Cushing G.E., doi:10.17189/1519222, mars_cave_catalog.zip via https://astrogeology.usgs.gov/search/map/mars_global_cave_candidate_catalog_v1_cushing (file miscellaneous/Mars_Cave_Catalog_shapefile.csv, bundle README dated 2017-06-21)","priority=1; comment=APC -- Small type II?; APC_Diameter is major axis, rounded to nearest 5 m (MGC3 archive description C-6)"
mars,APC119,-6.75638,236.57077,250.0,,,,101.0,,APC,Cushing2015_MGC3v1,"Mars Global Cave Candidate Catalog (MGC3) v1 PDS4 bundle, Cushing G.E., doi:10.17189/1519222, mars_cave_catalog.zip via https://astrogeology.usgs.gov/search/map/mars_global_cave_candidate_catalog_v1_cushing (file miscellaneous/Mars_Cave_Catalog_shapefile.csv, bundle README dated 2017-06-21)","priority=1; comment=APC irregular 250x450 trough, In spread-out chain,; APC_Diameter is major axis, rounded to nearest 5 m (MGC3 archive description C-6)"
mars,APC120,-14.52867,237.54247,175.0,,,,88.0,yes,APC,Cushing2015_MGC3v1,"Mars Global Cave Candidate Catalog (MGC3) v1 PDS4 bundle, Cushing G.E., doi:10.17189/1519222, mars_cave_catalog.zip via https://astrogeology.usgs.gov/search/map/mars_global_cave_candidate_catalog_v1_cushing (file miscellaneous/Mars_Cave_Catalog_shapefile.csv, bundle README dated 2017-06-21)","priority=1; comment=APC in chain with Catalina, 105 deep,171 across; APC_Diameter is major axis, rounded to nearest 5 m (MGC3 archive description C-6)"
mars,APC121,25.23291,259.32642,425.0,,,,185.0,,APC,Cushing2015_MGC3v1,"Mars Global Cave Candidate Catalog (MGC3) v1 PDS4 bundle, Cushing G.E., doi:10.17189/1519222, mars_cave_catalog.zip via https://astrogeology.usgs.gov/search/map/mars_global_cave_candidate_catalog_v1_cushing (file miscellaneous/Mars_Cave_Catalog_shapefile.csv, bundle README dated 2017-06-21)","priority=0; comment=Tractus2; APC_Diameter is major axis, rounded to nearest 5 m (MGC3 archive description C-6)"
mars,APC122,-14.00238,235.15891,122.0,,,,41.0,,APC,Cushing2015_MGC3v1,"Mars Global Cave Candidate Catalog (MGC3) v1 PDS4 bundle, Cushing G.E., doi:10.17189/1519222, mars_cave_catalog.zip via https://astrogeology.usgs.gov/search/map/mars_global_cave_candidate_catalog_v1_cushing (file miscellaneous/Mars_Cave_Catalog_shapefile.csv, bundle README dated 2017-06-21)","priority=1; comment=nochain; APC_Diameter is major axis, rounded to nearest 5 m (MGC3 archive description C-6)"
mars,APC123,-11.86816,236.88135,210.0,,,,57.0,,APC,Cushing2015_MGC3v1,"Mars Global Cave Candidate Catalog (MGC3) v1 PDS4 bundle, Cushing G.E., doi:10.17189/1519222, mars_cave_catalog.zip via https://astrogeology.usgs.gov/search/map/mars_global_cave_candidate_catalog_v1_cushing (file miscellaneous/Mars_Cave_Catalog_shapefile.csv, bundle README dated 2017-06-21)","priority=1; comment=chain; APC_Diameter is major axis, rounded to nearest 5 m (MGC3 archive description C-6)"
mars,APC124,-14.66162,234.88623,250.0,,,,72.0,,APC,Cushing2015_MGC3v1,"Mars Global Cave Candidate Catalog (MGC3) v1 PDS4 bundle, Cushing G.E., doi:10.17189/1519222, mars_cave_catalog.zip via https://astrogeology.usgs.gov/search/map/mars_global_cave_candidate_catalog_v1_cushing (file miscellaneous/Mars_Cave_Catalog_shapefile.csv, bundle README dated 2017-06-21)","priority=1; comment=APC; APC_Diameter is major axis, rounded to nearest 5 m (MGC3 archive description C-6)"
mars,APC125,-14.9541,239.39124,137.0,,,,36.0,,APC,Cushing2015_MGC3v1,"Mars Global Cave Candidate Catalog (MGC3) v1 PDS4 bundle, Cushing G.E., doi:10.17189/1519222, mars_cave_catalog.zip via https://astrogeology.usgs.gov/search/map/mars_global_cave_candidate_catalog_v1_cushing (file miscellaneous/Mars_Cave_Catalog_shapefile.csv, bundle README dated 2017-06-21)","priority=1; comment=APC; APC_Diameter is major axis, rounded to nearest 5 m (MGC3 archive description C-6)"
mars,APC126,-14.95801,239.39099,125.0,,,,38.0,,APC,Cushing2015_MGC3v1,"Mars Global Cave Candidate Catalog (MGC3) v1 PDS4 bundle, Cushing G.E., doi:10.17189/1519222, mars_cave_catalog.zip via https://astrogeology.usgs.gov/search/map/mars_global_cave_candidate_catalog_v1_cushing (file miscellaneous/Mars_Cave_Catalog_shapefile.csv, bundle README dated 2017-06-21)","priority=1; comment=APC; APC_Diameter is major axis, rounded to nearest 5 m (MGC3 archive description C-6)"
mars,APC127,-13.75894,235.42731,105.0,,,,50.0,,APC,Cushing2015_MGC3v1,"Mars Global Cave Candidate Catalog (MGC3) v1 PDS4 bundle, Cushing G.E., doi:10.17189/1519222, mars_cave_catalog.zip via https://astrogeology.usgs.gov/search/map/mars_global_cave_candidate_catalog_v1_cushing (file miscellaneous/Mars_Cave_Catalog_shapefile.csv, bundle README dated 2017-06-21)","priority=1; comment=APC; APC_Diameter is major axis, rounded to nearest 5 m (MGC3 archive description C-6)"
mars,APC128,16.17691,255.81567,60.0,,,,41.0,,APC,Cushing2015_MGC3v1,"Mars Global Cave Candidate Catalog (MGC3) v1 PDS4 bundle, Cushing G.E., doi:10.17189/1519222, mars_cave_catalog.zip via https://astrogeology.usgs.gov/search/map/mars_global_cave_candidate_catalog_v1_cushing (file miscellaneous/Mars_Cave_Catalog_shapefile.csv, bundle README dated 2017-06-21)","priority=1; comment=APC ~ 60m; APC_Diameter is major axis, rounded to nearest 5 m (MGC3 archive description C-6)"
mars,APC129,-2.09052,231.87921,230.0,,,,105.0,,APC,Cushing2015_MGC3v1,"Mars Global Cave Candidate Catalog (MGC3) v1 PDS4 bundle, Cushing G.E., doi:10.17189/1519222, mars_cave_catalog.zip via https://astrogeology.usgs.gov/search/map/mars_global_cave_candidate_catalog_v1_cushing (file miscellaneous/Mars_Cave_Catalog_shapefile.csv, bundle README dated 2017-06-21)","priority=0; comment=Outstandingly perfect Type II APC; APC_Diameter is major axis, rounded to nearest 5 m (MGC3 archive description C-6)"
mars,APC130,21.52222,122.04605,110.0,,,,41.0,,APC,Cushing2015_MGC3v1,"Mars Global Cave Candidate Catalog (MGC3) v1 PDS4 bundle, Cushing G.E., doi:10.17189/1519222, mars_cave_catalog.zip via https://astrogeology.usgs.gov/search/map/mars_global_cave_candidate_catalog_v1_cushing (file miscellaneous/Mars_Cave_Catalog_shapefile.csv, bundle README dated 2017-06-21)","priority=1; comment=collapse pit kinda like an APC; APC_Diameter is major axis, rounded to nearest 5 m (MGC3 archive description C-6)"
mars,APC131,-13.52,239.25,170.0,,,,31.0,,APC,Cushing2015_MGC3v1,"Mars Global Cave Candidate Catalog (MGC3) v1 PDS4 bundle, Cushing G.E., doi:10.17189/1519222, mars_cave_catalog.zip via https://astrogeology.usgs.gov/search/map/mars_global_cave_candidate_catalog_v1_cushing (file miscellaneous/Mars_Cave_Catalog_shapefile.csv, bundle README dated 2017-06-21)","priority=0; comment=APC; APC_Diameter is major axis, rounded to nearest 5 m (MGC3 archive description C-6)"
mars,APC132,-4.28,242.42,130.0,,,,20.0,,APC,Cushing2015_MGC3v1,"Mars Global Cave Candidate Catalog (MGC3) v1 PDS4 bundle, Cushing G.E., doi:10.17189/1519222, mars_cave_catalog.zip via https://astrogeology.usgs.gov/search/map/mars_global_cave_candidate_catalog_v1_cushing (file miscellaneous/Mars_Cave_Catalog_shapefile.csv, bundle README dated 2017-06-21)","priority=0; comment=APC - Shallow or filled-in? Possible rim overhang; APC_Diameter is major axis, rounded to nearest 5 m (MGC3 archive description C-6)"
mars,APC133,30.53043,250.38254,140.0,,,,70.0,,APC,Cushing2015_MGC3v1,"Mars Global Cave Candidate Catalog (MGC3) v1 PDS4 bundle, Cushing G.E., doi:10.17189/1519222, mars_cave_catalog.zip via https://astrogeology.usgs.gov/search/map/mars_global_cave_candidate_catalog_v1_cushing (file miscellaneous/Mars_Cave_Catalog_shapefile.csv, bundle README dated 2017-06-21)","priority=1; comment=APC Lathrop contrib; APC_Diameter is major axis, rounded to nearest 5 m (MGC3 archive description C-6)"
mars,APC134,-2.49139,234.76642,100.0,,,,47.0,,APC,Cushing2015_MGC3v1,"Mars Global Cave Candidate Catalog (MGC3) v1 PDS4 bundle, Cushing G.E., doi:10.17189/1519222, mars_cave_catalog.zip via https://astrogeology.usgs.gov/search/map/mars_global_cave_candidate_catalog_v1_cushing (file miscellaneous/Mars_Cave_Catalog_shapefile.csv, bundle README dated 2017-06-21)","priority=1; comment=APC; APC_Diameter is major axis, rounded to nearest 5 m (MGC3 archive description C-6)"
mars,APC135,-2.3743,234.72192,110.0,,,,53.0,,APC,Cushing2015_MGC3v1,"Mars Global Cave Candidate Catalog (MGC3) v1 PDS4 bundle, Cushing G.E., doi:10.17189/1519222, mars_cave_catalog.zip via https://astrogeology.usgs.gov/search/map/mars_global_cave_candidate_catalog_v1_cushing (file miscellaneous/Mars_Cave_Catalog_shapefile.csv, bundle README dated 2017-06-21)","priority=1; comment=APC 110x80; APC_Diameter is major axis, rounded to nearest 5 m (MGC3 archive description C-6)"
mars,APC136,-2.36801,234.71857,90.0,,,,58.0,,APC,Cushing2015_MGC3v1,"Mars Global Cave Candidate Catalog (MGC3) v1 PDS4 bundle, Cushing G.E., doi:10.17189/1519222, mars_cave_catalog.zip via https://astrogeology.usgs.gov/search/map/mars_global_cave_candidate_catalog_v1_cushing (file miscellaneous/Mars_Cave_Catalog_shapefile.csv, bundle README dated 2017-06-21)","priority=1; comment=APC 90x75; APC_Diameter is major axis, rounded to nearest 5 m (MGC3 archive description C-6)"
mars,APC137,-2.35385,234.71356,75.0,,,,40.0,,APC,Cushing2015_MGC3v1,"Mars Global Cave Candidate Catalog (MGC3) v1 PDS4 bundle, Cushing G.E., doi:10.17189/1519222, mars_cave_catalog.zip via https://astrogeology.usgs.gov/search/map/mars_global_cave_candidate_catalog_v1_cushing (file miscellaneous/Mars_Cave_Catalog_shapefile.csv, bundle README dated 2017-06-21)","priority=1; comment=APC; APC_Diameter is major axis, rounded to nearest 5 m (MGC3 archive description C-6)"
mars,APC138,-18.64916,235.94041,135.0,,,,65.0,,APC,Cushing2015_MGC3v1,"Mars Global Cave Candidate Catalog (MGC3) v1 PDS4 bundle, Cushing G.E., doi:10.17189/1519222, mars_cave_catalog.zip via https://astrogeology.usgs.gov/search/map/mars_global_cave_candidate_catalog_v1_cushing (file miscellaneous/Mars_Cave_Catalog_shapefile.csv, bundle README dated 2017-06-21)","priority=1; comment=APC, dark, 135x90; APC_Diameter is major axis, rounded to nearest 5 m (MGC3 archive description C-6)"
mars,APC139,30.71753,250.46436,415.0,,,,168.0,,APC,Cushing2015_MGC3v1,"Mars Global Cave Candidate Catalog (MGC3) v1 PDS4 bundle, Cushing G.E., doi:10.17189/1519222, mars_cave_catalog.zip via https://astrogeology.usgs.gov/search/map/mars_global_cave_candidate_catalog_v1_cushing (file miscellaneous/Mars_Cave_Catalog_shapefile.csv, bundle README dated 2017-06-21)","priority=1; comment=Large ovoid APC 415x310 d=168  Lathrop contrib; APC_Diameter is major axis, rounded to nearest 5 m (MGC3 archive description C-6)"
mars,APC140,-4.35956,252.24725,,,,,91.0,yes,APC,Cushing2015_MGC3v1,"Mars Global Cave Candidate Catalog (MGC3) v1 PDS4 bundle, Cushing G.E., doi:10.17189/1519222, mars_cave_catalog.zip via https://astrogeology.usgs.gov/search/map/mars_global_cave_candidate_catalog_v1_cushing (file miscellaneous/Mars_Cave_Catalog_shapefile.csv, bundle README dated 2017-06-21)",priority=0; comment=Notcis Labyrinth APC - deep; overhang
mars,APC141,-24.78119,225.45862,110.0,,,,35.0,,APC,Cushing2015_MGC3v1,"Mars Global Cave Candidate Catalog (MGC3) v1 PDS4 bundle, Cushing G.E., doi:10.17189/1519222, mars_cave_catalog.zip via https://astrogeology.usgs.gov/search/map/mars_global_cave_candidate_catalog_v1_cushing (file miscellaneous/Mars_Cave_Catalog_shapefile.csv, bundle README dated 2017-06-21)","priority=0; comment=SW Daedalia APC; APC_Diameter is major axis, rounded to nearest 5 m (MGC3 archive description C-6)"
mars,CC0001,-5.37891,240.99414,,,,,,,con,Cushing2015_MGC3v1,"Mars Global Cave Candidate Catalog (MGC3) v1 PDS4 bundle, Cushing G.E., doi:10.17189/1519222, mars_cave_catalog.zip via https://astrogeology.usgs.gov/search/map/mars_global_cave_candidate_catalog_v1_cushing (file miscellaneous/Mars_Cave_Catalog_shapefile.csv, bundle README dated 2017-06-21)",priority=1; comment=connected tube?
mars,CC0002,-5.38513,240.99377,,,,,,,con,Cushing2015_MGC3v1,"Mars Global Cave Candidate Catalog (MGC3) v1 PDS4 bundle, Cushing G.E., doi:10.17189/1519222, mars_cave_catalog.zip via https://astrogeology.usgs.gov/search/map/mars_global_cave_candidate_catalog_v1_cushing (file miscellaneous/Mars_Cave_Catalog_shapefile.csv, bundle README dated 2017-06-21)",priority=1; comment=connected tube?
mars,CC0003,0.19116,253.87231,,,,,,,crk,Cushing2015_MGC3v1,"Mars Global Cave Candidate Catalog (MGC3) v1 PDS4 bundle, Cushing G.E., doi:10.17189/1519222, mars_cave_catalog.zip via https://astrogeology.usgs.gov/search/map/mars_global_cave_candidate_catalog_v1_cushing (file miscellaneous/Mars_Cave_Catalog_shapefile.csv, bundle README dated 2017-06-21)",priority=3; comment=Fractures in channel wall
mars,CC0004,6.12328,252.83438,,,,,,,crk,Cushing2015_MGC3v1,"Mars Global Cave Candidate Catalog (MGC3) v1 PDS4 bundle, Cushing G.E., doi:10.17189/1519222, mars_cave_catalog.zip via https://astrogeology.usgs.gov/search/map/mars_global_cave_candidate_catalog_v1_cushing (file miscellaneous/Mars_Cave_Catalog_shapefile.csv, bundle README dated 2017-06-21)",priority=3; comment=pit or fracture near deep trough
mars,CC0005,14.23633,258.42432,,,,,,,crk,Cushing2015_MGC3v1,"Mars Global Cave Candidate Catalog (MGC3) v1 PDS4 bundle, Cushing G.E., doi:10.17189/1519222, mars_cave_catalog.zip via https://astrogeology.usgs.gov/search/map/mars_global_cave_candidate_catalog_v1_cushing (file miscellaneous/Mars_Cave_Catalog_shapefile.csv, bundle README dated 2017-06-21)",priority=3; comment=Channel wall fracture candidate
mars,CC0006,8.3631,254.5296,,,,,,,crk,Cushing2015_MGC3v1,"Mars Global Cave Candidate Catalog (MGC3) v1 PDS4 bundle, Cushing G.E., doi:10.17189/1519222, mars_cave_catalog.zip via https://astrogeology.usgs.gov/search/map/mars_global_cave_candidate_catalog_v1_cushing (file miscellaneous/Mars_Cave_Catalog_shapefile.csv, bundle README dated 2017-06-21)",priority=3; comment=Channel
mars,CC0007,4.3313,254.03296,,,,,,,crk,Cushing2015_MGC3v1,"Mars Global Cave Candidate Catalog (MGC3) v1 PDS4 bundle, Cushing G.E., doi:10.17189/1519222, mars_cave_catalog.zip via https://astrogeology.usgs.gov/search/map/mars_global_cave_candidate_catalog_v1_cushing (file miscellaneous/Mars_Cave_Catalog_shapefile.csv, bundle README dated 2017-06-21)",priority=3; comment=fracture in channel wall
mars,CC0008,2.48972,231.4201,,,,,,,crk,Cushing2015_MGC3v1,"Mars Global Cave Candidate Catalog (MGC3) v1 PDS4 bundle, Cushing G.E., doi:10.17189/1519222, mars_cave_catalog.zip via https://astrogeology.usgs.gov/search/map/mars_global_cave_candidate_catalog_v1_cushing (file miscellaneous/Mars_Cave_Catalog_shapefile.csv, bundle README dated 2017-06-21)",priority=3; comment=Irregular pattern of graben fractures
mars,CC0009,-3.85303,235.46582,,,,,,,crk,Cushing2015_MGC3v1,"Mars Global Cave Candidate Catalog (MGC3) v1 PDS4 bundle, Cushing G.E., doi:10.17189/1519222, mars_cave_catalog.zip via https://astrogeology.usgs.gov/search/map/mars_global_cave_candidate_catalog_v1_cushing (file miscellaneous/Mars_Cave_Catalog_shapefile.csv, bundle README dated 2017-06-21)",priority=2; comment=Small rimless pit
mars,CC0010,-7.18286,241.06152,,,,,,,end,Cushing2015_MGC3v1,"Mars Global Cave Candidate Catalog (MGC3) v1 PDS4 bundle, Cushing G.E., doi:10.17189/1519222, mars_cave_catalog.zip via https://astrogeology.usgs.gov/search/map/mars_global_cave_candidate_catalog_v1_cushing (file miscellaneous/Mars_Cave_Catalog_shapefile.csv, bundle README dated 2017-06-21)",priority=2; comment=Deep pit in end of trough
mars,CC0011,21.50098,122.30542,,,,,,,pit,Cushing2015_MGC3v1,"Mars Global Cave Candidate Catalog (MGC3) v1 PDS4 bundle, Cushing G.E., doi:10.17189/1519222, mars_cave_catalog.zip via https://astrogeology.usgs.gov/search/map/mars_global_cave_candidate_catalog_v1_cushing (file miscellaneous/Mars_Cave_Catalog_shapefile.csv, bundle README dated 2017-06-21)",priority=0; comment=large deep Hephaestus pit
mars,CC0012,23.37192,144.03967,,,,,,,end,Cushing2015_MGC3v1,"Mars Global Cave Candidate Catalog (MGC3) v1 PDS4 bundle, Cushing G.E., doi:10.17189/1519222, mars_cave_catalog.zip via https://astrogeology.usgs.gov/search/map/mars_global_cave_candidate_catalog_v1_cushing (file miscellaneous/Mars_Cave_Catalog_shapefile.csv, bundle README dated 2017-06-21)",priority=2; comment=Discreet pit at end of trough
mars,CC0013,29.4056,141.00479,,,,,,,end,Cushing2015_MGC3v1,"Mars Global Cave Candidate Catalog (MGC3) v1 PDS4 bundle, Cushing G.E., doi:10.17189/1519222, mars_cave_catalog.zip via https://astrogeology.usgs.gov/search/map/mars_global_cave_candidate_catalog_v1_cushing (file miscellaneous/Mars_Cave_Catalog_shapefile.csv, bundle README dated 2017-06-21)",priority=2; comment=distal end of pit chain
mars,CC0014,29.83328,139.75941,,,,,,,end,Cushing2015_MGC3v1,"Mars Global Cave Candidate Catalog (MGC3) v1 PDS4 bundle, Cushing G.E., doi:10.17189/1519222, mars_cave_catalog.zip via https://astrogeology.usgs.gov/search/map/mars_global_cave_candidate_catalog_v1_cushing (file miscellaneous/Mars_Cave_Catalog_shapefile.csv, bundle README dated 2017-06-21)",priority=2; comment=end of trough
mars,CC0015,-6.66313,236.62215,,,,,,,end,Cushing2015_MGC3v1,"Mars Global Cave Candidate Catalog (MGC3) v1 PDS4 bundle, Cushing G.E., doi:10.17189/1519222, mars_cave_catalog.zip via https://astrogeology.usgs.gov/search/map/mars_global_cave_candidate_catalog_v1_cushing (file miscellaneous/Mars_Cave_Catalog_shapefile.csv, bundle README dated 2017-06-21)",priority=1; comment=upper end of trough - impact?
mars,CC0016,-20.14194,239.65182,,,,,,,end,Cushing2015_MGC3v1,"Mars Global Cave Candidate Catalog (MGC3) v1 PDS4 bundle, Cushing G.E., doi:10.17189/1519222, mars_cave_catalog.zip via https://astrogeology.usgs.gov/search/map/mars_global_cave_candidate_catalog_v1_cushing (file miscellaneous/Mars_Cave_Catalog_shapefile.csv, bundle README dated 2017-06-21)",priority=2; comment=Possible entrance at trough end where fault continues
mars,CC0017,-20.22433,239.63451,,,,,,,end,Cushing2015_MGC3v1,"Mars Global Cave Candidate Catalog (MGC3) v1 PDS4 bundle, Cushing G.E., doi:10.17189/1519222, mars_cave_catalog.zip via https://astrogeology.usgs.gov/search/map/mars_global_cave_candidate_catalog_v1_cushing (file miscellaneous/Mars_Cave_Catalog_shapefile.csv, bundle README dated 2017-06-21)",priority=3; comment=possible accesss beneath partially collapseed pit
mars,CC0018,10.57269,258.57367,,,,,,,end,Cushing2015_MGC3v1,"Mars Global Cave Candidate Catalog (MGC3) v1 PDS4 bundle, Cushing G.E., doi:10.17189/1519222, mars_cave_catalog.zip via https://astrogeology.usgs.gov/search/map/mars_global_cave_candidate_catalog_v1_cushing (file miscellaneous/Mars_Cave_Catalog_shapefile.csv, bundle README dated 2017-06-21)",priority=3; comment=pit at end of shallow chain
mars,CC0019,8.73511,257.21704,,,,,,,end,Cushing2015_MGC3v1,"Mars Global Cave Candidate Catalog (MGC3) v1 PDS4 bundle, Cushing G.E., doi:10.17189/1519222, mars_cave_catalog.zip via https://astrogeology.usgs.gov/search/map/mars_global_cave_candidate_catalog_v1_cushing (file miscellaneous/Mars_Cave_Catalog_shapefile.csv, bundle README dated 2017-06-21)",priority=2; comment=Black-looking hole at end of collapse trough
mars,CC0020,4.56909,254.74646,,,,,,,end,Cushing2015_MGC3v1,"Mars Global Cave Candidate Catalog (MGC3) v1 PDS4 bundle, Cushing G.E., doi:10.17189/1519222, mars_cave_catalog.zip via https://astrogeology.usgs.gov/search/map/mars_global_cave_candidate_catalog_v1_cushing (file miscellaneous/Mars_Cave_Catalog_shapefile.csv, bundle README dated 2017-06-21)",priority=3; comment=Channel tip
mars,CC0021,1.83636,255.41315,,,,,,,end,Cushing2015_MGC3v1,"Mars Global Cave Candidate Catalog (MGC3) v1 PDS4 bundle, Cushing G.E., doi:10.17189/1519222, mars_cave_catalog.zip via https://astrogeology.usgs.gov/search/map/mars_global_cave_candidate_catalog_v1_cushing (file miscellaneous/Mars_Cave_Catalog_shapefile.csv, bundle README dated 2017-06-21)",priority=0; comment=Large trough with overhang at end
mars,CC0022,6.23682,253.67383,,,,,,,end,Cushing2015_MGC3v1,"Mars Global Cave Candidate Catalog (MGC3) v1 PDS4 bundle, Cushing G.E., doi:10.17189/1519222, mars_cave_catalog.zip via https://astrogeology.usgs.gov/search/map/mars_global_cave_candidate_catalog_v1_cushing (file miscellaneous/Mars_Cave_Catalog_shapefile.csv, bundle README dated 2017-06-21)",priority=3; comment=End of collapse trough
mars,CC0023,1.24988,254.98621,,,,,,,end,Cushing2015_MGC3v1,"Mars Global Cave Candidate Catalog (MGC3) v1 PDS4 bundle, Cushing G.E., doi:10.17189/1519222, mars_cave_catalog.zip via https://astrogeology.usgs.gov/search/map/mars_global_cave_candidate_catalog_v1_cushing (file miscellaneous/Mars_Cave_Catalog_shapefile.csv, bundle README dated 2017-06-21)",priority=2; comment=Hole in end of collapse trough
mars,CC0024,-14.18007,241.75534,,,,,,,end,Cushing2015_MGC3v1,"Mars Global Cave Candidate Catalog (MGC3) v1 PDS4 bundle, Cushing G.E., doi:10.17189/1519222, mars_cave_catalog.zip via https://astrogeology.usgs.gov/search/map/mars_global_cave_candidate_catalog_v1_cushing (file miscellaneous/Mars_Cave_Catalog_shapefile.csv, bundle README dated 2017-06-21)",priority=2; comment=possible vent?
mars,CC0025,-6.68977,240.83023,,,,,,,end,Cushing2015_MGC3v1,"Mars Global Cave Candidate Catalog (MGC3) v1 PDS4 bundle, Cushing G.E., doi:10.17189/1519222, mars_cave_catalog.zip via https://astrogeology.usgs.gov/search/map/mars_global_cave_candidate_catalog_v1_cushing (file miscellaneous/Mars_Cave_Catalog_shapefile.csv, bundle README dated 2017-06-21)","priority=1; comment=Pit at end of trough, possibly under overhang"
mars,CC0026,28.78819,284.58795,,,,,,,end,Cushing2015_MGC3v1,"Mars Global Cave Candidate Catalog (MGC3) v1 PDS4 bundle, Cushing G.E., doi:10.17189/1519222, mars_cave_catalog.zip via https://astrogeology.usgs.gov/search/map/mars_global_cave_candidate_catalog_v1_cushing (file miscellaneous/Mars_Cave_Catalog_shapefile.csv, bundle README dated 2017-06-21)",priority=1; comment=Kasei Fracture Tip Cave ~ strong ~ i=49
mars,CC0027,30.01179,139.38675,,,,,,,flr,Cushing2015_MGC3v1,"Mars Global Cave Candidate Catalog (MGC3) v1 PDS4 bundle, Cushing G.E., doi:10.17189/1519222, mars_cave_catalog.zip via https://astrogeology.usgs.gov/search/map/mars_global_cave_candidate_catalog_v1_cushing (file miscellaneous/Mars_Cave_Catalog_shapefile.csv, bundle README dated 2017-06-21)",priority=2; comment=pit in trough floor
mars,CC0028,30.24073,140.94908,,,,,,,flr,Cushing2015_MGC3v1,"Mars Global Cave Candidate Catalog (MGC3) v1 PDS4 bundle, Cushing G.E., doi:10.17189/1519222, mars_cave_catalog.zip via https://astrogeology.usgs.gov/search/map/mars_global_cave_candidate_catalog_v1_cushing (file miscellaneous/Mars_Cave_Catalog_shapefile.csv, bundle README dated 2017-06-21)","priority=2; comment=depression in fracture floor, overhang?"
mars,CC0029,-3.87207,243.05322,,,,,,,flr,Cushing2015_MGC3v1,"Mars Global Cave Candidate Catalog (MGC3) v1 PDS4 bundle, Cushing G.E., doi:10.17189/1519222, mars_cave_catalog.zip via https://astrogeology.usgs.gov/search/map/mars_global_cave_candidate_catalog_v1_cushing (file miscellaneous/Mars_Cave_Catalog_shapefile.csv, bundle README dated 2017-06-21)",priority=2; comment=Pit in channel floor
mars,CC0030,-6.1698,243.7738,,,,,,,flr,Cushing2015_MGC3v1,"Mars Global Cave Candidate Catalog (MGC3) v1 PDS4 bundle, Cushing G.E., doi:10.17189/1519222, mars_cave_catalog.zip via https://astrogeology.usgs.gov/search/map/mars_global_cave_candidate_catalog_v1_cushing (file miscellaneous/Mars_Cave_Catalog_shapefile.csv, bundle README dated 2017-06-21)",priority=2; comment=Pit in channel flor skylight
mars,CC0031,-7.70654,244.19116,,,,,,,flr,Cushing2015_MGC3v1,"Mars Global Cave Candidate Catalog (MGC3) v1 PDS4 bundle, Cushing G.E., doi:10.17189/1519222, mars_cave_catalog.zip via https://astrogeology.usgs.gov/search/map/mars_global_cave_candidate_catalog_v1_cushing (file miscellaneous/Mars_Cave_Catalog_shapefile.csv, bundle README dated 2017-06-21)","priority=3; comment=Channel center deep pit, impact?"
mars,CC0032,1.86311,248.94623,,,,,,,flr,Cushing2015_MGC3v1,"Mars Global Cave Candidate Catalog (MGC3) v1 PDS4 bundle, Cushing G.E., doi:10.17189/1519222, mars_cave_catalog.zip via https://astrogeology.usgs.gov/search/map/mars_global_cave_candidate_catalog_v1_cushing (file miscellaneous/Mars_Cave_Catalog_shapefile.csv, bundle README dated 2017-06-21)",priority=2; comment=Pit floor pits
mars,CC0033,-7.18535,245.39297,,,,,,,flr,Cushing2015_MGC3v1,"Mars Global Cave Candidate Catalog (MGC3) v1 PDS4 bundle, Cushing G.E., doi:10.17189/1519222, mars_cave_catalog.zip via https://astrogeology.usgs.gov/search/map/mars_global_cave_candidate_catalog_v1_cushing (file miscellaneous/Mars_Cave_Catalog_shapefile.csv, bundle README dated 2017-06-21)",priority=2; comment=channel floor center
mars,CC0034,-1.1727,248.7941,,,,,,,flr,Cushing2015_MGC3v1,"Mars Global Cave Candidate Catalog (MGC3) v1 PDS4 bundle, Cushing G.E., doi:10.17189/1519222, mars_cave_catalog.zip via https://astrogeology.usgs.gov/search/map/mars_global_cave_candidate_catalog_v1_cushing (file miscellaneous/Mars_Cave_Catalog_shapefile.csv, bundle README dated 2017-06-21)",priority=3; comment=Channel edge floor
mars,CC0035,29.64915,348.87698,,,,,,,flr,Cushing2015_MGC3v1,"Mars Global Cave Candidate Catalog (MGC3) v1 PDS4 bundle, Cushing G.E., doi:10.17189/1519222, mars_cave_catalog.zip via https://astrogeology.usgs.gov/search/map/mars_global_cave_candidate_catalog_v1_cushing (file miscellaneous/Mars_Cave_Catalog_shapefile.csv, bundle README dated 2017-06-21)",priority=3; comment=Channel floor dark pit
mars,CC0036,-6.94916,244.17578,,,,,,,flr,Cushing2015_MGC3v1,"Mars Global Cave Candidate Catalog (MGC3) v1 PDS4 bundle, Cushing G.E., doi:10.17189/1519222, mars_cave_catalog.zip via https://astrogeology.usgs.gov/search/map/mars_global_cave_candidate_catalog_v1_cushing (file miscellaneous/Mars_Cave_Catalog_shapefile.csv, bundle README dated 2017-06-21)",priority=3; comment=Channel edge
mars,CC0037,5.11572,254.474,,,,,,,flr,Cushing2015_MGC3v1,"Mars Global Cave Candidate Catalog (MGC3) v1 PDS4 bundle, Cushing G.E., doi:10.17189/1519222, mars_cave_catalog.zip via https://astrogeology.usgs.gov/search/map/mars_global_cave_candidate_catalog_v1_cushing (file miscellaneous/Mars_Cave_Catalog_shapefile.csv, bundle README dated 2017-06-21)",priority=3; comment=Channel edge pit
mars,CC0038,5.73541,257.3432,,,,,,,flr,Cushing2015_MGC3v1,"Mars Global Cave Candidate Catalog (MGC3) v1 PDS4 bundle, Cushing G.E., doi:10.17189/1519222, mars_cave_catalog.zip via https://astrogeology.usgs.gov/search/map/mars_global_cave_candidate_catalog_v1_cushing (file miscellaneous/Mars_Cave_Catalog_shapefile.csv, bundle README dated 2017-06-21)",priority=3; comment=crater in channel with deep central pit
mars,CC0039,3.02271,253.43848,,,,,,,flr,Cushing2015_MGC3v1,"Mars Global Cave Candidate Catalog (MGC3) v1 PDS4 bundle, Cushing G.E., doi:10.17189/1519222, mars_cave_catalog.zip via https://astrogeology.usgs.gov/search/map/mars_global_cave_candidate_catalog_v1_cushing (file miscellaneous/Mars_Cave_Catalog_shapefile.csv, bundle README dated 2017-06-21)",priority=3; comment=channel floor candidate
mars,CC0040,10.92065,258.09717,,,,,,,flr,Cushing2015_MGC3v1,"Mars Global Cave Candidate Catalog (MGC3) v1 PDS4 bundle, Cushing G.E., doi:10.17189/1519222, mars_cave_catalog.zip via https://astrogeology.usgs.gov/search/map/mars_global_cave_candidate_catalog_v1_cushing (file miscellaneous/Mars_Cave_Catalog_shapefile.csv, bundle README dated 2017-06-21)",priority=3; comment=Channel pit
mars,CC0041,7.66431,252.67963,,,,,,,flr,Cushing2015_MGC3v1,"Mars Global Cave Candidate Catalog (MGC3) v1 PDS4 bundle, Cushing G.E., doi:10.17189/1519222, mars_cave_catalog.zip via https://astrogeology.usgs.gov/search/map/mars_global_cave_candidate_catalog_v1_cushing (file miscellaneous/Mars_Cave_Catalog_shapefile.csv, bundle README dated 2017-06-21)",priority=2; comment=Good channel edge candidate
mars,CC0042,10.63947,259.51233,,,,,,,flr,Cushing2015_MGC3v1,"Mars Global Cave Candidate Catalog (MGC3) v1 PDS4 bundle, Cushing G.E., doi:10.17189/1519222, mars_cave_catalog.zip via https://astrogeology.usgs.gov/search/map/mars_global_cave_candidate_catalog_v1_cushing (file miscellaneous/Mars_Cave_Catalog_shapefile.csv, bundle README dated 2017-06-21)",priority=3; comment=Channel floor
mars,CC0043,8.43481,257.66394,,,,,,,flr,Cushing2015_MGC3v1,"Mars Global Cave Candidate Catalog (MGC3) v1 PDS4 bundle, Cushing G.E., doi:10.17189/1519222, mars_cave_catalog.zip via https://astrogeology.usgs.gov/search/map/mars_global_cave_candidate_catalog_v1_cushing (file miscellaneous/Mars_Cave_Catalog_shapefile.csv, bundle README dated 2017-06-21)",priority=3; comment=Channel floor
mars,CC0044,1.14233,254.90845,,,,,,,flr,Cushing2015_MGC3v1,"Mars Global Cave Candidate Catalog (MGC3) v1 PDS4 bundle, Cushing G.E., doi:10.17189/1519222, mars_cave_catalog.zip via https://astrogeology.usgs.gov/search/map/mars_global_cave_candidate_catalog_v1_cushing (file miscellaneous/Mars_Cave_Catalog_shapefile.csv, bundle README dated 2017-06-21)",priority=3; comment=Sun-facing shadows in channel floor
mars,CC0045,9.02863,259.29132,,,,,,,flr,Cushing2015_MGC3v1,"Mars Global Cave Candidate Catalog (MGC3) v1 PDS4 bundle, Cushing G.E., doi:10.17189/1519222, mars_cave_catalog.zip via https://astrogeology.usgs.gov/search/map/mars_global_cave_candidate_catalog_v1_cushing (file miscellaneous/Mars_Cave_Catalog_shapefile.csv, bundle README dated 2017-06-21)",priority=3; comment=channel small rimless pit next to impact
mars,CC0046,4.56213,252.85071,,,,,,,flr,Cushing2015_MGC3v1,"Mars Global Cave Candidate Catalog (MGC3) v1 PDS4 bundle, Cushing G.E., doi:10.17189/1519222, mars_cave_catalog.zip via https://astrogeology.usgs.gov/search/map/mars_global_cave_candidate_catalog_v1_cushing (file miscellaneous/Mars_Cave_Catalog_shapefile.csv, bundle README dated 2017-06-21)",priority=2; comment=small dark small rimless pit in channel center
mars,CC0047,4.28308,254.02222,,,,,,,flr,Cushing2015_MGC3v1,"Mars Global Cave Candidate Catalog (MGC3) v1 PDS4 bundle, Cushing G.E., doi:10.17189/1519222, mars_cave_catalog.zip via https://astrogeology.usgs.gov/search/map/mars_global_cave_candidate_catalog_v1_cushing (file miscellaneous/Mars_Cave_Catalog_shapefile.csv, bundle README dated 2017-06-21)",priority=3; comment=Line of pits in vent channel
mars,CC0048,-6.98201,244.64355,,,,,,,flr,Cushing2015_MGC3v1,"Mars Global Cave Candidate Catalog (MGC3) v1 PDS4 bundle, Cushing G.E., doi:10.17189/1519222, mars_cave_catalog.zip via https://astrogeology.usgs.gov/search/map/mars_global_cave_candidate_catalog_v1_cushing (file miscellaneous/Mars_Cave_Catalog_shapefile.csv, bundle README dated 2017-06-21)",priority=2; comment=channel floor hole
mars,CC0049,-15.71522,241.08522,,,,,,,flr,Cushing2015_MGC3v1,"Mars Global Cave Candidate Catalog (MGC3) v1 PDS4 bundle, Cushing G.E., doi:10.17189/1519222, mars_cave_catalog.zip via https://astrogeology.usgs.gov/search/map/mars_global_cave_candidate_catalog_v1_cushing (file miscellaneous/Mars_Cave_Catalog_shapefile.csv, bundle README dated 2017-06-21)",priority=3; comment=channel floor smrp
mars,CC0050,-19.72817,242.55104,,,,,,,flr,Cushing2015_MGC3v1,"Mars Global Cave Candidate Catalog (MGC3) v1 PDS4 bundle, Cushing G.E., doi:10.17189/1519222, mars_cave_catalog.zip via https://astrogeology.usgs.gov/search/map/mars_global_cave_candidate_catalog_v1_cushing (file miscellaneous/Mars_Cave_Catalog_shapefile.csv, bundle README dated 2017-06-21)",priority=2; comment=channel floor pinholes
mars,CC0051,-19.72805,242.55046,,,,,,,flr,Cushing2015_MGC3v1,"Mars Global Cave Candidate Catalog (MGC3) v1 PDS4 bundle, Cushing G.E., doi:10.17189/1519222, mars_cave_catalog.zip via https://astrogeology.usgs.gov/search/map/mars_global_cave_candidate_catalog_v1_cushing (file miscellaneous/Mars_Cave_Catalog_shapefile.csv, bundle README dated 2017-06-21)",priority=2; comment=channel floor pinholes
mars,CC0052,-8.1178,243.59631,,,,,,,flr,Cushing2015_MGC3v1,"Mars Global Cave Candidate Catalog (MGC3) v1 PDS4 bundle, Cushing G.E., doi:10.17189/1519222, mars_cave_catalog.zip via https://astrogeology.usgs.gov/search/map/mars_global_cave_candidate_catalog_v1_cushing (file miscellaneous/Mars_Cave_Catalog_shapefile.csv, bundle README dated 2017-06-21)",priority=3; comment=graben-channel intersection
mars,CC0053,-12.27734,241.37207,,,,,,,flr,Cushing2015_MGC3v1,"Mars Global Cave Candidate Catalog (MGC3) v1 PDS4 bundle, Cushing G.E., doi:10.17189/1519222, mars_cave_catalog.zip via https://astrogeology.usgs.gov/search/map/mars_global_cave_candidate_catalog_v1_cushing (file miscellaneous/Mars_Cave_Catalog_shapefile.csv, bundle README dated 2017-06-21)",priority=2; comment=channel edge / floor
mars,CC0054,-14.46582,242.8667,,,,,,,flr,Cushing2015_MGC3v1,"Mars Global Cave Candidate Catalog (MGC3) v1 PDS4 bundle, Cushing G.E., doi:10.17189/1519222, mars_cave_catalog.zip via https://astrogeology.usgs.gov/search/map/mars_global_cave_candidate_catalog_v1_cushing (file miscellaneous/Mars_Cave_Catalog_shapefile.csv, bundle README dated 2017-06-21)",priority=3; comment=channel floor center
mars,CC0055,-18.35437,243.07037,,,,,,,flr,Cushing2015_MGC3v1,"Mars Global Cave Candidate Catalog (MGC3) v1 PDS4 bundle, Cushing G.E., doi:10.17189/1519222, mars_cave_catalog.zip via https://astrogeology.usgs.gov/search/map/mars_global_cave_candidate_catalog_v1_cushing (file miscellaneous/Mars_Cave_Catalog_shapefile.csv, bundle README dated 2017-06-21)",priority=1; comment=channel floor smrp
mars,CC0056,16.90201,257.5163,,,,,,,flr,Cushing2015_MGC3v1,"Mars Global Cave Candidate Catalog (MGC3) v1 PDS4 bundle, Cushing G.E., doi:10.17189/1519222, mars_cave_catalog.zip via https://astrogeology.usgs.gov/search/map/mars_global_cave_candidate_catalog_v1_cushing (file miscellaneous/Mars_Cave_Catalog_shapefile.csv, bundle README dated 2017-06-21)",priority=3; comment=Possible small pit at channel floor edge
mars,CC0057,-15.09371,240.56764,,,,,,,crk,Cushing2015_MGC3v1,"Mars Global Cave Candidate Catalog (MGC3) v1 PDS4 bundle, Cushing G.E., doi:10.17189/1519222, mars_cave_catalog.zip via https://astrogeology.usgs.gov/search/map/mars_global_cave_candidate_catalog_v1_cushing (file miscellaneous/Mars_Cave_Catalog_shapefile.csv, bundle README dated 2017-06-21)",priority=1; comment=Similar to North of Arsia
mars,CC0058,-15.09529,240.55136,,,,,,,crk,Cushing2015_MGC3v1,"Mars Global Cave Candidate Catalog (MGC3) v1 PDS4 bundle, Cushing G.E., doi:10.17189/1519222, mars_cave_catalog.zip via https://astrogeology.usgs.gov/search/map/mars_global_cave_candidate_catalog_v1_cushing (file miscellaneous/Mars_Cave_Catalog_shapefile.csv, bundle README dated 2017-06-21)",priority=1; comment=Similar to North of Arsia
mars,CC0059,-15.09581,240.5497,,,,,,,crk,Cushing2015_MGC3v1,"Mars Global Cave Candidate Catalog (MGC3) v1 PDS4 bundle, Cushing G.E., doi:10.17189/1519222, mars_cave_catalog.zip via https://astrogeology.usgs.gov/search/map/mars_global_cave_candidate_catalog_v1_cushing (file miscellaneous/Mars_Cave_Catalog_shapefile.csv, bundle README dated 2017-06-21)",priority=1; comment=Similar to North of Arsia
mars,CC0060,27.01245,302.84888,,,,,,,crk,Cushing2015_MGC3v1,"Mars Global Cave Candidate Catalog (MGC3) v1 PDS4 bundle, Cushing G.E., doi:10.17189/1519222, mars_cave_catalog.zip via https://astrogeology.usgs.gov/search/map/mars_global_cave_candidate_catalog_v1_cushing (file miscellaneous/Mars_Cave_Catalog_shapefile.csv, bundle README dated 2017-06-21)",priority=2; comment=Kasei collapse region i=65
mars,CC0061,27.06726,302.8446,,,,,,,crk,Cushing2015_MGC3v1,"Mars Global Cave Candidate Catalog (MGC3) v1 PDS4 bundle, Cushing G.E., doi:10.17189/1519222, mars_cave_catalog.zip via https://astrogeology.usgs.gov/search/map/mars_global_cave_candidate_catalog_v1_cushing (file miscellaneous/Mars_Cave_Catalog_shapefile.csv, bundle README dated 2017-06-21)",priority=2; comment=Kasei collapse region i=65
mars,CC0062,27.04687,303.43057,,,,,,,crk,Cushing2015_MGC3v1,"Mars Global Cave Candidate Catalog (MGC3) v1 PDS4 bundle, Cushing G.E., doi:10.17189/1519222, mars_cave_catalog.zip via https://astrogeology.usgs.gov/search/map/mars_global_cave_candidate_catalog_v1_cushing (file miscellaneous/Mars_Cave_Catalog_shapefile.csv, bundle README dated 2017-06-21)",priority=2; comment=Kasei collapse region i=42
mars,CC0063,22.48661,296.07401,,,,,,,crk,Cushing2015_MGC3v1,"Mars Global Cave Candidate Catalog (MGC3) v1 PDS4 bundle, Cushing G.E., doi:10.17189/1519222, mars_cave_catalog.zip via https://astrogeology.usgs.gov/search/map/mars_global_cave_candidate_catalog_v1_cushing (file miscellaneous/Mars_Cave_Catalog_shapefile.csv, bundle README dated 2017-06-21)",priority=2; comment=Kasei collapse region i=42 - dusty fracture
mars,CC0064,32.0254,296.53018,,,,,,,crk,Cushing2015_MGC3v1,"Mars Global Cave Candidate Catalog (MGC3) v1 PDS4 bundle, Cushing G.E., doi:10.17189/1519222, mars_cave_catalog.zip via https://astrogeology.usgs.gov/search/map/mars_global_cave_candidate_catalog_v1_cushing (file miscellaneous/Mars_Cave_Catalog_shapefile.csv, bundle README dated 2017-06-21)",priority=3; comment=Kasei narrow collapse fractures
mars,CC0065,31.91345,296.70981,,,,,,,crk,Cushing2015_MGC3v1,"Mars Global Cave Candidate Catalog (MGC3) v1 PDS4 bundle, Cushing G.E., doi:10.17189/1519222, mars_cave_catalog.zip via https://astrogeology.usgs.gov/search/map/mars_global_cave_candidate_catalog_v1_cushing (file miscellaneous/Mars_Cave_Catalog_shapefile.csv, bundle README dated 2017-06-21)",priority=2; comment=Kasei narrow collapse fractures
mars,CC0066,35.11383,240.02612,,,,,,,flr,Cushing2015_MGC3v1,"Mars Global Cave Candidate Catalog (MGC3) v1 PDS4 bundle, Cushing G.E., doi:10.17189/1519222, mars_cave_catalog.zip via https://astrogeology.usgs.gov/search/map/mars_global_cave_candidate_catalog_v1_cushing (file miscellaneous/Mars_Cave_Catalog_shapefile.csv, bundle README dated 2017-06-21)",priority=0; comment=candidates at edge of graben floor
mars,CC0067,35.1217,240.01738,,,,,,,flr,Cushing2015_MGC3v1,"Mars Global Cave Candidate Catalog (MGC3) v1 PDS4 bundle, Cushing G.E., doi:10.17189/1519222, mars_cave_catalog.zip via https://astrogeology.usgs.gov/search/map/mars_global_cave_candidate_catalog_v1_cushing (file miscellaneous/Mars_Cave_Catalog_shapefile.csv, bundle README dated 2017-06-21)",priority=0; comment=candidates at edge of graben floor
mars,CC0068,35.12909,240.02065,,,,,,,flr,Cushing2015_MGC3v1,"Mars Global Cave Candidate Catalog (MGC3) v1 PDS4 bundle, Cushing G.E., doi:10.17189/1519222, mars_cave_catalog.zip via https://astrogeology.usgs.gov/search/map/mars_global_cave_candidate_catalog_v1_cushing (file miscellaneous/Mars_Cave_Catalog_shapefile.csv, bundle README dated 2017-06-21)",priority=0; comment=candidates at edge of graben floor
mars,CC0069,-7.14942,245.35931,,,,,,,irr,Cushing2015_MGC3v1,"Mars Global Cave Candidate Catalog (MGC3) v1 PDS4 bundle, Cushing G.E., doi:10.17189/1519222, mars_cave_catalog.zip via https://astrogeology.usgs.gov/search/map/mars_global_cave_candidate_catalog_v1_cushing (file miscellaneous/Mars_Cave_Catalog_shapefile.csv, bundle README dated 2017-06-21)",priority=2; comment=irregular cavity in flow surface
mars,CC0070,-10.20605,242.39954,,,,,,,irr,Cushing2015_MGC3v1,"Mars Global Cave Candidate Catalog (MGC3) v1 PDS4 bundle, Cushing G.E., doi:10.17189/1519222, mars_cave_catalog.zip via https://astrogeology.usgs.gov/search/map/mars_global_cave_candidate_catalog_v1_cushing (file miscellaneous/Mars_Cave_Catalog_shapefile.csv, bundle README dated 2017-06-21)","priority=3; comment=black triangular spot, maybe just albedo"
mars,CC0071,-1.24042,251.51215,,,,,,,irr,Cushing2015_MGC3v1,"Mars Global Cave Candidate Catalog (MGC3) v1 PDS4 bundle, Cushing G.E., doi:10.17189/1519222, mars_cave_catalog.zip via https://astrogeology.usgs.gov/search/map/mars_global_cave_candidate_catalog_v1_cushing (file miscellaneous/Mars_Cave_Catalog_shapefile.csv, bundle README dated 2017-06-21)",priority=3; comment=irregular pit
mars,CC0072,4.54346,252.34583,,,,,,,irr,Cushing2015_MGC3v1,"Mars Global Cave Candidate Catalog (MGC3) v1 PDS4 bundle, Cushing G.E., doi:10.17189/1519222, mars_cave_catalog.zip via https://astrogeology.usgs.gov/search/map/mars_global_cave_candidate_catalog_v1_cushing (file miscellaneous/Mars_Cave_Catalog_shapefile.csv, bundle README dated 2017-06-21)",priority=3; comment=irregular smrp
mars,CC0073,5.59863,251.78555,,,,,,,irr,Cushing2015_MGC3v1,"Mars Global Cave Candidate Catalog (MGC3) v1 PDS4 bundle, Cushing G.E., doi:10.17189/1519222, mars_cave_catalog.zip via https://astrogeology.usgs.gov/search/map/mars_global_cave_candidate_catalog_v1_cushing (file miscellaneous/Mars_Cave_Catalog_shapefile.csv, bundle README dated 2017-06-21)",priority=3; comment=black spots in dark wind streaks
mars,CC0074,1.86072,255.92187,,,,,,,irr,Cushing2015_MGC3v1,"Mars Global Cave Candidate Catalog (MGC3) v1 PDS4 bundle, Cushing G.E., doi:10.17189/1519222, mars_cave_catalog.zip via https://astrogeology.usgs.gov/search/map/mars_global_cave_candidate_catalog_v1_cushing (file miscellaneous/Mars_Cave_Catalog_shapefile.csv, bundle README dated 2017-06-21)",priority=2; comment=irregular black spot - hole or albedo?
mars,CC0075,-0.70435,259.92126,,,,,,,irr,Cushing2015_MGC3v1,"Mars Global Cave Candidate Catalog (MGC3) v1 PDS4 bundle, Cushing G.E., doi:10.17189/1519222, mars_cave_catalog.zip via https://astrogeology.usgs.gov/search/map/mars_global_cave_candidate_catalog_v1_cushing (file miscellaneous/Mars_Cave_Catalog_shapefile.csv, bundle README dated 2017-06-21)",priority=3; comment=Very black hole in hilltop?
mars,CC0076,2.1377,252.01221,,,,,,,irr,Cushing2015_MGC3v1,"Mars Global Cave Candidate Catalog (MGC3) v1 PDS4 bundle, Cushing G.E., doi:10.17189/1519222, mars_cave_catalog.zip via https://astrogeology.usgs.gov/search/map/mars_global_cave_candidate_catalog_v1_cushing (file miscellaneous/Mars_Cave_Catalog_shapefile.csv, bundle README dated 2017-06-21)",priority=2; comment=irregular black spot  - induces wind streak
mars,CC0077,9.32043,258.01941,,,,,,,irr,Cushing2015_MGC3v1,"Mars Global Cave Candidate Catalog (MGC3) v1 PDS4 bundle, Cushing G.E., doi:10.17189/1519222, mars_cave_catalog.zip via https://astrogeology.usgs.gov/search/map/mars_global_cave_candidate_catalog_v1_cushing (file miscellaneous/Mars_Cave_Catalog_shapefile.csv, bundle README dated 2017-06-21)",priority=3; comment=irregular dark spot - hole or impact?
mars,CC0078,12.9342,258.17865,,,,,,,irr,Cushing2015_MGC3v1,"Mars Global Cave Candidate Catalog (MGC3) v1 PDS4 bundle, Cushing G.E., doi:10.17189/1519222, mars_cave_catalog.zip via https://astrogeology.usgs.gov/search/map/mars_global_cave_candidate_catalog_v1_cushing (file miscellaneous/Mars_Cave_Catalog_shapefile.csv, bundle README dated 2017-06-21)",priority=3; comment=irregular candidate in flow
mars,CC0079,8.88483,257.02332,,,,,,,irr,Cushing2015_MGC3v1,"Mars Global Cave Candidate Catalog (MGC3) v1 PDS4 bundle, Cushing G.E., doi:10.17189/1519222, mars_cave_catalog.zip via https://astrogeology.usgs.gov/search/map/mars_global_cave_candidate_catalog_v1_cushing (file miscellaneous/Mars_Cave_Catalog_shapefile.csv, bundle README dated 2017-06-21)",priority=3; comment=Features in complex flow terrain
mars,CC0080,3.34698,231.35086,,,,,,,irr,Cushing2015_MGC3v1,"Mars Global Cave Candidate Catalog (MGC3) v1 PDS4 bundle, Cushing G.E., doi:10.17189/1519222, mars_cave_catalog.zip via https://astrogeology.usgs.gov/search/map/mars_global_cave_candidate_catalog_v1_cushing (file miscellaneous/Mars_Cave_Catalog_shapefile.csv, bundle README dated 2017-06-21)",priority=3; comment=Irregular small rimless pit
mars,CC0081,-2.84131,237.37354,,,,,,,irr,Cushing2015_MGC3v1,"Mars Global Cave Candidate Catalog (MGC3) v1 PDS4 bundle, Cushing G.E., doi:10.17189/1519222, mars_cave_catalog.zip via https://astrogeology.usgs.gov/search/map/mars_global_cave_candidate_catalog_v1_cushing (file miscellaneous/Mars_Cave_Catalog_shapefile.csv, bundle README dated 2017-06-21)",priority=3; comment=channel
mars,CC0082,1.96167,230.44043,,,,,,,irr,Cushing2015_MGC3v1,"Mars Global Cave Candidate Catalog (MGC3) v1 PDS4 bundle, Cushing G.E., doi:10.17189/1519222, mars_cave_catalog.zip via https://astrogeology.usgs.gov/search/map/mars_global_cave_candidate_catalog_v1_cushing (file miscellaneous/Mars_Cave_Catalog_shapefile.csv, bundle README dated 2017-06-21)",priority=3; comment=alt candidate
mars,CC0083,0.04688,234.62036,,,,,,,irr,Cushing2015_MGC3v1,"Mars Global Cave Candidate Catalog (MGC3) v1 PDS4 bundle, Cushing G.E., doi:10.17189/1519222, mars_cave_catalog.zip via https://astrogeology.usgs.gov/search/map/mars_global_cave_candidate_catalog_v1_cushing (file miscellaneous/Mars_Cave_Catalog_shapefile.csv, bundle README dated 2017-06-21)",priority=2; comment=skylight
mars,CC0084,-17.63391,240.96831,,,,,,,irr,Cushing2015_MGC3v1,"Mars Global Cave Candidate Catalog (MGC3) v1 PDS4 bundle, Cushing G.E., doi:10.17189/1519222, mars_cave_catalog.zip via https://astrogeology.usgs.gov/search/map/mars_global_cave_candidate_catalog_v1_cushing (file miscellaneous/Mars_Cave_Catalog_shapefile.csv, bundle README dated 2017-06-21)",priority=2; comment=channel wall features
mars,CC0085,-16.42139,243.77844,,,,,,,irr,Cushing2015_MGC3v1,"Mars Global Cave Candidate Catalog (MGC3) v1 PDS4 bundle, Cushing G.E., doi:10.17189/1519222, mars_cave_catalog.zip via https://astrogeology.usgs.gov/search/map/mars_global_cave_candidate_catalog_v1_cushing (file miscellaneous/Mars_Cave_Catalog_shapefile.csv, bundle README dated 2017-06-21)",priority=3; comment=Small rimless pit
mars,CC0086,-12.58533,241.94543,,,,,,,irr,Cushing2015_MGC3v1,"Mars Global Cave Candidate Catalog (MGC3) v1 PDS4 bundle, Cushing G.E., doi:10.17189/1519222, mars_cave_catalog.zip via https://astrogeology.usgs.gov/search/map/mars_global_cave_candidate_catalog_v1_cushing (file miscellaneous/Mars_Cave_Catalog_shapefile.csv, bundle README dated 2017-06-21)",priority=2; comment=small rimless pit in pit
mars,CC0087,-12.32632,241.75104,,,,,,,irr,Cushing2015_MGC3v1,"Mars Global Cave Candidate Catalog (MGC3) v1 PDS4 bundle, Cushing G.E., doi:10.17189/1519222, mars_cave_catalog.zip via https://astrogeology.usgs.gov/search/map/mars_global_cave_candidate_catalog_v1_cushing (file miscellaneous/Mars_Cave_Catalog_shapefile.csv, bundle README dated 2017-06-21)",priority=2; comment=small rimless pit -- irregular
mars,CC0088,-16.90973,241.81818,,,,,,,irr,Cushing2015_MGC3v1,"Mars Global Cave Candidate Catalog (MGC3) v1 PDS4 bundle, Cushing G.E., doi:10.17189/1519222, mars_cave_catalog.zip via https://astrogeology.usgs.gov/search/map/mars_global_cave_candidate_catalog_v1_cushing (file miscellaneous/Mars_Cave_Catalog_shapefile.csv, bundle README dated 2017-06-21)",priority=2; comment=along edge of flow
mars,CC0089,21.36868,127.13782,,,,,,,irr,Cushing2015_MGC3v1,"Mars Global Cave Candidate Catalog (MGC3) v1 PDS4 bundle, Cushing G.E., doi:10.17189/1519222, mars_cave_catalog.zip via https://astrogeology.usgs.gov/search/map/mars_global_cave_candidate_catalog_v1_cushing (file miscellaneous/Mars_Cave_Catalog_shapefile.csv, bundle README dated 2017-06-21)",priority=1; comment=collapsed floor of collapse pit
mars,CC0090,31.0012,296.51617,,,,,,,irr,Cushing2015_MGC3v1,"Mars Global Cave Candidate Catalog (MGC3) v1 PDS4 bundle, Cushing G.E., doi:10.17189/1519222, mars_cave_catalog.zip via https://astrogeology.usgs.gov/search/map/mars_global_cave_candidate_catalog_v1_cushing (file miscellaneous/Mars_Cave_Catalog_shapefile.csv, bundle README dated 2017-06-21)",priority=2; comment=Kasei circular pit near impact and flows
mars,CC0091,9.14453,258.09058,,,,,,,lat,Cushing2015_MGC3v1,"Mars Global Cave Candidate Catalog (MGC3) v1 PDS4 bundle, Cushing G.E., doi:10.17189/1519222, mars_cave_catalog.zip via https://astrogeology.usgs.gov/search/map/mars_global_cave_candidate_catalog_v1_cushing (file miscellaneous/Mars_Cave_Catalog_shapefile.csv, bundle README dated 2017-06-21)",priority=3; comment=Surface lateral-entrance candidate
mars,CC0092,6.95557,258.95013,,,,,,,lat,Cushing2015_MGC3v1,"Mars Global Cave Candidate Catalog (MGC3) v1 PDS4 bundle, Cushing G.E., doi:10.17189/1519222, mars_cave_catalog.zip via https://astrogeology.usgs.gov/search/map/mars_global_cave_candidate_catalog_v1_cushing (file miscellaneous/Mars_Cave_Catalog_shapefile.csv, bundle README dated 2017-06-21)",priority=2; comment=lateral candidate in flow
mars,CC0093,8.86151,255.94958,,,,,,,lat,Cushing2015_MGC3v1,"Mars Global Cave Candidate Catalog (MGC3) v1 PDS4 bundle, Cushing G.E., doi:10.17189/1519222, mars_cave_catalog.zip via https://astrogeology.usgs.gov/search/map/mars_global_cave_candidate_catalog_v1_cushing (file miscellaneous/Mars_Cave_Catalog_shapefile.csv, bundle README dated 2017-06-21)",priority=0; comment=lateral candidate - overhanging ledge
mars,CC0094,8.04544,255.14737,,,,,,,lat,Cushing2015_MGC3v1,"Mars Global Cave Candidate Catalog (MGC3) v1 PDS4 bundle, Cushing G.E., doi:10.17189/1519222, mars_cave_catalog.zip via https://astrogeology.usgs.gov/search/map/mars_global_cave_candidate_catalog_v1_cushing (file miscellaneous/Mars_Cave_Catalog_shapefile.csv, bundle README dated 2017-06-21)",priority=3; comment=Structure at trough/graben intersect
mars,CC0095,7.44781,256.37207,,,,,,,lat,Cushing2015_MGC3v1,"Mars Global Cave Candidate Catalog (MGC3) v1 PDS4 bundle, Cushing G.E., doi:10.17189/1519222, mars_cave_catalog.zip via https://astrogeology.usgs.gov/search/map/mars_global_cave_candidate_catalog_v1_cushing (file miscellaneous/Mars_Cave_Catalog_shapefile.csv, bundle README dated 2017-06-21)",priority=3; comment=lateral candidate in channel with albedo
mars,CC0096,6.24792,239.01624,,,,,,,lat,Cushing2015_MGC3v1,"Mars Global Cave Candidate Catalog (MGC3) v1 PDS4 bundle, Cushing G.E., doi:10.17189/1519222, mars_cave_catalog.zip via https://astrogeology.usgs.gov/search/map/mars_global_cave_candidate_catalog_v1_cushing (file miscellaneous/Mars_Cave_Catalog_shapefile.csv, bundle README dated 2017-06-21)",priority=3; comment=Lateral
mars,CC0097,-5.14594,238.55298,,,,,,,lat,Cushing2015_MGC3v1,"Mars Global Cave Candidate Catalog (MGC3) v1 PDS4 bundle, Cushing G.E., doi:10.17189/1519222, mars_cave_catalog.zip via https://astrogeology.usgs.gov/search/map/mars_global_cave_candidate_catalog_v1_cushing (file miscellaneous/Mars_Cave_Catalog_shapefile.csv, bundle README dated 2017-06-21)","priority=1; comment=interesting, in hillside"
mars,CC0098,-2.57013,232.86761,,,,,,,sky,Cushing2015_MGC3v1,"Mars Global Cave Candidate Catalog (MGC3) v1 PDS4 bundle, Cushing G.E., doi:10.17189/1519222, mars_cave_catalog.zip via https://astrogeology.usgs.gov/search/map/mars_global_cave_candidate_catalog_v1_cushing (file miscellaneous/Mars_Cave_Catalog_shapefile.csv, bundle README dated 2017-06-21)",priority=3; comment=near tube
mars,CC0099,-2.57022,232.8634,,,,,,,sky,Cushing2015_MGC3v1,"Mars Global Cave Candidate Catalog (MGC3) v1 PDS4 bundle, Cushing G.E., doi:10.17189/1519222, mars_cave_catalog.zip via https://astrogeology.usgs.gov/search/map/mars_global_cave_candidate_catalog_v1_cushing (file miscellaneous/Mars_Cave_Catalog_shapefile.csv, bundle README dated 2017-06-21)",priority=2; comment=near tube
mars,CC0100,-2.58188,232.85788,,,,,,,sky,Cushing2015_MGC3v1,"Mars Global Cave Candidate Catalog (MGC3) v1 PDS4 bundle, Cushing G.E., doi:10.17189/1519222, mars_cave_catalog.zip via https://astrogeology.usgs.gov/search/map/mars_global_cave_candidate_catalog_v1_cushing (file miscellaneous/Mars_Cave_Catalog_shapefile.csv, bundle README dated 2017-06-21)",priority=3; comment=near tube
mars,CC0101,-2.5773,232.84842,,,,,,,sky,Cushing2015_MGC3v1,"Mars Global Cave Candidate Catalog (MGC3) v1 PDS4 bundle, Cushing G.E., doi:10.17189/1519222, mars_cave_catalog.zip via https://astrogeology.usgs.gov/search/map/mars_global_cave_candidate_catalog_v1_cushing (file miscellaneous/Mars_Cave_Catalog_shapefile.csv, bundle README dated 2017-06-21)",priority=3; comment=near tube
mars,CC0102,-2.56311,232.83148,,,,,,,sky,Cushing2015_MGC3v1,"Mars Global Cave Candidate Catalog (MGC3) v1 PDS4 bundle, Cushing G.E., doi:10.17189/1519222, mars_cave_catalog.zip via https://astrogeology.usgs.gov/search/map/mars_global_cave_candidate_catalog_v1_cushing (file miscellaneous/Mars_Cave_Catalog_shapefile.csv, bundle README dated 2017-06-21)",priority=2; comment=near tube
mars,CC0103,-2.56918,232.82883,,,,,,,sky,Cushing2015_MGC3v1,"Mars Global Cave Candidate Catalog (MGC3) v1 PDS4 bundle, Cushing G.E., doi:10.17189/1519222, mars_cave_catalog.zip via https://astrogeology.usgs.gov/search/map/mars_global_cave_candidate_catalog_v1_cushing (file miscellaneous/Mars_Cave_Catalog_shapefile.csv, bundle README dated 2017-06-21)",priority=3; comment=near tube
mars,CC0104,24.38637,142.90855,,,,,,,pin,Cushing2015_MGC3v1,"Mars Global Cave Candidate Catalog (MGC3) v1 PDS4 bundle, Cushing G.E., doi:10.17189/1519222, mars_cave_catalog.zip via https://astrogeology.usgs.gov/search/map/mars_global_cave_candidate_catalog_v1_cushing (file miscellaneous/Mars_Cave_Catalog_shapefile.csv, bundle README dated 2017-06-21)",priority=2; comment=Channel floor pinhole
mars,CC0105,29.90159,139.70753,,,,,,,pin,Cushing2015_MGC3v1,"Mars Global Cave Candidate Catalog (MGC3) v1 PDS4 bundle, Cushing G.E., doi:10.17189/1519222, mars_cave_catalog.zip via https://astrogeology.usgs.gov/search/map/mars_global_cave_candidate_catalog_v1_cushing (file miscellaneous/Mars_Cave_Catalog_shapefile.csv, bundle README dated 2017-06-21)",priority=2; comment=pair of pinholes near Elysium
mars,CC0106,29.90117,139.70689,,,,,,,pin,Cushing2015_MGC3v1,"Mars Global Cave Candidate Catalog (MGC3) v1 PDS4 bundle, Cushing G.E., doi:10.17189/1519222, mars_cave_catalog.zip via https://astrogeology.usgs.gov/search/map/mars_global_cave_candidate_catalog_v1_cushing (file miscellaneous/Mars_Cave_Catalog_shapefile.csv, bundle README dated 2017-06-21)",priority=2; comment=pair of pinholes near Elysium
mars,CC0107,28.13364,143.66974,,,,,,,pin,Cushing2015_MGC3v1,"Mars Global Cave Candidate Catalog (MGC3) v1 PDS4 bundle, Cushing G.E., doi:10.17189/1519222, mars_cave_catalog.zip via https://astrogeology.usgs.gov/search/map/mars_global_cave_candidate_catalog_v1_cushing (file miscellaneous/Mars_Cave_Catalog_shapefile.csv, bundle README dated 2017-06-21)",priority=2; comment=channel floor pinhole
mars,CC0108,-15.40447,234.72923,,,,,,,pin,Cushing2015_MGC3v1,"Mars Global Cave Candidate Catalog (MGC3) v1 PDS4 bundle, Cushing G.E., doi:10.17189/1519222, mars_cave_catalog.zip via https://astrogeology.usgs.gov/search/map/mars_global_cave_candidate_catalog_v1_cushing (file miscellaneous/Mars_Cave_Catalog_shapefile.csv, bundle README dated 2017-06-21)",priority=1; comment=Pinhole tube skylight
mars,CC0109,-1.87439,242.67822,,,,,,,pin,Cushing2015_MGC3v1,"Mars Global Cave Candidate Catalog (MGC3) v1 PDS4 bundle, Cushing G.E., doi:10.17189/1519222, mars_cave_catalog.zip via https://astrogeology.usgs.gov/search/map/mars_global_cave_candidate_catalog_v1_cushing (file miscellaneous/Mars_Cave_Catalog_shapefile.csv, bundle README dated 2017-06-21)",priority=1; comment=25m black hole in surface (i=58)
mars,CC0110,-4.93567,243.02722,,,,,,,pin,Cushing2015_MGC3v1,"Mars Global Cave Candidate Catalog (MGC3) v1 PDS4 bundle, Cushing G.E., doi:10.17189/1519222, mars_cave_catalog.zip via https://astrogeology.usgs.gov/search/map/mars_global_cave_candidate_catalog_v1_cushing (file miscellaneous/Mars_Cave_Catalog_shapefile.csv, bundle README dated 2017-06-21)","priority=2; comment=Dark pinhole, but i=58"
mars,CC0111,-3.63776,245.92889,,,,,,,pin,Cushing2015_MGC3v1,"Mars Global Cave Candidate Catalog (MGC3) v1 PDS4 bundle, Cushing G.E., doi:10.17189/1519222, mars_cave_catalog.zip via https://astrogeology.usgs.gov/search/map/mars_global_cave_candidate_catalog_v1_cushing (file miscellaneous/Mars_Cave_Catalog_shapefile.csv, bundle README dated 2017-06-21)",priority=2; comment=pinhole
mars,CC0112,-2.35629,250.64795,,,,,,,pin,Cushing2015_MGC3v1,"Mars Global Cave Candidate Catalog (MGC3) v1 PDS4 bundle, Cushing G.E., doi:10.17189/1519222, mars_cave_catalog.zip via https://astrogeology.usgs.gov/search/map/mars_global_cave_candidate_catalog_v1_cushing (file miscellaneous/Mars_Cave_Catalog_shapefile.csv, bundle README dated 2017-06-21)",priority=2; comment=pinhole
mars,CC0113,-7.48205,245.13834,,,,,,,pin,Cushing2015_MGC3v1,"Mars Global Cave Candidate Catalog (MGC3) v1 PDS4 bundle, Cushing G.E., doi:10.17189/1519222, mars_cave_catalog.zip via https://astrogeology.usgs.gov/search/map/mars_global_cave_candidate_catalog_v1_cushing (file miscellaneous/Mars_Cave_Catalog_shapefile.csv, bundle README dated 2017-06-21)",priority=2; comment=pinhole
mars,CC0114,-4.14102,244.9697,,,,,,,pin,Cushing2015_MGC3v1,"Mars Global Cave Candidate Catalog (MGC3) v1 PDS4 bundle, Cushing G.E., doi:10.17189/1519222, mars_cave_catalog.zip via https://astrogeology.usgs.gov/search/map/mars_global_cave_candidate_catalog_v1_cushing (file miscellaneous/Mars_Cave_Catalog_shapefile.csv, bundle README dated 2017-06-21)",priority=2; comment=pinhole
mars,CC0115,-7.02953,245.40291,,,,,,,pin,Cushing2015_MGC3v1,"Mars Global Cave Candidate Catalog (MGC3) v1 PDS4 bundle, Cushing G.E., doi:10.17189/1519222, mars_cave_catalog.zip via https://astrogeology.usgs.gov/search/map/mars_global_cave_candidate_catalog_v1_cushing (file miscellaneous/Mars_Cave_Catalog_shapefile.csv, bundle README dated 2017-06-21)",priority=2; comment=pinhole
mars,CC0116,-1.36548,248.67593,,,,,,,pin,Cushing2015_MGC3v1,"Mars Global Cave Candidate Catalog (MGC3) v1 PDS4 bundle, Cushing G.E., doi:10.17189/1519222, mars_cave_catalog.zip via https://astrogeology.usgs.gov/search/map/mars_global_cave_candidate_catalog_v1_cushing (file miscellaneous/Mars_Cave_Catalog_shapefile.csv, bundle README dated 2017-06-21)",priority=1; comment=pinhole
mars,CC0117,-7.05604,248.09155,,,,,,,pin,Cushing2015_MGC3v1,"Mars Global Cave Candidate Catalog (MGC3) v1 PDS4 bundle, Cushing G.E., doi:10.17189/1519222, mars_cave_catalog.zip via https://astrogeology.usgs.gov/search/map/mars_global_cave_candidate_catalog_v1_cushing (file miscellaneous/Mars_Cave_Catalog_shapefile.csv, bundle README dated 2017-06-21)",priority=3; comment=pinhole in channel
mars,CC0118,-6.97576,248.25511,,,,,,,pin,Cushing2015_MGC3v1,"Mars Global Cave Candidate Catalog (MGC3) v1 PDS4 bundle, Cushing G.E., doi:10.17189/1519222, mars_cave_catalog.zip via https://astrogeology.usgs.gov/search/map/mars_global_cave_candidate_catalog_v1_cushing (file miscellaneous/Mars_Cave_Catalog_shapefile.csv, bundle README dated 2017-06-21)",priority=3; comment=pinhole
mars,CC0119,-4.5385,244.63434,,,,,,,pin,Cushing2015_MGC3v1,"Mars Global Cave Candidate Catalog (MGC3) v1 PDS4 bundle, Cushing G.E., doi:10.17189/1519222, mars_cave_catalog.zip via https://astrogeology.usgs.gov/search/map/mars_global_cave_candidate_catalog_v1_cushing (file miscellaneous/Mars_Cave_Catalog_shapefile.csv, bundle README dated 2017-06-21)",priority=3; comment=pinhole
mars,CC0120,-4.54498,244.66537,,,,,,,pin,Cushing2015_MGC3v1,"Mars Global Cave Candidate Catalog (MGC3) v1 PDS4 bundle, Cushing G.E., doi:10.17189/1519222, mars_cave_catalog.zip via https://astrogeology.usgs.gov/search/map/mars_global_cave_candidate_catalog_v1_cushing (file miscellaneous/Mars_Cave_Catalog_shapefile.csv, bundle README dated 2017-06-21)",priority=3; comment=pinhole
mars,CC0121,-4.54593,244.66714,,,,,,,pin,Cushing2015_MGC3v1,"Mars Global Cave Candidate Catalog (MGC3) v1 PDS4 bundle, Cushing G.E., doi:10.17189/1519222, mars_cave_catalog.zip via https://astrogeology.usgs.gov/search/map/mars_global_cave_candidate_catalog_v1_cushing (file miscellaneous/Mars_Cave_Catalog_shapefile.csv, bundle README dated 2017-06-21)",priority=3; comment=pinhole
mars,CC0122,31.04885,349.67007,,,,,,,pin,Cushing2015_MGC3v1,"Mars Global Cave Candidate Catalog (MGC3) v1 PDS4 bundle, Cushing G.E., doi:10.17189/1519222, mars_cave_catalog.zip via https://astrogeology.usgs.gov/search/map/mars_global_cave_candidate_catalog_v1_cushing (file miscellaneous/Mars_Cave_Catalog_shapefile.csv, bundle README dated 2017-06-21)",priority=3; comment=pinhole
mars,CC0123,34.03847,348.94452,,,,,,,pin,Cushing2015_MGC3v1,"Mars Global Cave Candidate Catalog (MGC3) v1 PDS4 bundle, Cushing G.E., doi:10.17189/1519222, mars_cave_catalog.zip via https://astrogeology.usgs.gov/search/map/mars_global_cave_candidate_catalog_v1_cushing (file miscellaneous/Mars_Cave_Catalog_shapefile.csv, bundle README dated 2017-06-21)",priority=3; comment=pinhole
mars,CC0124,-2.20276,248.73267,,,,,,,pin,Cushing2015_MGC3v1,"Mars Global Cave Candidate Catalog (MGC3) v1 PDS4 bundle, Cushing G.E., doi:10.17189/1519222, mars_cave_catalog.zip via https://astrogeology.usgs.gov/search/map/mars_global_cave_candidate_catalog_v1_cushing (file miscellaneous/Mars_Cave_Catalog_shapefile.csv, bundle README dated 2017-06-21)",priority=3; comment=pinhole
mars,CC0125,-2.62305,242.3269,,,,,,,pin,Cushing2015_MGC3v1,"Mars Global Cave Candidate Catalog (MGC3) v1 PDS4 bundle, Cushing G.E., doi:10.17189/1519222, mars_cave_catalog.zip via https://astrogeology.usgs.gov/search/map/mars_global_cave_candidate_catalog_v1_cushing (file miscellaneous/Mars_Cave_Catalog_shapefile.csv, bundle README dated 2017-06-21)",priority=1; comment=Pinhole pair near flow margin
mars,CC0126,-2.62385,242.32645,,,,,,,pin,Cushing2015_MGC3v1,"Mars Global Cave Candidate Catalog (MGC3) v1 PDS4 bundle, Cushing G.E., doi:10.17189/1519222, mars_cave_catalog.zip via https://astrogeology.usgs.gov/search/map/mars_global_cave_candidate_catalog_v1_cushing (file miscellaneous/Mars_Cave_Catalog_shapefile.csv, bundle README dated 2017-06-21)",priority=1; comment=Pinhole pair near flow margin
mars,CC0127,-4.64502,247.19653,,,,,,,pin,Cushing2015_MGC3v1,"Mars Global Cave Candidate Catalog (MGC3) v1 PDS4 bundle, Cushing G.E., doi:10.17189/1519222, mars_cave_catalog.zip via https://astrogeology.usgs.gov/search/map/mars_global_cave_candidate_catalog_v1_cushing (file miscellaneous/Mars_Cave_Catalog_shapefile.csv, bundle README dated 2017-06-21)",priority=2; comment=pinhole
mars,CC0128,-3.78595,251.72137,,,,,,,pin,Cushing2015_MGC3v1,"Mars Global Cave Candidate Catalog (MGC3) v1 PDS4 bundle, Cushing G.E., doi:10.17189/1519222, mars_cave_catalog.zip via https://astrogeology.usgs.gov/search/map/mars_global_cave_candidate_catalog_v1_cushing (file miscellaneous/Mars_Cave_Catalog_shapefile.csv, bundle README dated 2017-06-21)",priority=3; comment=pinhole along crack
mars,CC0129,-3.8013,251.69897,,,,,,,pin,Cushing2015_MGC3v1,"Mars Global Cave Candidate Catalog (MGC3) v1 PDS4 bundle, Cushing G.E., doi:10.17189/1519222, mars_cave_catalog.zip via https://astrogeology.usgs.gov/search/map/mars_global_cave_candidate_catalog_v1_cushing (file miscellaneous/Mars_Cave_Catalog_shapefile.csv, bundle README dated 2017-06-21)",priority=3; comment=Channel edge pinhole
mars,CC0130,3.93805,259.62149,,,,,,,pin,Cushing2015_MGC3v1,"Mars Global Cave Candidate Catalog (MGC3) v1 PDS4 bundle, Cushing G.E., doi:10.17189/1519222, mars_cave_catalog.zip via https://astrogeology.usgs.gov/search/map/mars_global_cave_candidate_catalog_v1_cushing (file miscellaneous/Mars_Cave_Catalog_shapefile.csv, bundle README dated 2017-06-21)",priority=3; comment=pinhole in lava flow ridge
mars,CC0131,-1.47308,252.16187,,,,,,,pin,Cushing2015_MGC3v1,"Mars Global Cave Candidate Catalog (MGC3) v1 PDS4 bundle, Cushing G.E., doi:10.17189/1519222, mars_cave_catalog.zip via https://astrogeology.usgs.gov/search/map/mars_global_cave_candidate_catalog_v1_cushing (file miscellaneous/Mars_Cave_Catalog_shapefile.csv, bundle README dated 2017-06-21)",priority=3; comment=Pinhole next to impact - tube breach?
mars,CC0132,-2.16699,252.47705,,,,,,,pin,Cushing2015_MGC3v1,"Mars Global Cave Candidate Catalog (MGC3) v1 PDS4 bundle, Cushing G.E., doi:10.17189/1519222, mars_cave_catalog.zip via https://astrogeology.usgs.gov/search/map/mars_global_cave_candidate_catalog_v1_cushing (file miscellaneous/Mars_Cave_Catalog_shapefile.csv, bundle README dated 2017-06-21)",priority=3; comment=Pinhole
mars,CC0133,12.6026,259.19501,,,,,,,pin,Cushing2015_MGC3v1,"Mars Global Cave Candidate Catalog (MGC3) v1 PDS4 bundle, Cushing G.E., doi:10.17189/1519222, mars_cave_catalog.zip via https://astrogeology.usgs.gov/search/map/mars_global_cave_candidate_catalog_v1_cushing (file miscellaneous/Mars_Cave_Catalog_shapefile.csv, bundle README dated 2017-06-21)",priority=3; comment=Pinhole with dark halo - impact?
mars,CC0134,1.00702,236.09711,,,,,,,pin,Cushing2015_MGC3v1,"Mars Global Cave Candidate Catalog (MGC3) v1 PDS4 bundle, Cushing G.E., doi:10.17189/1519222, mars_cave_catalog.zip via https://astrogeology.usgs.gov/search/map/mars_global_cave_candidate_catalog_v1_cushing (file miscellaneous/Mars_Cave_Catalog_shapefile.csv, bundle README dated 2017-06-21)",priority=3; comment=Pinhole at channel edge
mars,CC0135,-0.4982,236.2746,,,,,,,pin,Cushing2015_MGC3v1,"Mars Global Cave Candidate Catalog (MGC3) v1 PDS4 bundle, Cushing G.E., doi:10.17189/1519222, mars_cave_catalog.zip via https://astrogeology.usgs.gov/search/map/mars_global_cave_candidate_catalog_v1_cushing (file miscellaneous/Mars_Cave_Catalog_shapefile.csv, bundle README dated 2017-06-21)",priority=3; comment=Pinhole
mars,CC0136,-0.37646,237.25604,,,,,,,pin,Cushing2015_MGC3v1,"Mars Global Cave Candidate Catalog (MGC3) v1 PDS4 bundle, Cushing G.E., doi:10.17189/1519222, mars_cave_catalog.zip via https://astrogeology.usgs.gov/search/map/mars_global_cave_candidate_catalog_v1_cushing (file miscellaneous/Mars_Cave_Catalog_shapefile.csv, bundle README dated 2017-06-21)",priority=3; comment=ph
mars,CC0137,0.41406,236.4375,,,,,,,pin,Cushing2015_MGC3v1,"Mars Global Cave Candidate Catalog (MGC3) v1 PDS4 bundle, Cushing G.E., doi:10.17189/1519222, mars_cave_catalog.zip via https://astrogeology.usgs.gov/search/map/mars_global_cave_candidate_catalog_v1_cushing (file miscellaneous/Mars_Cave_Catalog_shapefile.csv, bundle README dated 2017-06-21)",priority=1; comment=ph
mars,CC0138,-0.47119,236.39905,,,,,,,pin,Cushing2015_MGC3v1,"Mars Global Cave Candidate Catalog (MGC3) v1 PDS4 bundle, Cushing G.E., doi:10.17189/1519222, mars_cave_catalog.zip via https://astrogeology.usgs.gov/search/map/mars_global_cave_candidate_catalog_v1_cushing (file miscellaneous/Mars_Cave_Catalog_shapefile.csv, bundle README dated 2017-06-21)",priority=3; comment=ph
mars,CC0139,-0.46893,236.41888,,,,,,,pin,Cushing2015_MGC3v1,"Mars Global Cave Candidate Catalog (MGC3) v1 PDS4 bundle, Cushing G.E., doi:10.17189/1519222, mars_cave_catalog.zip via https://astrogeology.usgs.gov/search/map/mars_global_cave_candidate_catalog_v1_cushing (file miscellaneous/Mars_Cave_Catalog_shapefile.csv, bundle README dated 2017-06-21)",priority=2; comment=ph
mars,CC0140,-0.46008,236.61597,,,,,,,pin,Cushing2015_MGC3v1,"Mars Global Cave Candidate Catalog (MGC3) v1 PDS4 bundle, Cushing G.E., doi:10.17189/1519222, mars_cave_catalog.zip via https://astrogeology.usgs.gov/search/map/mars_global_cave_candidate_catalog_v1_cushing (file miscellaneous/Mars_Cave_Catalog_shapefile.csv, bundle README dated 2017-06-21)",priority=1; comment=skylight
mars,CC0141,-0.46082,236.62866,,,,,,,pin,Cushing2015_MGC3v1,"Mars Global Cave Candidate Catalog (MGC3) v1 PDS4 bundle, Cushing G.E., doi:10.17189/1519222, mars_cave_catalog.zip via https://astrogeology.usgs.gov/search/map/mars_global_cave_candidate_catalog_v1_cushing (file miscellaneous/Mars_Cave_Catalog_shapefile.csv, bundle README dated 2017-06-21)",priority=3; comment=skylight
mars,CC0142,-3.19925,235.36682,,,,,,,pin,Cushing2015_MGC3v1,"Mars Global Cave Candidate Catalog (MGC3) v1 PDS4 bundle, Cushing G.E., doi:10.17189/1519222, mars_cave_catalog.zip via https://astrogeology.usgs.gov/search/map/mars_global_cave_candidate_catalog_v1_cushing (file miscellaneous/Mars_Cave_Catalog_shapefile.csv, bundle README dated 2017-06-21)",priority=2; comment=pinhole
mars,CC0143,-4.14209,239.1991,,,,,,,pin,Cushing2015_MGC3v1,"Mars Global Cave Candidate Catalog (MGC3) v1 PDS4 bundle, Cushing G.E., doi:10.17189/1519222, mars_cave_catalog.zip via https://astrogeology.usgs.gov/search/map/mars_global_cave_candidate_catalog_v1_cushing (file miscellaneous/Mars_Cave_Catalog_shapefile.csv, bundle README dated 2017-06-21)",priority=2; comment=good pinhole with small inc
mars,CC0144,-5.4028,232.93433,,,,,,,pin,Cushing2015_MGC3v1,"Mars Global Cave Candidate Catalog (MGC3) v1 PDS4 bundle, Cushing G.E., doi:10.17189/1519222, mars_cave_catalog.zip via https://astrogeology.usgs.gov/search/map/mars_global_cave_candidate_catalog_v1_cushing (file miscellaneous/Mars_Cave_Catalog_shapefile.csv, bundle README dated 2017-06-21)",priority=3; comment=pinhole with wind streak
mars,CC0145,-3.11479,232.36588,,,,,,,pin,Cushing2015_MGC3v1,"Mars Global Cave Candidate Catalog (MGC3) v1 PDS4 bundle, Cushing G.E., doi:10.17189/1519222, mars_cave_catalog.zip via https://astrogeology.usgs.gov/search/map/mars_global_cave_candidate_catalog_v1_cushing (file miscellaneous/Mars_Cave_Catalog_shapefile.csv, bundle README dated 2017-06-21)",priority=3; comment=in trough
mars,CC0146,-15.76774,246.37468,,,,,,,pin,Cushing2015_MGC3v1,"Mars Global Cave Candidate Catalog (MGC3) v1 PDS4 bundle, Cushing G.E., doi:10.17189/1519222, mars_cave_catalog.zip via https://astrogeology.usgs.gov/search/map/mars_global_cave_candidate_catalog_v1_cushing (file miscellaneous/Mars_Cave_Catalog_shapefile.csv, bundle README dated 2017-06-21)",priority=2; comment=pretty good
mars,CC0147,-16.50171,243.80701,,,,,,,pin,Cushing2015_MGC3v1,"Mars Global Cave Candidate Catalog (MGC3) v1 PDS4 bundle, Cushing G.E., doi:10.17189/1519222, mars_cave_catalog.zip via https://astrogeology.usgs.gov/search/map/mars_global_cave_candidate_catalog_v1_cushing (file miscellaneous/Mars_Cave_Catalog_shapefile.csv, bundle README dated 2017-06-21)",priority=3; comment=pinhole
mars,CC0148,-12.65515,241.89026,,,,,,,pin,Cushing2015_MGC3v1,"Mars Global Cave Candidate Catalog (MGC3) v1 PDS4 bundle, Cushing G.E., doi:10.17189/1519222, mars_cave_catalog.zip via https://astrogeology.usgs.gov/search/map/mars_global_cave_candidate_catalog_v1_cushing (file miscellaneous/Mars_Cave_Catalog_shapefile.csv, bundle README dated 2017-06-21)",priority=1; comment=pinhole smrp
mars,CC0149,-16.93701,245.58398,,,,,,,pin,Cushing2015_MGC3v1,"Mars Global Cave Candidate Catalog (MGC3) v1 PDS4 bundle, Cushing G.E., doi:10.17189/1519222, mars_cave_catalog.zip via https://astrogeology.usgs.gov/search/map/mars_global_cave_candidate_catalog_v1_cushing (file miscellaneous/Mars_Cave_Catalog_shapefile.csv, bundle README dated 2017-06-21)",priority=1; comment=pinhole
mars,CC0150,-13.55713,241.42822,,,,,,,pin,Cushing2015_MGC3v1,"Mars Global Cave Candidate Catalog (MGC3) v1 PDS4 bundle, Cushing G.E., doi:10.17189/1519222, mars_cave_catalog.zip via https://astrogeology.usgs.gov/search/map/mars_global_cave_candidate_catalog_v1_cushing (file miscellaneous/Mars_Cave_Catalog_shapefile.csv, bundle README dated 2017-06-21)",priority=2; comment=pinhole
mars,CC0151,-13.5144,241.75439,,,,,,,pin,Cushing2015_MGC3v1,"Mars Global Cave Candidate Catalog (MGC3) v1 PDS4 bundle, Cushing G.E., doi:10.17189/1519222, mars_cave_catalog.zip via https://astrogeology.usgs.gov/search/map/mars_global_cave_candidate_catalog_v1_cushing (file miscellaneous/Mars_Cave_Catalog_shapefile.csv, bundle README dated 2017-06-21)",priority=3; comment=pinhole
mars,CC0152,-14.28955,241.95874,,,,,,,pin,Cushing2015_MGC3v1,"Mars Global Cave Candidate Catalog (MGC3) v1 PDS4 bundle, Cushing G.E., doi:10.17189/1519222, mars_cave_catalog.zip via https://astrogeology.usgs.gov/search/map/mars_global_cave_candidate_catalog_v1_cushing (file miscellaneous/Mars_Cave_Catalog_shapefile.csv, bundle README dated 2017-06-21)",priority=1; comment=sharp pinhole
mars,CC0153,-16.8783,241.87091,,,,,,,pin,Cushing2015_MGC3v1,"Mars Global Cave Candidate Catalog (MGC3) v1 PDS4 bundle, Cushing G.E., doi:10.17189/1519222, mars_cave_catalog.zip via https://astrogeology.usgs.gov/search/map/mars_global_cave_candidate_catalog_v1_cushing (file miscellaneous/Mars_Cave_Catalog_shapefile.csv, bundle README dated 2017-06-21)",priority=3; comment=pinhole
mars,CC0154,-16.82544,241.84521,,,,,,,pin,Cushing2015_MGC3v1,"Mars Global Cave Candidate Catalog (MGC3) v1 PDS4 bundle, Cushing G.E., doi:10.17189/1519222, mars_cave_catalog.zip via https://astrogeology.usgs.gov/search/map/mars_global_cave_candidate_catalog_v1_cushing (file miscellaneous/Mars_Cave_Catalog_shapefile.csv, bundle README dated 2017-06-21)",priority=2; comment=pinhole
mars,CC0155,-17.46875,241.94287,,,,,,,pin,Cushing2015_MGC3v1,"Mars Global Cave Candidate Catalog (MGC3) v1 PDS4 bundle, Cushing G.E., doi:10.17189/1519222, mars_cave_catalog.zip via https://astrogeology.usgs.gov/search/map/mars_global_cave_candidate_catalog_v1_cushing (file miscellaneous/Mars_Cave_Catalog_shapefile.csv, bundle README dated 2017-06-21)",priority=3; comment=pinhole
mars,CC0156,-17.73975,242.03333,,,,,,,pin,Cushing2015_MGC3v1,"Mars Global Cave Candidate Catalog (MGC3) v1 PDS4 bundle, Cushing G.E., doi:10.17189/1519222, mars_cave_catalog.zip via https://astrogeology.usgs.gov/search/map/mars_global_cave_candidate_catalog_v1_cushing (file miscellaneous/Mars_Cave_Catalog_shapefile.csv, bundle README dated 2017-06-21)",priority=3; comment=pinhole
mars,CC0157,-17.69006,241.93152,,,,,,,pin,Cushing2015_MGC3v1,"Mars Global Cave Candidate Catalog (MGC3) v1 PDS4 bundle, Cushing G.E., doi:10.17189/1519222, mars_cave_catalog.zip via https://astrogeology.usgs.gov/search/map/mars_global_cave_candidate_catalog_v1_cushing (file miscellaneous/Mars_Cave_Catalog_shapefile.csv, bundle README dated 2017-06-21)",priority=2; comment=pinhole
mars,CC0158,-1.96589,242.06149,,,,,,,pin,Cushing2015_MGC3v1,"Mars Global Cave Candidate Catalog (MGC3) v1 PDS4 bundle, Cushing G.E., doi:10.17189/1519222, mars_cave_catalog.zip via https://astrogeology.usgs.gov/search/map/mars_global_cave_candidate_catalog_v1_cushing (file miscellaneous/Mars_Cave_Catalog_shapefile.csv, bundle README dated 2017-06-21)",priority=2; comment=pinhole trio
mars,CC0159,24.89327,143.59833,,,,,,,pit,Cushing2015_MGC3v1,"Mars Global Cave Candidate Catalog (MGC3) v1 PDS4 bundle, Cushing G.E., doi:10.17189/1519222, mars_cave_catalog.zip via https://astrogeology.usgs.gov/search/map/mars_global_cave_candidate_catalog_v1_cushing (file miscellaneous/Mars_Cave_Catalog_shapefile.csv, bundle README dated 2017-06-21)",priority=2; comment=Deep irregular pit
mars,CC0160,24.89458,143.60101,,,,,,,pit,Cushing2015_MGC3v1,"Mars Global Cave Candidate Catalog (MGC3) v1 PDS4 bundle, Cushing G.E., doi:10.17189/1519222, mars_cave_catalog.zip via https://astrogeology.usgs.gov/search/map/mars_global_cave_candidate_catalog_v1_cushing (file miscellaneous/Mars_Cave_Catalog_shapefile.csv, bundle README dated 2017-06-21)",priority=2; comment=Deep irregular pit
mars,CC0161,24.90615,143.62517,,,,,,,pit,Cushing2015_MGC3v1,"Mars Global Cave Candidate Catalog (MGC3) v1 PDS4 bundle, Cushing G.E., doi:10.17189/1519222, mars_cave_catalog.zip via https://astrogeology.usgs.gov/search/map/mars_global_cave_candidate_catalog_v1_cushing (file miscellaneous/Mars_Cave_Catalog_shapefile.csv, bundle README dated 2017-06-21)",priority=3; comment=Deep trough
mars,CC0162,24.41136,142.91444,,,,,,,pit,Cushing2015_MGC3v1,"Mars Global Cave Candidate Catalog (MGC3) v1 PDS4 bundle, Cushing G.E., doi:10.17189/1519222, mars_cave_catalog.zip via https://astrogeology.usgs.gov/search/map/mars_global_cave_candidate_catalog_v1_cushing (file miscellaneous/Mars_Cave_Catalog_shapefile.csv, bundle README dated 2017-06-21)",priority=3; comment=shadowed pit at channel edge
mars,CC0163,25.36105,143.83946,,,,,,,pit,Cushing2015_MGC3v1,"Mars Global Cave Candidate Catalog (MGC3) v1 PDS4 bundle, Cushing G.E., doi:10.17189/1519222, mars_cave_catalog.zip via https://astrogeology.usgs.gov/search/map/mars_global_cave_candidate_catalog_v1_cushing (file miscellaneous/Mars_Cave_Catalog_shapefile.csv, bundle README dated 2017-06-21)",priority=3; comment=irregular pit in graben floor
mars,CC0164,25.54324,142.59392,,,,,,,pit,Cushing2015_MGC3v1,"Mars Global Cave Candidate Catalog (MGC3) v1 PDS4 bundle, Cushing G.E., doi:10.17189/1519222, mars_cave_catalog.zip via https://astrogeology.usgs.gov/search/map/mars_global_cave_candidate_catalog_v1_cushing (file miscellaneous/Mars_Cave_Catalog_shapefile.csv, bundle README dated 2017-06-21)",priority=3; comment=Possible developing pit crater
mars,CC0165,24.50087,142.82622,,,,,,,pit,Cushing2015_MGC3v1,"Mars Global Cave Candidate Catalog (MGC3) v1 PDS4 bundle, Cushing G.E., doi:10.17189/1519222, mars_cave_catalog.zip via https://astrogeology.usgs.gov/search/map/mars_global_cave_candidate_catalog_v1_cushing (file miscellaneous/Mars_Cave_Catalog_shapefile.csv, bundle README dated 2017-06-21)",priority=2; comment=developing pit along fracture
mars,CC0166,29.2438,141.20387,,,,,,,pit,Cushing2015_MGC3v1,"Mars Global Cave Candidate Catalog (MGC3) v1 PDS4 bundle, Cushing G.E., doi:10.17189/1519222, mars_cave_catalog.zip via https://astrogeology.usgs.gov/search/map/mars_global_cave_candidate_catalog_v1_cushing (file miscellaneous/Mars_Cave_Catalog_shapefile.csv, bundle README dated 2017-06-21)",priority=2; comment=Deep portion of fracture
mars,CC0167,-3.68384,233.43677,,,,,,,pit,Cushing2015_MGC3v1,"Mars Global Cave Candidate Catalog (MGC3) v1 PDS4 bundle, Cushing G.E., doi:10.17189/1519222, mars_cave_catalog.zip via https://astrogeology.usgs.gov/search/map/mars_global_cave_candidate_catalog_v1_cushing (file miscellaneous/Mars_Cave_Catalog_shapefile.csv, bundle README dated 2017-06-21)",priority=1; comment=pit in trough floor center
mars,CC0168,-7.16223,241.00537,,,,,,,pit,Cushing2015_MGC3v1,"Mars Global Cave Candidate Catalog (MGC3) v1 PDS4 bundle, Cushing G.E., doi:10.17189/1519222, mars_cave_catalog.zip via https://astrogeology.usgs.gov/search/map/mars_global_cave_candidate_catalog_v1_cushing (file miscellaneous/Mars_Cave_Catalog_shapefile.csv, bundle README dated 2017-06-21)",priority=3; comment=Pit at end of trough
mars,CC0169,26.96051,302.84488,,,,,,,pit,Cushing2015_MGC3v1,"Mars Global Cave Candidate Catalog (MGC3) v1 PDS4 bundle, Cushing G.E., doi:10.17189/1519222, mars_cave_catalog.zip via https://astrogeology.usgs.gov/search/map/mars_global_cave_candidate_catalog_v1_cushing (file miscellaneous/Mars_Cave_Catalog_shapefile.csv, bundle README dated 2017-06-21)",priority=3; comment=Kasei collapse region - i=65
mars,CC0170,26.95541,302.84369,,,,,,,pit,Cushing2015_MGC3v1,"Mars Global Cave Candidate Catalog (MGC3) v1 PDS4 bundle, Cushing G.E., doi:10.17189/1519222, mars_cave_catalog.zip via https://astrogeology.usgs.gov/search/map/mars_global_cave_candidate_catalog_v1_cushing (file miscellaneous/Mars_Cave_Catalog_shapefile.csv, bundle README dated 2017-06-21)",priority=3; comment=Kasei collapse region i=65
mars,CC0171,26.96228,302.95703,,,,,,,pit,Cushing2015_MGC3v1,"Mars Global Cave Candidate Catalog (MGC3) v1 PDS4 bundle, Cushing G.E., doi:10.17189/1519222, mars_cave_catalog.zip via https://astrogeology.usgs.gov/search/map/mars_global_cave_candidate_catalog_v1_cushing (file miscellaneous/Mars_Cave_Catalog_shapefile.csv, bundle README dated 2017-06-21)",priority=3; comment=Kasei collapse region i=65
mars,CC0172,27.50427,302.91589,,,,,,,pit,Cushing2015_MGC3v1,"Mars Global Cave Candidate Catalog (MGC3) v1 PDS4 bundle, Cushing G.E., doi:10.17189/1519222, mars_cave_catalog.zip via https://astrogeology.usgs.gov/search/map/mars_global_cave_candidate_catalog_v1_cushing (file miscellaneous/Mars_Cave_Catalog_shapefile.csv, bundle README dated 2017-06-21)",priority=3; comment=Kasei collapse region i=46
mars,CC0173,-32.99807,4.16759,,,,,,,pit,Cushing2015_MGC3v1,"Mars Global Cave Candidate Catalog (MGC3) v1 PDS4 bundle, Cushing G.E., doi:10.17189/1519222, mars_cave_catalog.zip via https://astrogeology.usgs.gov/search/map/mars_global_cave_candidate_catalog_v1_cushing (file miscellaneous/Mars_Cave_Catalog_shapefile.csv, bundle README dated 2017-06-21)",priority=3; comment=Old crater fill
mars,CC0174,-33.00131,4.16909,,,,,,,pit,Cushing2015_MGC3v1,"Mars Global Cave Candidate Catalog (MGC3) v1 PDS4 bundle, Cushing G.E., doi:10.17189/1519222, mars_cave_catalog.zip via https://astrogeology.usgs.gov/search/map/mars_global_cave_candidate_catalog_v1_cushing (file miscellaneous/Mars_Cave_Catalog_shapefile.csv, bundle README dated 2017-06-21)",priority=2; comment=Old crater fill
mars,CC0175,-32.99782,4.14112,,,,,,,pit,Cushing2015_MGC3v1,"Mars Global Cave Candidate Catalog (MGC3) v1 PDS4 bundle, Cushing G.E., doi:10.17189/1519222, mars_cave_catalog.zip via https://astrogeology.usgs.gov/search/map/mars_global_cave_candidate_catalog_v1_cushing (file miscellaneous/Mars_Cave_Catalog_shapefile.csv, bundle README dated 2017-06-21)",priority=2; comment=Old crater fill
mars,CC0176,-32.98055,4.16828,,,,,,,pit,Cushing2015_MGC3v1,"Mars Global Cave Candidate Catalog (MGC3) v1 PDS4 bundle, Cushing G.E., doi:10.17189/1519222, mars_cave_catalog.zip via https://astrogeology.usgs.gov/search/map/mars_global_cave_candidate_catalog_v1_cushing (file miscellaneous/Mars_Cave_Catalog_shapefile.csv, bundle README dated 2017-06-21)",priority=3; comment=Old crater fill
mars,CC0177,-32.99309,4.12095,,,,,,,pit,Cushing2015_MGC3v1,"Mars Global Cave Candidate Catalog (MGC3) v1 PDS4 bundle, Cushing G.E., doi:10.17189/1519222, mars_cave_catalog.zip via https://astrogeology.usgs.gov/search/map/mars_global_cave_candidate_catalog_v1_cushing (file miscellaneous/Mars_Cave_Catalog_shapefile.csv, bundle README dated 2017-06-21)",priority=3; comment=Old crater fill
mars,CC0178,-32.97085,4.16917,,,,,,,pit,Cushing2015_MGC3v1,"Mars Global Cave Candidate Catalog (MGC3) v1 PDS4 bundle, Cushing G.E., doi:10.17189/1519222, mars_cave_catalog.zip via https://astrogeology.usgs.gov/search/map/mars_global_cave_candidate_catalog_v1_cushing (file miscellaneous/Mars_Cave_Catalog_shapefile.csv, bundle README dated 2017-06-21)",priority=3; comment=Old crater fill
mars,CC0179,-39.38928,4.97661,,,,,,,pit,Cushing2015_MGC3v1,"Mars Global Cave Candidate Catalog (MGC3) v1 PDS4 bundle, Cushing G.E., doi:10.17189/1519222, mars_cave_catalog.zip via https://astrogeology.usgs.gov/search/map/mars_global_cave_candidate_catalog_v1_cushing (file miscellaneous/Mars_Cave_Catalog_shapefile.csv, bundle README dated 2017-06-21)",priority=3; comment=Old crater fill
mars,CC0180,-39.38977,4.98047,,,,,,,pit,Cushing2015_MGC3v1,"Mars Global Cave Candidate Catalog (MGC3) v1 PDS4 bundle, Cushing G.E., doi:10.17189/1519222, mars_cave_catalog.zip via https://astrogeology.usgs.gov/search/map/mars_global_cave_candidate_catalog_v1_cushing (file miscellaneous/Mars_Cave_Catalog_shapefile.csv, bundle README dated 2017-06-21)",priority=3; comment=Old crater fill
mars,CC0181,-39.38611,4.97646,,,,,,,pit,Cushing2015_MGC3v1,"Mars Global Cave Candidate Catalog (MGC3) v1 PDS4 bundle, Cushing G.E., doi:10.17189/1519222, mars_cave_catalog.zip via https://astrogeology.usgs.gov/search/map/mars_global_cave_candidate_catalog_v1_cushing (file miscellaneous/Mars_Cave_Catalog_shapefile.csv, bundle README dated 2017-06-21)",priority=3; comment=Old crater fill
mars,CC0182,29.25533,141.02446,,,,,,,rim,Cushing2015_MGC3v1,"Mars Global Cave Candidate Catalog (MGC3) v1 PDS4 bundle, Cushing G.E., doi:10.17189/1519222, mars_cave_catalog.zip via https://astrogeology.usgs.gov/search/map/mars_global_cave_candidate_catalog_v1_cushing (file miscellaneous/Mars_Cave_Catalog_shapefile.csv, bundle README dated 2017-06-21)",priority=2; comment=lateral rim candidate
mars,CC0183,29.28374,140.9895,,,,,,,rim,Cushing2015_MGC3v1,"Mars Global Cave Candidate Catalog (MGC3) v1 PDS4 bundle, Cushing G.E., doi:10.17189/1519222, mars_cave_catalog.zip via https://astrogeology.usgs.gov/search/map/mars_global_cave_candidate_catalog_v1_cushing (file miscellaneous/Mars_Cave_Catalog_shapefile.csv, bundle README dated 2017-06-21)",priority=2; comment=lateral rim candidate
mars,CC0184,29.29048,140.97513,,,,,,,rim,Cushing2015_MGC3v1,"Mars Global Cave Candidate Catalog (MGC3) v1 PDS4 bundle, Cushing G.E., doi:10.17189/1519222, mars_cave_catalog.zip via https://astrogeology.usgs.gov/search/map/mars_global_cave_candidate_catalog_v1_cushing (file miscellaneous/Mars_Cave_Catalog_shapefile.csv, bundle README dated 2017-06-21)",priority=2; comment=lateral rim candidate
mars,CC0185,27.97803,143.53198,,,,,,,rim,Cushing2015_MGC3v1,"Mars Global Cave Candidate Catalog (MGC3) v1 PDS4 bundle, Cushing G.E., doi:10.17189/1519222, mars_cave_catalog.zip via https://astrogeology.usgs.gov/search/map/mars_global_cave_candidate_catalog_v1_cushing (file miscellaneous/Mars_Cave_Catalog_shapefile.csv, bundle README dated 2017-06-21)",priority=3; comment=halfway up wall
mars,CC0186,27.89038,143.64392,,,,,,,rim,Cushing2015_MGC3v1,"Mars Global Cave Candidate Catalog (MGC3) v1 PDS4 bundle, Cushing G.E., doi:10.17189/1519222, mars_cave_catalog.zip via https://astrogeology.usgs.gov/search/map/mars_global_cave_candidate_catalog_v1_cushing (file miscellaneous/Mars_Cave_Catalog_shapefile.csv, bundle README dated 2017-06-21)",priority=3; comment=halfway up wall
mars,CC0187,23.5704,150.24911,,,,,,,rim,Cushing2015_MGC3v1,"Mars Global Cave Candidate Catalog (MGC3) v1 PDS4 bundle, Cushing G.E., doi:10.17189/1519222, mars_cave_catalog.zip via https://astrogeology.usgs.gov/search/map/mars_global_cave_candidate_catalog_v1_cushing (file miscellaneous/Mars_Cave_Catalog_shapefile.csv, bundle README dated 2017-06-21)",priority=2; comment=overhang at intersection
mars,CC0188,17.43581,252.17131,,,,,,,rim,Cushing2015_MGC3v1,"Mars Global Cave Candidate Catalog (MGC3) v1 PDS4 bundle, Cushing G.E., doi:10.17189/1519222, mars_cave_catalog.zip via https://astrogeology.usgs.gov/search/map/mars_global_cave_candidate_catalog_v1_cushing (file miscellaneous/Mars_Cave_Catalog_shapefile.csv, bundle README dated 2017-06-21)",priority=2; comment=40m Channel edge - possible impact
mars,CC0189,12.65629,256.97528,,,,,,,rim,Cushing2015_MGC3v1,"Mars Global Cave Candidate Catalog (MGC3) v1 PDS4 bundle, Cushing G.E., doi:10.17189/1519222, mars_cave_catalog.zip via https://astrogeology.usgs.gov/search/map/mars_global_cave_candidate_catalog_v1_cushing (file miscellaneous/Mars_Cave_Catalog_shapefile.csv, bundle README dated 2017-06-21)",priority=1; comment=Hole in bright sun-facing wall?
mars,CC0190,-2.19226,249.73657,,,,,,,rim,Cushing2015_MGC3v1,"Mars Global Cave Candidate Catalog (MGC3) v1 PDS4 bundle, Cushing G.E., doi:10.17189/1519222, mars_cave_catalog.zip via https://astrogeology.usgs.gov/search/map/mars_global_cave_candidate_catalog_v1_cushing (file miscellaneous/Mars_Cave_Catalog_shapefile.csv, bundle README dated 2017-06-21)",priority=1; comment=Channel wall sun-facing deep shadows
mars,CC0191,-1.22217,246.70557,,,,,,,rim,Cushing2015_MGC3v1,"Mars Global Cave Candidate Catalog (MGC3) v1 PDS4 bundle, Cushing G.E., doi:10.17189/1519222, mars_cave_catalog.zip via https://astrogeology.usgs.gov/search/map/mars_global_cave_candidate_catalog_v1_cushing (file miscellaneous/Mars_Cave_Catalog_shapefile.csv, bundle README dated 2017-06-21)","priority=3; comment=pit rim edge, vent?"
mars,CC0192,6.45959,259.08716,,,,,,,rim,Cushing2015_MGC3v1,"Mars Global Cave Candidate Catalog (MGC3) v1 PDS4 bundle, Cushing G.E., doi:10.17189/1519222, mars_cave_catalog.zip via https://astrogeology.usgs.gov/search/map/mars_global_cave_candidate_catalog_v1_cushing (file miscellaneous/Mars_Cave_Catalog_shapefile.csv, bundle README dated 2017-06-21)",priority=3; comment=Channel edge
mars,CC0193,8.64832,251.35278,,,,,,,rim,Cushing2015_MGC3v1,"Mars Global Cave Candidate Catalog (MGC3) v1 PDS4 bundle, Cushing G.E., doi:10.17189/1519222, mars_cave_catalog.zip via https://astrogeology.usgs.gov/search/map/mars_global_cave_candidate_catalog_v1_cushing (file miscellaneous/Mars_Cave_Catalog_shapefile.csv, bundle README dated 2017-06-21)",priority=3; comment=lateral candidate in cliff face
mars,CC0194,1.71909,255.53918,,,,,,,rim,Cushing2015_MGC3v1,"Mars Global Cave Candidate Catalog (MGC3) v1 PDS4 bundle, Cushing G.E., doi:10.17189/1519222, mars_cave_catalog.zip via https://astrogeology.usgs.gov/search/map/mars_global_cave_candidate_catalog_v1_cushing (file miscellaneous/Mars_Cave_Catalog_shapefile.csv, bundle README dated 2017-06-21)",priority=0; comment=lateral candidate in large collapse pit
mars,CC0195,4.93054,254.17004,,,,,,,rim,Cushing2015_MGC3v1,"Mars Global Cave Candidate Catalog (MGC3) v1 PDS4 bundle, Cushing G.E., doi:10.17189/1519222, mars_cave_catalog.zip via https://astrogeology.usgs.gov/search/map/mars_global_cave_candidate_catalog_v1_cushing (file miscellaneous/Mars_Cave_Catalog_shapefile.csv, bundle README dated 2017-06-21)",priority=2; comment=channel rim sun-facing hole
mars,CC0196,4.88464,254.125,,,,,,,rim,Cushing2015_MGC3v1,"Mars Global Cave Candidate Catalog (MGC3) v1 PDS4 bundle, Cushing G.E., doi:10.17189/1519222, mars_cave_catalog.zip via https://astrogeology.usgs.gov/search/map/mars_global_cave_candidate_catalog_v1_cushing (file miscellaneous/Mars_Cave_Catalog_shapefile.csv, bundle README dated 2017-06-21)",priority=3; comment=channel rim sun-facing hole
mars,CC0197,8.62518,253.62769,,,,,,,rim,Cushing2015_MGC3v1,"Mars Global Cave Candidate Catalog (MGC3) v1 PDS4 bundle, Cushing G.E., doi:10.17189/1519222, mars_cave_catalog.zip via https://astrogeology.usgs.gov/search/map/mars_global_cave_candidate_catalog_v1_cushing (file miscellaneous/Mars_Cave_Catalog_shapefile.csv, bundle README dated 2017-06-21)",priority=3; comment=Possible overhang at trough end
mars,CC0198,0.36615,255.26202,,,,,,,rim,Cushing2015_MGC3v1,"Mars Global Cave Candidate Catalog (MGC3) v1 PDS4 bundle, Cushing G.E., doi:10.17189/1519222, mars_cave_catalog.zip via https://astrogeology.usgs.gov/search/map/mars_global_cave_candidate_catalog_v1_cushing (file miscellaneous/Mars_Cave_Catalog_shapefile.csv, bundle README dated 2017-06-21)",priority=2; comment=Sun-facing dark channel rim pit
mars,CC0199,0.52588,255.33264,,,,,,,rim,Cushing2015_MGC3v1,"Mars Global Cave Candidate Catalog (MGC3) v1 PDS4 bundle, Cushing G.E., doi:10.17189/1519222, mars_cave_catalog.zip via https://astrogeology.usgs.gov/search/map/mars_global_cave_candidate_catalog_v1_cushing (file miscellaneous/Mars_Cave_Catalog_shapefile.csv, bundle README dated 2017-06-21)",priority=3; comment=Sun-facing shadows in channel rim
mars,CC0200,8.85526,253.10565,,,,,,,rim,Cushing2015_MGC3v1,"Mars Global Cave Candidate Catalog (MGC3) v1 PDS4 bundle, Cushing G.E., doi:10.17189/1519222, mars_cave_catalog.zip via https://astrogeology.usgs.gov/search/map/mars_global_cave_candidate_catalog_v1_cushing (file miscellaneous/Mars_Cave_Catalog_shapefile.csv, bundle README dated 2017-06-21)",priority=2; comment=upper-rim candidate in fracture network
mars,CC0201,4.25684,238.64868,,,,,,,rim,Cushing2015_MGC3v1,"Mars Global Cave Candidate Catalog (MGC3) v1 PDS4 bundle, Cushing G.E., doi:10.17189/1519222, mars_cave_catalog.zip via https://astrogeology.usgs.gov/search/map/mars_global_cave_candidate_catalog_v1_cushing (file miscellaneous/Mars_Cave_Catalog_shapefile.csv, bundle README dated 2017-06-21)",priority=3; comment=Channel rim candidate
mars,CC0202,4.24995,238.64813,,,,,,,rim,Cushing2015_MGC3v1,"Mars Global Cave Candidate Catalog (MGC3) v1 PDS4 bundle, Cushing G.E., doi:10.17189/1519222, mars_cave_catalog.zip via https://astrogeology.usgs.gov/search/map/mars_global_cave_candidate_catalog_v1_cushing (file miscellaneous/Mars_Cave_Catalog_shapefile.csv, bundle README dated 2017-06-21)",priority=3; comment=Channel rim candidate
mars,CC0203,-10.21545,239.39313,,,,,,,rim,Cushing2015_MGC3v1,"Mars Global Cave Candidate Catalog (MGC3) v1 PDS4 bundle, Cushing G.E., doi:10.17189/1519222, mars_cave_catalog.zip via https://astrogeology.usgs.gov/search/map/mars_global_cave_candidate_catalog_v1_cushing (file miscellaneous/Mars_Cave_Catalog_shapefile.csv, bundle README dated 2017-06-21)","priority=0; comment=Arsia southern rim, 60x30"
mars,CC0204,13.74237,258.80237,,,,,,,rim,Cushing2015_MGC3v1,"Mars Global Cave Candidate Catalog (MGC3) v1 PDS4 bundle, Cushing G.E., doi:10.17189/1519222, mars_cave_catalog.zip via https://astrogeology.usgs.gov/search/map/mars_global_cave_candidate_catalog_v1_cushing (file miscellaneous/Mars_Cave_Catalog_shapefile.csv, bundle README dated 2017-06-21)",priority=1; comment=Channel rim pit
mars,CC0205,19.61151,252.29527,,,,,,,rim,Cushing2015_MGC3v1,"Mars Global Cave Candidate Catalog (MGC3) v1 PDS4 bundle, Cushing G.E., doi:10.17189/1519222, mars_cave_catalog.zip via https://astrogeology.usgs.gov/search/map/mars_global_cave_candidate_catalog_v1_cushing (file miscellaneous/Mars_Cave_Catalog_shapefile.csv, bundle README dated 2017-06-21)",priority=2; comment=Channel intersection candidates
mars,CC0206,30.56471,141.31189,,,,,,,irr,Cushing2015_MGC3v1,"Mars Global Cave Candidate Catalog (MGC3) v1 PDS4 bundle, Cushing G.E., doi:10.17189/1519222, mars_cave_catalog.zip via https://astrogeology.usgs.gov/search/map/mars_global_cave_candidate_catalog_v1_cushing (file miscellaneous/Mars_Cave_Catalog_shapefile.csv, bundle README dated 2017-06-21)","priority=0; comment=dark, sharp-edge hole in surface"
mars,CC0207,-2.94233,237.79013,,,,,,,sky,Cushing2015_MGC3v1,"Mars Global Cave Candidate Catalog (MGC3) v1 PDS4 bundle, Cushing G.E., doi:10.17189/1519222, mars_cave_catalog.zip via https://astrogeology.usgs.gov/search/map/mars_global_cave_candidate_catalog_v1_cushing (file miscellaneous/Mars_Cave_Catalog_shapefile.csv, bundle README dated 2017-06-21)",priority=2; comment=Skylight
mars,CC0208,-3.88153,235.97858,,,,,,,sky,Cushing2015_MGC3v1,"Mars Global Cave Candidate Catalog (MGC3) v1 PDS4 bundle, Cushing G.E., doi:10.17189/1519222, mars_cave_catalog.zip via https://astrogeology.usgs.gov/search/map/mars_global_cave_candidate_catalog_v1_cushing (file miscellaneous/Mars_Cave_Catalog_shapefile.csv, bundle README dated 2017-06-21)",priority=2; comment=Tube skylight at base of NW Arsia
mars,CC0209,-3.8749,235.97299,,,,,,,sky,Cushing2015_MGC3v1,"Mars Global Cave Candidate Catalog (MGC3) v1 PDS4 bundle, Cushing G.E., doi:10.17189/1519222, mars_cave_catalog.zip via https://astrogeology.usgs.gov/search/map/mars_global_cave_candidate_catalog_v1_cushing (file miscellaneous/Mars_Cave_Catalog_shapefile.csv, bundle README dated 2017-06-21)",priority=2; comment=Tube skylight at base of NW Arsia
mars,CC0210,-3.84704,235.90771,,,,,,,sky,Cushing2015_MGC3v1,"Mars Global Cave Candidate Catalog (MGC3) v1 PDS4 bundle, Cushing G.E., doi:10.17189/1519222, mars_cave_catalog.zip via https://astrogeology.usgs.gov/search/map/mars_global_cave_candidate_catalog_v1_cushing (file miscellaneous/Mars_Cave_Catalog_shapefile.csv, bundle README dated 2017-06-21)",priority=2; comment=Tube skylight at base of NW Arsia
mars,CC0211,-3.81203,235.87369,,,,,,,sky,Cushing2015_MGC3v1,"Mars Global Cave Candidate Catalog (MGC3) v1 PDS4 bundle, Cushing G.E., doi:10.17189/1519222, mars_cave_catalog.zip via https://astrogeology.usgs.gov/search/map/mars_global_cave_candidate_catalog_v1_cushing (file miscellaneous/Mars_Cave_Catalog_shapefile.csv, bundle README dated 2017-06-21)",priority=1; comment=Tube skylight at base of NW Arsia
mars,CC0212,-3.80266,235.85858,,,,,,,sky,Cushing2015_MGC3v1,"Mars Global Cave Candidate Catalog (MGC3) v1 PDS4 bundle, Cushing G.E., doi:10.17189/1519222, mars_cave_catalog.zip via https://astrogeology.usgs.gov/search/map/mars_global_cave_candidate_catalog_v1_cushing (file miscellaneous/Mars_Cave_Catalog_shapefile.csv, bundle README dated 2017-06-21)",priority=2; comment=Tube skylight at base of NW Arsia
mars,CC0213,-3.79186,235.84897,,,,,,,sky,Cushing2015_MGC3v1,"Mars Global Cave Candidate Catalog (MGC3) v1 PDS4 bundle, Cushing G.E., doi:10.17189/1519222, mars_cave_catalog.zip via https://astrogeology.usgs.gov/search/map/mars_global_cave_candidate_catalog_v1_cushing (file miscellaneous/Mars_Cave_Catalog_shapefile.csv, bundle README dated 2017-06-21)",priority=2; comment=Tube skylight at base of NW Arsia
mars,CC0214,-3.53171,238.71924,,,,,,,sky,Cushing2015_MGC3v1,"Mars Global Cave Candidate Catalog (MGC3) v1 PDS4 bundle, Cushing G.E., doi:10.17189/1519222, mars_cave_catalog.zip via https://astrogeology.usgs.gov/search/map/mars_global_cave_candidate_catalog_v1_cushing (file miscellaneous/Mars_Cave_Catalog_shapefile.csv, bundle README dated 2017-06-21)",priority=1; comment=good 20m tube skylight
mars,CC0215,-1.0625,231.47443,,,,,,,sky,Cushing2015_MGC3v1,"Mars Global Cave Candidate Catalog (MGC3) v1 PDS4 bundle, Cushing G.E., doi:10.17189/1519222, mars_cave_catalog.zip via https://astrogeology.usgs.gov/search/map/mars_global_cave_candidate_catalog_v1_cushing (file miscellaneous/Mars_Cave_Catalog_shapefile.csv, bundle README dated 2017-06-21)",priority=2; comment=Skylight or secondary?
mars,CC0216,-1.06311,231.47443,,,,,,,sky,Cushing2015_MGC3v1,"Mars Global Cave Candidate Catalog (MGC3) v1 PDS4 bundle, Cushing G.E., doi:10.17189/1519222, mars_cave_catalog.zip via https://astrogeology.usgs.gov/search/map/mars_global_cave_candidate_catalog_v1_cushing (file miscellaneous/Mars_Cave_Catalog_shapefile.csv, bundle README dated 2017-06-21)",priority=2; comment=Skylight or secondary?
mars,CC0217,-0.09827,233.05197,,,,,,,sky,Cushing2015_MGC3v1,"Mars Global Cave Candidate Catalog (MGC3) v1 PDS4 bundle, Cushing G.E., doi:10.17189/1519222, mars_cave_catalog.zip via https://astrogeology.usgs.gov/search/map/mars_global_cave_candidate_catalog_v1_cushing (file miscellaneous/Mars_Cave_Catalog_shapefile.csv, bundle README dated 2017-06-21)",priority=2; comment=candidate tube skylight
mars,CC0218,-0.0939,233.06619,,,,,,,sky,Cushing2015_MGC3v1,"Mars Global Cave Candidate Catalog (MGC3) v1 PDS4 bundle, Cushing G.E., doi:10.17189/1519222, mars_cave_catalog.zip via https://astrogeology.usgs.gov/search/map/mars_global_cave_candidate_catalog_v1_cushing (file miscellaneous/Mars_Cave_Catalog_shapefile.csv, bundle README dated 2017-06-21)",priority=2; comment=candidate tube skylight
mars,CC0219,-0.09191,233.069,,,,,,,sky,Cushing2015_MGC3v1,"Mars Global Cave Candidate Catalog (MGC3) v1 PDS4 bundle, Cushing G.E., doi:10.17189/1519222, mars_cave_catalog.zip via https://astrogeology.usgs.gov/search/map/mars_global_cave_candidate_catalog_v1_cushing (file miscellaneous/Mars_Cave_Catalog_shapefile.csv, bundle README dated 2017-06-21)",priority=3; comment=candidate tube skylight
mars,CC0220,-0.09179,233.08603,,,,,,,sky,Cushing2015_MGC3v1,"Mars Global Cave Candidate Catalog (MGC3) v1 PDS4 bundle, Cushing G.E., doi:10.17189/1519222, mars_cave_catalog.zip via https://astrogeology.usgs.gov/search/map/mars_global_cave_candidate_catalog_v1_cushing (file miscellaneous/Mars_Cave_Catalog_shapefile.csv, bundle README dated 2017-06-21)",priority=1; comment=candidate tube skylight
mars,CC0221,-11.51587,239.65538,,,,,,,sky,Cushing2015_MGC3v1,"Mars Global Cave Candidate Catalog (MGC3) v1 PDS4 bundle, Cushing G.E., doi:10.17189/1519222, mars_cave_catalog.zip via https://astrogeology.usgs.gov/search/map/mars_global_cave_candidate_catalog_v1_cushing (file miscellaneous/Mars_Cave_Catalog_shapefile.csv, bundle README dated 2017-06-21)",priority=0; comment=skylight off Arsia south flank
mars,CC0222,-13.32391,239.065,,,,,,,sky,Cushing2015_MGC3v1,"Mars Global Cave Candidate Catalog (MGC3) v1 PDS4 bundle, Cushing G.E., doi:10.17189/1519222, mars_cave_catalog.zip via https://astrogeology.usgs.gov/search/map/mars_global_cave_candidate_catalog_v1_cushing (file miscellaneous/Mars_Cave_Catalog_shapefile.csv, bundle README dated 2017-06-21)",priority=1; comment=initial surface breach?
mars,CC0223,-11.47247,234.31424,,,,,,,sky,Cushing2015_MGC3v1,"Mars Global Cave Candidate Catalog (MGC3) v1 PDS4 bundle, Cushing G.E., doi:10.17189/1519222, mars_cave_catalog.zip via https://astrogeology.usgs.gov/search/map/mars_global_cave_candidate_catalog_v1_cushing (file miscellaneous/Mars_Cave_Catalog_shapefile.csv, bundle README dated 2017-06-21)",priority=1; comment=inflated flow skylight candidate --
mars,CC0224,-4.07337,236.92743,,,,,,,sky,Cushing2015_MGC3v1,"Mars Global Cave Candidate Catalog (MGC3) v1 PDS4 bundle, Cushing G.E., doi:10.17189/1519222, mars_cave_catalog.zip via https://astrogeology.usgs.gov/search/map/mars_global_cave_candidate_catalog_v1_cushing (file miscellaneous/Mars_Cave_Catalog_shapefile.csv, bundle README dated 2017-06-21)",priority=1; comment=Skylight pair (srp?) - Arsia off flank
mars,CC0225,-4.07527,236.92807,,,,,,,sky,Cushing2015_MGC3v1,"Mars Global Cave Candidate Catalog (MGC3) v1 PDS4 bundle, Cushing G.E., doi:10.17189/1519222, mars_cave_catalog.zip via https://astrogeology.usgs.gov/search/map/mars_global_cave_candidate_catalog_v1_cushing (file miscellaneous/Mars_Cave_Catalog_shapefile.csv, bundle README dated 2017-06-21)",priority=1; comment=Skylight pair (srp?) - Arsia off flank
mars,CC0226,-3.2384,236.19675,,,,,,,sky,Cushing2015_MGC3v1,"Mars Global Cave Candidate Catalog (MGC3) v1 PDS4 bundle, Cushing G.E., doi:10.17189/1519222, mars_cave_catalog.zip via https://astrogeology.usgs.gov/search/map/mars_global_cave_candidate_catalog_v1_cushing (file miscellaneous/Mars_Cave_Catalog_shapefile.csv, bundle README dated 2017-06-21)",priority=3; comment=Skylight
mars,CC0227,-3.24085,236.19661,,,,,,,sky,Cushing2015_MGC3v1,"Mars Global Cave Candidate Catalog (MGC3) v1 PDS4 bundle, Cushing G.E., doi:10.17189/1519222, mars_cave_catalog.zip via https://astrogeology.usgs.gov/search/map/mars_global_cave_candidate_catalog_v1_cushing (file miscellaneous/Mars_Cave_Catalog_shapefile.csv, bundle README dated 2017-06-21)",priority=3; comment=Skylight
mars,CC0228,-3.25931,236.20187,,,,,,,sky,Cushing2015_MGC3v1,"Mars Global Cave Candidate Catalog (MGC3) v1 PDS4 bundle, Cushing G.E., doi:10.17189/1519222, mars_cave_catalog.zip via https://astrogeology.usgs.gov/search/map/mars_global_cave_candidate_catalog_v1_cushing (file miscellaneous/Mars_Cave_Catalog_shapefile.csv, bundle README dated 2017-06-21)",priority=1; comment=Skylight
mars,CC0229,-3.26335,236.20406,,,,,,,sky,Cushing2015_MGC3v1,"Mars Global Cave Candidate Catalog (MGC3) v1 PDS4 bundle, Cushing G.E., doi:10.17189/1519222, mars_cave_catalog.zip via https://astrogeology.usgs.gov/search/map/mars_global_cave_candidate_catalog_v1_cushing (file miscellaneous/Mars_Cave_Catalog_shapefile.csv, bundle README dated 2017-06-21)",priority=1; comment=Skylight
mars,CC0230,-3.26965,236.20258,,,,,,,sky,Cushing2015_MGC3v1,"Mars Global Cave Candidate Catalog (MGC3) v1 PDS4 bundle, Cushing G.E., doi:10.17189/1519222, mars_cave_catalog.zip via https://astrogeology.usgs.gov/search/map/mars_global_cave_candidate_catalog_v1_cushing (file miscellaneous/Mars_Cave_Catalog_shapefile.csv, bundle README dated 2017-06-21)",priority=2; comment=Skylight
mars,CC0231,-3.271,236.20203,,,,,,,sky,Cushing2015_MGC3v1,"Mars Global Cave Candidate Catalog (MGC3) v1 PDS4 bundle, Cushing G.E., doi:10.17189/1519222, mars_cave_catalog.zip via https://astrogeology.usgs.gov/search/map/mars_global_cave_candidate_catalog_v1_cushing (file miscellaneous/Mars_Cave_Catalog_shapefile.csv, bundle README dated 2017-06-21)",priority=2; comment=Skylight
mars,CC0232,-3.27386,236.20734,,,,,,,sky,Cushing2015_MGC3v1,"Mars Global Cave Candidate Catalog (MGC3) v1 PDS4 bundle, Cushing G.E., doi:10.17189/1519222, mars_cave_catalog.zip via https://astrogeology.usgs.gov/search/map/mars_global_cave_candidate_catalog_v1_cushing (file miscellaneous/Mars_Cave_Catalog_shapefile.csv, bundle README dated 2017-06-21)",priority=2; comment=Skylight
mars,CC0233,-3.27304,236.21304,,,,,,,sky,Cushing2015_MGC3v1,"Mars Global Cave Candidate Catalog (MGC3) v1 PDS4 bundle, Cushing G.E., doi:10.17189/1519222, mars_cave_catalog.zip via https://astrogeology.usgs.gov/search/map/mars_global_cave_candidate_catalog_v1_cushing (file miscellaneous/Mars_Cave_Catalog_shapefile.csv, bundle README dated 2017-06-21)",priority=1; comment=Skylight
mars,CC0234,-3.27776,236.22694,,,,,,,sky,Cushing2015_MGC3v1,"Mars Global Cave Candidate Catalog (MGC3) v1 PDS4 bundle, Cushing G.E., doi:10.17189/1519222, mars_cave_catalog.zip via https://astrogeology.usgs.gov/search/map/mars_global_cave_candidate_catalog_v1_cushing (file miscellaneous/Mars_Cave_Catalog_shapefile.csv, bundle README dated 2017-06-21)",priority=2; comment=Skylight
mars,CC0235,-3.28107,236.23248,,,,,,,sky,Cushing2015_MGC3v1,"Mars Global Cave Candidate Catalog (MGC3) v1 PDS4 bundle, Cushing G.E., doi:10.17189/1519222, mars_cave_catalog.zip via https://astrogeology.usgs.gov/search/map/mars_global_cave_candidate_catalog_v1_cushing (file miscellaneous/Mars_Cave_Catalog_shapefile.csv, bundle README dated 2017-06-21)",priority=2; comment=Skylight
mars,CC0236,-3.2932,236.23712,,,,,,,sky,Cushing2015_MGC3v1,"Mars Global Cave Candidate Catalog (MGC3) v1 PDS4 bundle, Cushing G.E., doi:10.17189/1519222, mars_cave_catalog.zip via https://astrogeology.usgs.gov/search/map/mars_global_cave_candidate_catalog_v1_cushing (file miscellaneous/Mars_Cave_Catalog_shapefile.csv, bundle README dated 2017-06-21)",priority=1; comment=Skylight
mars,CC0237,-3.30621,236.24951,,,,,,,sky,Cushing2015_MGC3v1,"Mars Global Cave Candidate Catalog (MGC3) v1 PDS4 bundle, Cushing G.E., doi:10.17189/1519222, mars_cave_catalog.zip via https://astrogeology.usgs.gov/search/map/mars_global_cave_candidate_catalog_v1_cushing (file miscellaneous/Mars_Cave_Catalog_shapefile.csv, bundle README dated 2017-06-21)",priority=1; comment=Skylight
mars,CC0238,-3.30982,236.26123,,,,,,,sky,Cushing2015_MGC3v1,"Mars Global Cave Candidate Catalog (MGC3) v1 PDS4 bundle, Cushing G.E., doi:10.17189/1519222, mars_cave_catalog.zip via https://astrogeology.usgs.gov/search/map/mars_global_cave_candidate_catalog_v1_cushing (file miscellaneous/Mars_Cave_Catalog_shapefile.csv, bundle README dated 2017-06-21)",priority=1; comment=Skylight
mars,CC0239,-3.34606,236.28058,,,,,,,sky,Cushing2015_MGC3v1,"Mars Global Cave Candidate Catalog (MGC3) v1 PDS4 bundle, Cushing G.E., doi:10.17189/1519222, mars_cave_catalog.zip via https://astrogeology.usgs.gov/search/map/mars_global_cave_candidate_catalog_v1_cushing (file miscellaneous/Mars_Cave_Catalog_shapefile.csv, bundle README dated 2017-06-21)",priority=2; comment=Skylight
mars,CC0240,-3.35328,236.28262,,,,,,,sky,Cushing2015_MGC3v1,"Mars Global Cave Candidate Catalog (MGC3) v1 PDS4 bundle, Cushing G.E., doi:10.17189/1519222, mars_cave_catalog.zip via https://astrogeology.usgs.gov/search/map/mars_global_cave_candidate_catalog_v1_cushing (file miscellaneous/Mars_Cave_Catalog_shapefile.csv, bundle README dated 2017-06-21)",priority=2; comment=Skylight
mars,CC0241,-3.36976,236.28387,,,,,,,sky,Cushing2015_MGC3v1,"Mars Global Cave Candidate Catalog (MGC3) v1 PDS4 bundle, Cushing G.E., doi:10.17189/1519222, mars_cave_catalog.zip via https://astrogeology.usgs.gov/search/map/mars_global_cave_candidate_catalog_v1_cushing (file miscellaneous/Mars_Cave_Catalog_shapefile.csv, bundle README dated 2017-06-21)",priority=1; comment=Skylight
mars,CC0242,-3.37601,236.28836,,,,,,,sky,Cushing2015_MGC3v1,"Mars Global Cave Candidate Catalog (MGC3) v1 PDS4 bundle, Cushing G.E., doi:10.17189/1519222, mars_cave_catalog.zip via https://astrogeology.usgs.gov/search/map/mars_global_cave_candidate_catalog_v1_cushing (file miscellaneous/Mars_Cave_Catalog_shapefile.csv, bundle README dated 2017-06-21)",priority=1; comment=Skylight
mars,CC0243,-3.39853,236.29861,,,,,,,sky,Cushing2015_MGC3v1,"Mars Global Cave Candidate Catalog (MGC3) v1 PDS4 bundle, Cushing G.E., doi:10.17189/1519222, mars_cave_catalog.zip via https://astrogeology.usgs.gov/search/map/mars_global_cave_candidate_catalog_v1_cushing (file miscellaneous/Mars_Cave_Catalog_shapefile.csv, bundle README dated 2017-06-21)",priority=3; comment=Skylight
mars,CC0244,-3.4129,236.3006,,,,,,,sky,Cushing2015_MGC3v1,"Mars Global Cave Candidate Catalog (MGC3) v1 PDS4 bundle, Cushing G.E., doi:10.17189/1519222, mars_cave_catalog.zip via https://astrogeology.usgs.gov/search/map/mars_global_cave_candidate_catalog_v1_cushing (file miscellaneous/Mars_Cave_Catalog_shapefile.csv, bundle README dated 2017-06-21)",priority=3; comment=Skylight
mars,CC0245,-3.42664,236.30414,,,,,,,sky,Cushing2015_MGC3v1,"Mars Global Cave Candidate Catalog (MGC3) v1 PDS4 bundle, Cushing G.E., doi:10.17189/1519222, mars_cave_catalog.zip via https://astrogeology.usgs.gov/search/map/mars_global_cave_candidate_catalog_v1_cushing (file miscellaneous/Mars_Cave_Catalog_shapefile.csv, bundle README dated 2017-06-21)",priority=2; comment=Skylight
mars,CC0246,-3.42755,236.30518,,,,,,,sky,Cushing2015_MGC3v1,"Mars Global Cave Candidate Catalog (MGC3) v1 PDS4 bundle, Cushing G.E., doi:10.17189/1519222, mars_cave_catalog.zip via https://astrogeology.usgs.gov/search/map/mars_global_cave_candidate_catalog_v1_cushing (file miscellaneous/Mars_Cave_Catalog_shapefile.csv, bundle README dated 2017-06-21)",priority=2; comment=Skylight
mars,CC0247,-3.47152,236.31851,,,,,,,sky,Cushing2015_MGC3v1,"Mars Global Cave Candidate Catalog (MGC3) v1 PDS4 bundle, Cushing G.E., doi:10.17189/1519222, mars_cave_catalog.zip via https://astrogeology.usgs.gov/search/map/mars_global_cave_candidate_catalog_v1_cushing (file miscellaneous/Mars_Cave_Catalog_shapefile.csv, bundle README dated 2017-06-21)",priority=3; comment=Skylight
mars,CC0248,-3.49195,236.33276,,,,,,,sky,Cushing2015_MGC3v1,"Mars Global Cave Candidate Catalog (MGC3) v1 PDS4 bundle, Cushing G.E., doi:10.17189/1519222, mars_cave_catalog.zip via https://astrogeology.usgs.gov/search/map/mars_global_cave_candidate_catalog_v1_cushing (file miscellaneous/Mars_Cave_Catalog_shapefile.csv, bundle README dated 2017-06-21)",priority=2; comment=Skylight
mars,CC0249,-3.49398,236.33904,,,,,,,sky,Cushing2015_MGC3v1,"Mars Global Cave Candidate Catalog (MGC3) v1 PDS4 bundle, Cushing G.E., doi:10.17189/1519222, mars_cave_catalog.zip via https://astrogeology.usgs.gov/search/map/mars_global_cave_candidate_catalog_v1_cushing (file miscellaneous/Mars_Cave_Catalog_shapefile.csv, bundle README dated 2017-06-21)",priority=1; comment=Skylight
mars,CC0250,-3.5139,236.3663,,,,,,,sky,Cushing2015_MGC3v1,"Mars Global Cave Candidate Catalog (MGC3) v1 PDS4 bundle, Cushing G.E., doi:10.17189/1519222, mars_cave_catalog.zip via https://astrogeology.usgs.gov/search/map/mars_global_cave_candidate_catalog_v1_cushing (file miscellaneous/Mars_Cave_Catalog_shapefile.csv, bundle README dated 2017-06-21)",priority=1; comment=Skylight
mars,CC0251,-3.52102,236.37251,,,,,,,sky,Cushing2015_MGC3v1,"Mars Global Cave Candidate Catalog (MGC3) v1 PDS4 bundle, Cushing G.E., doi:10.17189/1519222, mars_cave_catalog.zip via https://astrogeology.usgs.gov/search/map/mars_global_cave_candidate_catalog_v1_cushing (file miscellaneous/Mars_Cave_Catalog_shapefile.csv, bundle README dated 2017-06-21)",priority=2; comment=Skylight
mars,CC0252,-3.42105,236.48627,,,,,,,sky,Cushing2015_MGC3v1,"Mars Global Cave Candidate Catalog (MGC3) v1 PDS4 bundle, Cushing G.E., doi:10.17189/1519222, mars_cave_catalog.zip via https://astrogeology.usgs.gov/search/map/mars_global_cave_candidate_catalog_v1_cushing (file miscellaneous/Mars_Cave_Catalog_shapefile.csv, bundle README dated 2017-06-21)",priority=3; comment=Skylight
mars,CC0253,3.75879,248.48291,,,,,,,sky,Cushing2015_MGC3v1,"Mars Global Cave Candidate Catalog (MGC3) v1 PDS4 bundle, Cushing G.E., doi:10.17189/1519222, mars_cave_catalog.zip via https://astrogeology.usgs.gov/search/map/mars_global_cave_candidate_catalog_v1_cushing (file miscellaneous/Mars_Cave_Catalog_shapefile.csv, bundle README dated 2017-06-21)",priority=0; comment=Famous pit-floor cave on Pavonis
mars,CC0254,17.93182,243.44803,,,,,,,sky,Cushing2015_MGC3v1,"Mars Global Cave Candidate Catalog (MGC3) v1 PDS4 bundle, Cushing G.E., doi:10.17189/1519222, mars_cave_catalog.zip via https://astrogeology.usgs.gov/search/map/mars_global_cave_candidate_catalog_v1_cushing (file miscellaneous/Mars_Cave_Catalog_shapefile.csv, bundle README dated 2017-06-21)",priority=1; comment=Possible vent hole with attached tube or dike
mars,CC0255,0.83864,240.80505,,,,,,,sky,Cushing2015_MGC3v1,"Mars Global Cave Candidate Catalog (MGC3) v1 PDS4 bundle, Cushing G.E., doi:10.17189/1519222, mars_cave_catalog.zip via https://astrogeology.usgs.gov/search/map/mars_global_cave_candidate_catalog_v1_cushing (file miscellaneous/Mars_Cave_Catalog_shapefile.csv, bundle README dated 2017-06-21)",priority=1; comment=skylight as wide as channel in flood lavas
mars,CC0256,6.30237,250.55907,,,,,,,sky,Cushing2015_MGC3v1,"Mars Global Cave Candidate Catalog (MGC3) v1 PDS4 bundle, Cushing G.E., doi:10.17189/1519222, mars_cave_catalog.zip via https://astrogeology.usgs.gov/search/map/mars_global_cave_candidate_catalog_v1_cushing (file miscellaneous/Mars_Cave_Catalog_shapefile.csv, bundle README dated 2017-06-21)",priority=0; comment=Lavatube impact NW
mars,CC0257,6.29941,250.56293,,,,,,,sky,Cushing2015_MGC3v1,"Mars Global Cave Candidate Catalog (MGC3) v1 PDS4 bundle, Cushing G.E., doi:10.17189/1519222, mars_cave_catalog.zip via https://astrogeology.usgs.gov/search/map/mars_global_cave_candidate_catalog_v1_cushing (file miscellaneous/Mars_Cave_Catalog_shapefile.csv, bundle README dated 2017-06-21)",priority=0; comment=Lavatube impact SE
mars,CC0258,12.2741,243.60184,,,,,,,sky,Cushing2015_MGC3v1,"Mars Global Cave Candidate Catalog (MGC3) v1 PDS4 bundle, Cushing G.E., doi:10.17189/1519222, mars_cave_catalog.zip via https://astrogeology.usgs.gov/search/map/mars_global_cave_candidate_catalog_v1_cushing (file miscellaneous/Mars_Cave_Catalog_shapefile.csv, bundle README dated 2017-06-21)",priority=3; comment=Small hole in surface?
mars,CC0259,7.67303,242.55937,,,,,,,sky,Cushing2015_MGC3v1,"Mars Global Cave Candidate Catalog (MGC3) v1 PDS4 bundle, Cushing G.E., doi:10.17189/1519222, mars_cave_catalog.zip via https://astrogeology.usgs.gov/search/map/mars_global_cave_candidate_catalog_v1_cushing (file miscellaneous/Mars_Cave_Catalog_shapefile.csv, bundle README dated 2017-06-21)",priority=1; comment=Graben-edge 170x300m pit with strong overhang
mars,CC0260,-2.0575,242.6543,,,,,,,sky,Cushing2015_MGC3v1,"Mars Global Cave Candidate Catalog (MGC3) v1 PDS4 bundle, Cushing G.E., doi:10.17189/1519222, mars_cave_catalog.zip via https://astrogeology.usgs.gov/search/map/mars_global_cave_candidate_catalog_v1_cushing (file miscellaneous/Mars_Cave_Catalog_shapefile.csv, bundle README dated 2017-06-21)",priority=3; comment=pit in channel
mars,CC0261,-1.3075,240.71436,,,,,,,sky,Cushing2015_MGC3v1,"Mars Global Cave Candidate Catalog (MGC3) v1 PDS4 bundle, Cushing G.E., doi:10.17189/1519222, mars_cave_catalog.zip via https://astrogeology.usgs.gov/search/map/mars_global_cave_candidate_catalog_v1_cushing (file miscellaneous/Mars_Cave_Catalog_shapefile.csv, bundle README dated 2017-06-21)",priority=2; comment=Tube skylight
mars,CC0262,-5.36182,241.35071,,,,,,,sky,Cushing2015_MGC3v1,"Mars Global Cave Candidate Catalog (MGC3) v1 PDS4 bundle, Cushing G.E., doi:10.17189/1519222, mars_cave_catalog.zip via https://astrogeology.usgs.gov/search/map/mars_global_cave_candidate_catalog_v1_cushing (file miscellaneous/Mars_Cave_Catalog_shapefile.csv, bundle README dated 2017-06-21)",priority=3; comment=Deep black shadow in lava ridge
mars,CC0263,-3.00806,241.07751,,,,,,,sky,Cushing2015_MGC3v1,"Mars Global Cave Candidate Catalog (MGC3) v1 PDS4 bundle, Cushing G.E., doi:10.17189/1519222, mars_cave_catalog.zip via https://astrogeology.usgs.gov/search/map/mars_global_cave_candidate_catalog_v1_cushing (file miscellaneous/Mars_Cave_Catalog_shapefile.csv, bundle README dated 2017-06-21)",priority=2; comment=Skylight between impact craters?
mars,CC0264,-1.77197,246.44189,,,,,,,sky,Cushing2015_MGC3v1,"Mars Global Cave Candidate Catalog (MGC3) v1 PDS4 bundle, Cushing G.E., doi:10.17189/1519222, mars_cave_catalog.zip via https://astrogeology.usgs.gov/search/map/mars_global_cave_candidate_catalog_v1_cushing (file miscellaneous/Mars_Cave_Catalog_shapefile.csv, bundle README dated 2017-06-21)",priority=2; comment=200m lava structure w/ candidate?
mars,CC0265,-3.67224,248.81116,,,,,,,sky,Cushing2015_MGC3v1,"Mars Global Cave Candidate Catalog (MGC3) v1 PDS4 bundle, Cushing G.E., doi:10.17189/1519222, mars_cave_catalog.zip via https://astrogeology.usgs.gov/search/map/mars_global_cave_candidate_catalog_v1_cushing (file miscellaneous/Mars_Cave_Catalog_shapefile.csv, bundle README dated 2017-06-21)",priority=1; comment=Skylight in channel
mars,CC0266,-8.46655,246.24414,,,,,,,sky,Cushing2015_MGC3v1,"Mars Global Cave Candidate Catalog (MGC3) v1 PDS4 bundle, Cushing G.E., doi:10.17189/1519222, mars_cave_catalog.zip via https://astrogeology.usgs.gov/search/map/mars_global_cave_candidate_catalog_v1_cushing (file miscellaneous/Mars_Cave_Catalog_shapefile.csv, bundle README dated 2017-06-21)",priority=3; comment=Tube skylight
mars,CC0267,-5.54462,245.94412,,,,,,,sky,Cushing2015_MGC3v1,"Mars Global Cave Candidate Catalog (MGC3) v1 PDS4 bundle, Cushing G.E., doi:10.17189/1519222, mars_cave_catalog.zip via https://astrogeology.usgs.gov/search/map/mars_global_cave_candidate_catalog_v1_cushing (file miscellaneous/Mars_Cave_Catalog_shapefile.csv, bundle README dated 2017-06-21)",priority=3; comment=unusual dark pit alongside channel
mars,CC0268,-7.42236,246.56177,,,,,,,sky,Cushing2015_MGC3v1,"Mars Global Cave Candidate Catalog (MGC3) v1 PDS4 bundle, Cushing G.E., doi:10.17189/1519222, mars_cave_catalog.zip via https://astrogeology.usgs.gov/search/map/mars_global_cave_candidate_catalog_v1_cushing (file miscellaneous/Mars_Cave_Catalog_shapefile.csv, bundle README dated 2017-06-21)",priority=2; comment=Channel edge cliff skylight
mars,CC0269,-0.22037,250.5435,,,,,,,sky,Cushing2015_MGC3v1,"Mars Global Cave Candidate Catalog (MGC3) v1 PDS4 bundle, Cushing G.E., doi:10.17189/1519222, mars_cave_catalog.zip via https://astrogeology.usgs.gov/search/map/mars_global_cave_candidate_catalog_v1_cushing (file miscellaneous/Mars_Cave_Catalog_shapefile.csv, bundle README dated 2017-06-21)",priority=3; comment=candidate in inverted channel
mars,CC0270,-8.22035,248.04752,,,,,,,sky,Cushing2015_MGC3v1,"Mars Global Cave Candidate Catalog (MGC3) v1 PDS4 bundle, Cushing G.E., doi:10.17189/1519222, mars_cave_catalog.zip via https://astrogeology.usgs.gov/search/map/mars_global_cave_candidate_catalog_v1_cushing (file miscellaneous/Mars_Cave_Catalog_shapefile.csv, bundle README dated 2017-06-21)",priority=1; comment=Tube skylight pair
mars,CC0271,-8.22235,248.04752,,,,,,,sky,Cushing2015_MGC3v1,"Mars Global Cave Candidate Catalog (MGC3) v1 PDS4 bundle, Cushing G.E., doi:10.17189/1519222, mars_cave_catalog.zip via https://astrogeology.usgs.gov/search/map/mars_global_cave_candidate_catalog_v1_cushing (file miscellaneous/Mars_Cave_Catalog_shapefile.csv, bundle README dated 2017-06-21)",priority=1; comment=Tube skylight pair
mars,CC0272,34.21344,348.96191,,,,,,,sky,Cushing2015_MGC3v1,"Mars Global Cave Candidate Catalog (MGC3) v1 PDS4 bundle, Cushing G.E., doi:10.17189/1519222, mars_cave_catalog.zip via https://astrogeology.usgs.gov/search/map/mars_global_cave_candidate_catalog_v1_cushing (file miscellaneous/Mars_Cave_Catalog_shapefile.csv, bundle README dated 2017-06-21)",priority=0; comment=Tube?
mars,CC0273,-2.17212,248.61377,,,,,,,sky,Cushing2015_MGC3v1,"Mars Global Cave Candidate Catalog (MGC3) v1 PDS4 bundle, Cushing G.E., doi:10.17189/1519222, mars_cave_catalog.zip via https://astrogeology.usgs.gov/search/map/mars_global_cave_candidate_catalog_v1_cushing (file miscellaneous/Mars_Cave_Catalog_shapefile.csv, bundle README dated 2017-06-21)",priority=1; comment=hole in top of cone
mars,CC0274,-2.37024,242.15625,,,,,,,sky,Cushing2015_MGC3v1,"Mars Global Cave Candidate Catalog (MGC3) v1 PDS4 bundle, Cushing G.E., doi:10.17189/1519222, mars_cave_catalog.zip via https://astrogeology.usgs.gov/search/map/mars_global_cave_candidate_catalog_v1_cushing (file miscellaneous/Mars_Cave_Catalog_shapefile.csv, bundle README dated 2017-06-21)",priority=0; comment=Line of trench pits
mars,CC0275,-2.33789,242.14661,,,,,,,sky,Cushing2015_MGC3v1,"Mars Global Cave Candidate Catalog (MGC3) v1 PDS4 bundle, Cushing G.E., doi:10.17189/1519222, mars_cave_catalog.zip via https://astrogeology.usgs.gov/search/map/mars_global_cave_candidate_catalog_v1_cushing (file miscellaneous/Mars_Cave_Catalog_shapefile.csv, bundle README dated 2017-06-21)",priority=0; comment=Trench pit
mars,CC0276,-2.48511,242.29053,,,,,,,sky,Cushing2015_MGC3v1,"Mars Global Cave Candidate Catalog (MGC3) v1 PDS4 bundle, Cushing G.E., doi:10.17189/1519222, mars_cave_catalog.zip via https://astrogeology.usgs.gov/search/map/mars_global_cave_candidate_catalog_v1_cushing (file miscellaneous/Mars_Cave_Catalog_shapefile.csv, bundle README dated 2017-06-21)",priority=0; comment=Trench pit
mars,CC0277,-1.39307,249.97803,,,,,,,sky,Cushing2015_MGC3v1,"Mars Global Cave Candidate Catalog (MGC3) v1 PDS4 bundle, Cushing G.E., doi:10.17189/1519222, mars_cave_catalog.zip via https://astrogeology.usgs.gov/search/map/mars_global_cave_candidate_catalog_v1_cushing (file miscellaneous/Mars_Cave_Catalog_shapefile.csv, bundle README dated 2017-06-21)",priority=1; comment=skylight
mars,CC0278,-0.28812,250.10025,,,,,,,sky,Cushing2015_MGC3v1,"Mars Global Cave Candidate Catalog (MGC3) v1 PDS4 bundle, Cushing G.E., doi:10.17189/1519222, mars_cave_catalog.zip via https://astrogeology.usgs.gov/search/map/mars_global_cave_candidate_catalog_v1_cushing (file miscellaneous/Mars_Cave_Catalog_shapefile.csv, bundle README dated 2017-06-21)",priority=1; comment=skylight
mars,CC0279,5.59705,256.57477,,,,,,,sky,Cushing2015_MGC3v1,"Mars Global Cave Candidate Catalog (MGC3) v1 PDS4 bundle, Cushing G.E., doi:10.17189/1519222, mars_cave_catalog.zip via https://astrogeology.usgs.gov/search/map/mars_global_cave_candidate_catalog_v1_cushing (file miscellaneous/Mars_Cave_Catalog_shapefile.csv, bundle README dated 2017-06-21)",priority=3; comment=tube skylight candidate
mars,CC0280,1.63025,256.64563,,,,,,,sky,Cushing2015_MGC3v1,"Mars Global Cave Candidate Catalog (MGC3) v1 PDS4 bundle, Cushing G.E., doi:10.17189/1519222, mars_cave_catalog.zip via https://astrogeology.usgs.gov/search/map/mars_global_cave_candidate_catalog_v1_cushing (file miscellaneous/Mars_Cave_Catalog_shapefile.csv, bundle README dated 2017-06-21)",priority=2; comment=black circular hole in possible tube
mars,CC0281,3.17889,259.41388,,,,,,,sky,Cushing2015_MGC3v1,"Mars Global Cave Candidate Catalog (MGC3) v1 PDS4 bundle, Cushing G.E., doi:10.17189/1519222, mars_cave_catalog.zip via https://astrogeology.usgs.gov/search/map/mars_global_cave_candidate_catalog_v1_cushing (file miscellaneous/Mars_Cave_Catalog_shapefile.csv, bundle README dated 2017-06-21)",priority=1; comment=Deep hole in channel
mars,CC0282,8.74231,257.15613,,,,,,,sky,Cushing2015_MGC3v1,"Mars Global Cave Candidate Catalog (MGC3) v1 PDS4 bundle, Cushing G.E., doi:10.17189/1519222, mars_cave_catalog.zip via https://astrogeology.usgs.gov/search/map/mars_global_cave_candidate_catalog_v1_cushing (file miscellaneous/Mars_Cave_Catalog_shapefile.csv, bundle README dated 2017-06-21)",priority=3; comment=Skylight
mars,CC0283,11.49976,258.41089,,,,,,,sky,Cushing2015_MGC3v1,"Mars Global Cave Candidate Catalog (MGC3) v1 PDS4 bundle, Cushing G.E., doi:10.17189/1519222, mars_cave_catalog.zip via https://astrogeology.usgs.gov/search/map/mars_global_cave_candidate_catalog_v1_cushing (file miscellaneous/Mars_Cave_Catalog_shapefile.csv, bundle README dated 2017-06-21)",priority=2; comment=tube skylight
mars,CC0284,13.13708,258.9436,,,,,,,sky,Cushing2015_MGC3v1,"Mars Global Cave Candidate Catalog (MGC3) v1 PDS4 bundle, Cushing G.E., doi:10.17189/1519222, mars_cave_catalog.zip via https://astrogeology.usgs.gov/search/map/mars_global_cave_candidate_catalog_v1_cushing (file miscellaneous/Mars_Cave_Catalog_shapefile.csv, bundle README dated 2017-06-21)",priority=3; comment=Tube skylight candidate
mars,CC0285,-2.03632,252.51312,,,,,,,sky,Cushing2015_MGC3v1,"Mars Global Cave Candidate Catalog (MGC3) v1 PDS4 bundle, Cushing G.E., doi:10.17189/1519222, mars_cave_catalog.zip via https://astrogeology.usgs.gov/search/map/mars_global_cave_candidate_catalog_v1_cushing (file miscellaneous/Mars_Cave_Catalog_shapefile.csv, bundle README dated 2017-06-21)",priority=3; comment=Tube skylight candidate
mars,CC0286,11.7179,254.14087,,,,,,,sky,Cushing2015_MGC3v1,"Mars Global Cave Candidate Catalog (MGC3) v1 PDS4 bundle, Cushing G.E., doi:10.17189/1519222, mars_cave_catalog.zip via https://astrogeology.usgs.gov/search/map/mars_global_cave_candidate_catalog_v1_cushing (file miscellaneous/Mars_Cave_Catalog_shapefile.csv, bundle README dated 2017-06-21)",priority=3; comment=Pit spanning lava tube or impact
mars,CC0287,6.9079,256.80865,,,,,,,sky,Cushing2015_MGC3v1,"Mars Global Cave Candidate Catalog (MGC3) v1 PDS4 bundle, Cushing G.E., doi:10.17189/1519222, mars_cave_catalog.zip via https://astrogeology.usgs.gov/search/map/mars_global_cave_candidate_catalog_v1_cushing (file miscellaneous/Mars_Cave_Catalog_shapefile.csv, bundle README dated 2017-06-21)",priority=2; comment=Tube skylight
mars,CC0288,-0.93933,231.89063,,,,,,,sky,Cushing2015_MGC3v1,"Mars Global Cave Candidate Catalog (MGC3) v1 PDS4 bundle, Cushing G.E., doi:10.17189/1519222, mars_cave_catalog.zip via https://astrogeology.usgs.gov/search/map/mars_global_cave_candidate_catalog_v1_cushing (file miscellaneous/Mars_Cave_Catalog_shapefile.csv, bundle README dated 2017-06-21)",priority=1; comment=Lateral tube skylight
mars,CC0289,-0.93726,231.89883,,,,,,,sky,Cushing2015_MGC3v1,"Mars Global Cave Candidate Catalog (MGC3) v1 PDS4 bundle, Cushing G.E., doi:10.17189/1519222, mars_cave_catalog.zip via https://astrogeology.usgs.gov/search/map/mars_global_cave_candidate_catalog_v1_cushing (file miscellaneous/Mars_Cave_Catalog_shapefile.csv, bundle README dated 2017-06-21)",priority=2; comment=Lateral tube skylight
mars,CC0290,-0.96289,231.89148,,,,,,,sky,Cushing2015_MGC3v1,"Mars Global Cave Candidate Catalog (MGC3) v1 PDS4 bundle, Cushing G.E., doi:10.17189/1519222, mars_cave_catalog.zip via https://astrogeology.usgs.gov/search/map/mars_global_cave_candidate_catalog_v1_cushing (file miscellaneous/Mars_Cave_Catalog_shapefile.csv, bundle README dated 2017-06-21)",priority=3; comment=Tube skylight candidate
mars,CC0291,-0.98853,231.88892,,,,,,,sky,Cushing2015_MGC3v1,"Mars Global Cave Candidate Catalog (MGC3) v1 PDS4 bundle, Cushing G.E., doi:10.17189/1519222, mars_cave_catalog.zip via https://astrogeology.usgs.gov/search/map/mars_global_cave_candidate_catalog_v1_cushing (file miscellaneous/Mars_Cave_Catalog_shapefile.csv, bundle README dated 2017-06-21)",priority=2; comment=Tube skylight
mars,CC0292,0.7771,235.55151,,,,,,,sky,Cushing2015_MGC3v1,"Mars Global Cave Candidate Catalog (MGC3) v1 PDS4 bundle, Cushing G.E., doi:10.17189/1519222, mars_cave_catalog.zip via https://astrogeology.usgs.gov/search/map/mars_global_cave_candidate_catalog_v1_cushing (file miscellaneous/Mars_Cave_Catalog_shapefile.csv, bundle README dated 2017-06-21)",priority=1; comment=Solid looking lava tube skylight
mars,CC0293,0.7811,235.55081,,,,,,,sky,Cushing2015_MGC3v1,"Mars Global Cave Candidate Catalog (MGC3) v1 PDS4 bundle, Cushing G.E., doi:10.17189/1519222, mars_cave_catalog.zip via https://astrogeology.usgs.gov/search/map/mars_global_cave_candidate_catalog_v1_cushing (file miscellaneous/Mars_Cave_Catalog_shapefile.csv, bundle README dated 2017-06-21)",priority=2; comment=Solid looking lava tube skylight
mars,CC0294,-2.77124,236.69604,,,,,,,sky,Cushing2015_MGC3v1,"Mars Global Cave Candidate Catalog (MGC3) v1 PDS4 bundle, Cushing G.E., doi:10.17189/1519222, mars_cave_catalog.zip via https://astrogeology.usgs.gov/search/map/mars_global_cave_candidate_catalog_v1_cushing (file miscellaneous/Mars_Cave_Catalog_shapefile.csv, bundle README dated 2017-06-21)",priority=2; comment=Tube skylight
mars,CC0295,-2.72278,236.65503,,,,,,,sky,Cushing2015_MGC3v1,"Mars Global Cave Candidate Catalog (MGC3) v1 PDS4 bundle, Cushing G.E., doi:10.17189/1519222, mars_cave_catalog.zip via https://astrogeology.usgs.gov/search/map/mars_global_cave_candidate_catalog_v1_cushing (file miscellaneous/Mars_Cave_Catalog_shapefile.csv, bundle README dated 2017-06-21)",priority=3; comment=Tube skylight
mars,CC0296,-1.47278,236.224,,,,,,,sky,Cushing2015_MGC3v1,"Mars Global Cave Candidate Catalog (MGC3) v1 PDS4 bundle, Cushing G.E., doi:10.17189/1519222, mars_cave_catalog.zip via https://astrogeology.usgs.gov/search/map/mars_global_cave_candidate_catalog_v1_cushing (file miscellaneous/Mars_Cave_Catalog_shapefile.csv, bundle README dated 2017-06-21)",priority=2; comment=Skylight
mars,CC0297,-1.47925,236.24304,,,,,,,sky,Cushing2015_MGC3v1,"Mars Global Cave Candidate Catalog (MGC3) v1 PDS4 bundle, Cushing G.E., doi:10.17189/1519222, mars_cave_catalog.zip via https://astrogeology.usgs.gov/search/map/mars_global_cave_candidate_catalog_v1_cushing (file miscellaneous/Mars_Cave_Catalog_shapefile.csv, bundle README dated 2017-06-21)",priority=2; comment=Skylight
mars,CC0298,-1.48438,236.21106,,,,,,,sky,Cushing2015_MGC3v1,"Mars Global Cave Candidate Catalog (MGC3) v1 PDS4 bundle, Cushing G.E., doi:10.17189/1519222, mars_cave_catalog.zip via https://astrogeology.usgs.gov/search/map/mars_global_cave_candidate_catalog_v1_cushing (file miscellaneous/Mars_Cave_Catalog_shapefile.csv, bundle README dated 2017-06-21)",priority=2; comment=Skylight
mars,CC0299,-1.46228,236.14819,,,,,,,sky,Cushing2015_MGC3v1,"Mars Global Cave Candidate Catalog (MGC3) v1 PDS4 bundle, Cushing G.E., doi:10.17189/1519222, mars_cave_catalog.zip via https://astrogeology.usgs.gov/search/map/mars_global_cave_candidate_catalog_v1_cushing (file miscellaneous/Mars_Cave_Catalog_shapefile.csv, bundle README dated 2017-06-21)",priority=1; comment=Skylight
mars,CC0300,-1.47205,236.20935,,,,,,,sky,Cushing2015_MGC3v1,"Mars Global Cave Candidate Catalog (MGC3) v1 PDS4 bundle, Cushing G.E., doi:10.17189/1519222, mars_cave_catalog.zip via https://astrogeology.usgs.gov/search/map/mars_global_cave_candidate_catalog_v1_cushing (file miscellaneous/Mars_Cave_Catalog_shapefile.csv, bundle README dated 2017-06-21)",priority=1; comment=Skylight
mars,CC0301,-1.47437,236.19824,,,,,,,sky,Cushing2015_MGC3v1,"Mars Global Cave Candidate Catalog (MGC3) v1 PDS4 bundle, Cushing G.E., doi:10.17189/1519222, mars_cave_catalog.zip via https://astrogeology.usgs.gov/search/map/mars_global_cave_candidate_catalog_v1_cushing (file miscellaneous/Mars_Cave_Catalog_shapefile.csv, bundle README dated 2017-06-21)",priority=1; comment=Skylight
mars,CC0302,-1.47644,236.23218,,,,,,,sky,Cushing2015_MGC3v1,"Mars Global Cave Candidate Catalog (MGC3) v1 PDS4 bundle, Cushing G.E., doi:10.17189/1519222, mars_cave_catalog.zip via https://astrogeology.usgs.gov/search/map/mars_global_cave_candidate_catalog_v1_cushing (file miscellaneous/Mars_Cave_Catalog_shapefile.csv, bundle README dated 2017-06-21)",priority=1; comment=Skylight
mars,CC0303,-1.46997,236.245,,,,,,,sky,Cushing2015_MGC3v1,"Mars Global Cave Candidate Catalog (MGC3) v1 PDS4 bundle, Cushing G.E., doi:10.17189/1519222, mars_cave_catalog.zip via https://astrogeology.usgs.gov/search/map/mars_global_cave_candidate_catalog_v1_cushing (file miscellaneous/Mars_Cave_Catalog_shapefile.csv, bundle README dated 2017-06-21)",priority=1; comment=Skylight
mars,CC0304,-1.41553,236.30286,,,,,,,sky,Cushing2015_MGC3v1,"Mars Global Cave Candidate Catalog (MGC3) v1 PDS4 bundle, Cushing G.E., doi:10.17189/1519222, mars_cave_catalog.zip via https://astrogeology.usgs.gov/search/map/mars_global_cave_candidate_catalog_v1_cushing (file miscellaneous/Mars_Cave_Catalog_shapefile.csv, bundle README dated 2017-06-21)",priority=0; comment=Skylight
mars,CC0305,-1.38672,236.43042,,,,,,,sky,Cushing2015_MGC3v1,"Mars Global Cave Candidate Catalog (MGC3) v1 PDS4 bundle, Cushing G.E., doi:10.17189/1519222, mars_cave_catalog.zip via https://astrogeology.usgs.gov/search/map/mars_global_cave_candidate_catalog_v1_cushing (file miscellaneous/Mars_Cave_Catalog_shapefile.csv, bundle README dated 2017-06-21)",priority=0; comment=Skylight
mars,CC0306,-1.38782,236.43286,,,,,,,sky,Cushing2015_MGC3v1,"Mars Global Cave Candidate Catalog (MGC3) v1 PDS4 bundle, Cushing G.E., doi:10.17189/1519222, mars_cave_catalog.zip via https://astrogeology.usgs.gov/search/map/mars_global_cave_candidate_catalog_v1_cushing (file miscellaneous/Mars_Cave_Catalog_shapefile.csv, bundle README dated 2017-06-21)",priority=0; comment=Skylight
mars,CC0307,-1.39038,236.44226,,,,,,,sky,Cushing2015_MGC3v1,"Mars Global Cave Candidate Catalog (MGC3) v1 PDS4 bundle, Cushing G.E., doi:10.17189/1519222, mars_cave_catalog.zip via https://astrogeology.usgs.gov/search/map/mars_global_cave_candidate_catalog_v1_cushing (file miscellaneous/Mars_Cave_Catalog_shapefile.csv, bundle README dated 2017-06-21)",priority=0; comment=Skylight
mars,CC0308,-1.42175,236.46582,,,,,,,sky,Cushing2015_MGC3v1,"Mars Global Cave Candidate Catalog (MGC3) v1 PDS4 bundle, Cushing G.E., doi:10.17189/1519222, mars_cave_catalog.zip via https://astrogeology.usgs.gov/search/map/mars_global_cave_candidate_catalog_v1_cushing (file miscellaneous/Mars_Cave_Catalog_shapefile.csv, bundle README dated 2017-06-21)",priority=0; comment=Skylight
mars,CC0309,-1.45618,236.49609,,,,,,,sky,Cushing2015_MGC3v1,"Mars Global Cave Candidate Catalog (MGC3) v1 PDS4 bundle, Cushing G.E., doi:10.17189/1519222, mars_cave_catalog.zip via https://astrogeology.usgs.gov/search/map/mars_global_cave_candidate_catalog_v1_cushing (file miscellaneous/Mars_Cave_Catalog_shapefile.csv, bundle README dated 2017-06-21)",priority=2; comment=Skylight
mars,CC0310,-1.48071,236.51038,,,,,,,sky,Cushing2015_MGC3v1,"Mars Global Cave Candidate Catalog (MGC3) v1 PDS4 bundle, Cushing G.E., doi:10.17189/1519222, mars_cave_catalog.zip via https://astrogeology.usgs.gov/search/map/mars_global_cave_candidate_catalog_v1_cushing (file miscellaneous/Mars_Cave_Catalog_shapefile.csv, bundle README dated 2017-06-21)",priority=3; comment=Skylight
mars,CC0311,-1.49048,236.55469,,,,,,,sky,Cushing2015_MGC3v1,"Mars Global Cave Candidate Catalog (MGC3) v1 PDS4 bundle, Cushing G.E., doi:10.17189/1519222, mars_cave_catalog.zip via https://astrogeology.usgs.gov/search/map/mars_global_cave_candidate_catalog_v1_cushing (file miscellaneous/Mars_Cave_Catalog_shapefile.csv, bundle README dated 2017-06-21)",priority=3; comment=Skylight
mars,CC0312,-2.30566,236.54211,,,,,,,sky,Cushing2015_MGC3v1,"Mars Global Cave Candidate Catalog (MGC3) v1 PDS4 bundle, Cushing G.E., doi:10.17189/1519222, mars_cave_catalog.zip via https://astrogeology.usgs.gov/search/map/mars_global_cave_candidate_catalog_v1_cushing (file miscellaneous/Mars_Cave_Catalog_shapefile.csv, bundle README dated 2017-06-21)",priority=2; comment=skylight
mars,CC0313,-2.31165,236.5575,,,,,,,sky,Cushing2015_MGC3v1,"Mars Global Cave Candidate Catalog (MGC3) v1 PDS4 bundle, Cushing G.E., doi:10.17189/1519222, mars_cave_catalog.zip via https://astrogeology.usgs.gov/search/map/mars_global_cave_candidate_catalog_v1_cushing (file miscellaneous/Mars_Cave_Catalog_shapefile.csv, bundle README dated 2017-06-21)",priority=2; comment=Skylight
mars,CC0314,-2.32861,236.59888,,,,,,,sky,Cushing2015_MGC3v1,"Mars Global Cave Candidate Catalog (MGC3) v1 PDS4 bundle, Cushing G.E., doi:10.17189/1519222, mars_cave_catalog.zip via https://astrogeology.usgs.gov/search/map/mars_global_cave_candidate_catalog_v1_cushing (file miscellaneous/Mars_Cave_Catalog_shapefile.csv, bundle README dated 2017-06-21)",priority=2; comment=Skylight
mars,CC0315,0.94824,235.96423,,,,,,,sky,Cushing2015_MGC3v1,"Mars Global Cave Candidate Catalog (MGC3) v1 PDS4 bundle, Cushing G.E., doi:10.17189/1519222, mars_cave_catalog.zip via https://astrogeology.usgs.gov/search/map/mars_global_cave_candidate_catalog_v1_cushing (file miscellaneous/Mars_Cave_Catalog_shapefile.csv, bundle README dated 2017-06-21)",priority=2; comment=Skylight
mars,CC0316,0.96649,236.01147,,,,,,,sky,Cushing2015_MGC3v1,"Mars Global Cave Candidate Catalog (MGC3) v1 PDS4 bundle, Cushing G.E., doi:10.17189/1519222, mars_cave_catalog.zip via https://astrogeology.usgs.gov/search/map/mars_global_cave_candidate_catalog_v1_cushing (file miscellaneous/Mars_Cave_Catalog_shapefile.csv, bundle README dated 2017-06-21)",priority=2; comment=Skylight
mars,CC0317,0.9762,236.03497,,,,,,,sky,Cushing2015_MGC3v1,"Mars Global Cave Candidate Catalog (MGC3) v1 PDS4 bundle, Cushing G.E., doi:10.17189/1519222, mars_cave_catalog.zip via https://astrogeology.usgs.gov/search/map/mars_global_cave_candidate_catalog_v1_cushing (file miscellaneous/Mars_Cave_Catalog_shapefile.csv, bundle README dated 2017-06-21)",priority=2; comment=Skylight
mars,CC0318,0.97687,236.0426,,,,,,,sky,Cushing2015_MGC3v1,"Mars Global Cave Candidate Catalog (MGC3) v1 PDS4 bundle, Cushing G.E., doi:10.17189/1519222, mars_cave_catalog.zip via https://astrogeology.usgs.gov/search/map/mars_global_cave_candidate_catalog_v1_cushing (file miscellaneous/Mars_Cave_Catalog_shapefile.csv, bundle README dated 2017-06-21)",priority=2; comment=Skylight
mars,CC0319,-0.44495,236.92578,,,,,,,sky,Cushing2015_MGC3v1,"Mars Global Cave Candidate Catalog (MGC3) v1 PDS4 bundle, Cushing G.E., doi:10.17189/1519222, mars_cave_catalog.zip via https://astrogeology.usgs.gov/search/map/mars_global_cave_candidate_catalog_v1_cushing (file miscellaneous/Mars_Cave_Catalog_shapefile.csv, bundle README dated 2017-06-21)",priority=3; comment=skylight
mars,CC0320,-0.44836,236.89893,,,,,,,sky,Cushing2015_MGC3v1,"Mars Global Cave Candidate Catalog (MGC3) v1 PDS4 bundle, Cushing G.E., doi:10.17189/1519222, mars_cave_catalog.zip via https://astrogeology.usgs.gov/search/map/mars_global_cave_candidate_catalog_v1_cushing (file miscellaneous/Mars_Cave_Catalog_shapefile.csv, bundle README dated 2017-06-21)",priority=3; comment=skylight
mars,CC0321,-0.45752,236.82471,,,,,,,sky,Cushing2015_MGC3v1,"Mars Global Cave Candidate Catalog (MGC3) v1 PDS4 bundle, Cushing G.E., doi:10.17189/1519222, mars_cave_catalog.zip via https://astrogeology.usgs.gov/search/map/mars_global_cave_candidate_catalog_v1_cushing (file miscellaneous/Mars_Cave_Catalog_shapefile.csv, bundle README dated 2017-06-21)",priority=2; comment=skylight
mars,CC0322,-0.45996,236.82141,,,,,,,sky,Cushing2015_MGC3v1,"Mars Global Cave Candidate Catalog (MGC3) v1 PDS4 bundle, Cushing G.E., doi:10.17189/1519222, mars_cave_catalog.zip via https://astrogeology.usgs.gov/search/map/mars_global_cave_candidate_catalog_v1_cushing (file miscellaneous/Mars_Cave_Catalog_shapefile.csv, bundle README dated 2017-06-21)",priority=3; comment=skylight
mars,CC0323,-0.46796,236.7699,,,,,,,sky,Cushing2015_MGC3v1,"Mars Global Cave Candidate Catalog (MGC3) v1 PDS4 bundle, Cushing G.E., doi:10.17189/1519222, mars_cave_catalog.zip via https://astrogeology.usgs.gov/search/map/mars_global_cave_candidate_catalog_v1_cushing (file miscellaneous/Mars_Cave_Catalog_shapefile.csv, bundle README dated 2017-06-21)",priority=1; comment=skylight
mars,CC0324,-0.4765,236.74097,,,,,,,sky,Cushing2015_MGC3v1,"Mars Global Cave Candidate Catalog (MGC3) v1 PDS4 bundle, Cushing G.E., doi:10.17189/1519222, mars_cave_catalog.zip via https://astrogeology.usgs.gov/search/map/mars_global_cave_candidate_catalog_v1_cushing (file miscellaneous/Mars_Cave_Catalog_shapefile.csv, bundle README dated 2017-06-21)",priority=1; comment=skylight
mars,CC0325,-0.4646,236.6554,,,,,,,sky,Cushing2015_MGC3v1,"Mars Global Cave Candidate Catalog (MGC3) v1 PDS4 bundle, Cushing G.E., doi:10.17189/1519222, mars_cave_catalog.zip via https://astrogeology.usgs.gov/search/map/mars_global_cave_candidate_catalog_v1_cushing (file miscellaneous/Mars_Cave_Catalog_shapefile.csv, bundle README dated 2017-06-21)",priority=3; comment=skylight
mars,CC0326,-0.461,236.61182,,,,,,,sky,Cushing2015_MGC3v1,"Mars Global Cave Candidate Catalog (MGC3) v1 PDS4 bundle, Cushing G.E., doi:10.17189/1519222, mars_cave_catalog.zip via https://astrogeology.usgs.gov/search/map/mars_global_cave_candidate_catalog_v1_cushing (file miscellaneous/Mars_Cave_Catalog_shapefile.csv, bundle README dated 2017-06-21)",priority=2; comment=pinhole skylight
mars,CC0327,-0.44562,236.57727,,,,,,,sky,Cushing2015_MGC3v1,"Mars Global Cave Candidate Catalog (MGC3) v1 PDS4 bundle, Cushing G.E., doi:10.17189/1519222, mars_cave_catalog.zip via https://astrogeology.usgs.gov/search/map/mars_global_cave_candidate_catalog_v1_cushing (file miscellaneous/Mars_Cave_Catalog_shapefile.csv, bundle README dated 2017-06-21)",priority=2; comment=skylight
mars,CC0328,-0.38892,237.01355,,,,,,,sky,Cushing2015_MGC3v1,"Mars Global Cave Candidate Catalog (MGC3) v1 PDS4 bundle, Cushing G.E., doi:10.17189/1519222, mars_cave_catalog.zip via https://astrogeology.usgs.gov/search/map/mars_global_cave_candidate_catalog_v1_cushing (file miscellaneous/Mars_Cave_Catalog_shapefile.csv, bundle README dated 2017-06-21)",priority=2; comment=skylight
mars,CC0329,-2.02808,237.24365,,,,,,,sky,Cushing2015_MGC3v1,"Mars Global Cave Candidate Catalog (MGC3) v1 PDS4 bundle, Cushing G.E., doi:10.17189/1519222, mars_cave_catalog.zip via https://astrogeology.usgs.gov/search/map/mars_global_cave_candidate_catalog_v1_cushing (file miscellaneous/Mars_Cave_Catalog_shapefile.csv, bundle README dated 2017-06-21)",priority=2; comment=skylight
mars,CC0330,-2.55786,237.2688,,,,,,,sky,Cushing2015_MGC3v1,"Mars Global Cave Candidate Catalog (MGC3) v1 PDS4 bundle, Cushing G.E., doi:10.17189/1519222, mars_cave_catalog.zip via https://astrogeology.usgs.gov/search/map/mars_global_cave_candidate_catalog_v1_cushing (file miscellaneous/Mars_Cave_Catalog_shapefile.csv, bundle README dated 2017-06-21)",priority=3; comment=skylight
mars,CC0331,-2.60449,237.34241,,,,,,,sky,Cushing2015_MGC3v1,"Mars Global Cave Candidate Catalog (MGC3) v1 PDS4 bundle, Cushing G.E., doi:10.17189/1519222, mars_cave_catalog.zip via https://astrogeology.usgs.gov/search/map/mars_global_cave_candidate_catalog_v1_cushing (file miscellaneous/Mars_Cave_Catalog_shapefile.csv, bundle README dated 2017-06-21)",priority=1; comment=skylight
mars,CC0332,-2.64734,237.37061,,,,,,,sky,Cushing2015_MGC3v1,"Mars Global Cave Candidate Catalog (MGC3) v1 PDS4 bundle, Cushing G.E., doi:10.17189/1519222, mars_cave_catalog.zip via https://astrogeology.usgs.gov/search/map/mars_global_cave_candidate_catalog_v1_cushing (file miscellaneous/Mars_Cave_Catalog_shapefile.csv, bundle README dated 2017-06-21)",priority=2; comment=skylight
mars,CC0333,-2.68079,237.41223,,,,,,,sky,Cushing2015_MGC3v1,"Mars Global Cave Candidate Catalog (MGC3) v1 PDS4 bundle, Cushing G.E., doi:10.17189/1519222, mars_cave_catalog.zip via https://astrogeology.usgs.gov/search/map/mars_global_cave_candidate_catalog_v1_cushing (file miscellaneous/Mars_Cave_Catalog_shapefile.csv, bundle README dated 2017-06-21)",priority=3; comment=skylight
mars,CC0334,-2.7019,237.42969,,,,,,,sky,Cushing2015_MGC3v1,"Mars Global Cave Candidate Catalog (MGC3) v1 PDS4 bundle, Cushing G.E., doi:10.17189/1519222, mars_cave_catalog.zip via https://astrogeology.usgs.gov/search/map/mars_global_cave_candidate_catalog_v1_cushing (file miscellaneous/Mars_Cave_Catalog_shapefile.csv, bundle README dated 2017-06-21)",priority=3; comment=skylight
mars,CC0335,-2.7793,237.56226,,,,,,,sky,Cushing2015_MGC3v1,"Mars Global Cave Candidate Catalog (MGC3) v1 PDS4 bundle, Cushing G.E., doi:10.17189/1519222, mars_cave_catalog.zip via https://astrogeology.usgs.gov/search/map/mars_global_cave_candidate_catalog_v1_cushing (file miscellaneous/Mars_Cave_Catalog_shapefile.csv, bundle README dated 2017-06-21)",priority=2; comment=skylight
mars,CC0336,-2.78943,237.58435,,,,,,,sky,Cushing2015_MGC3v1,"Mars Global Cave Candidate Catalog (MGC3) v1 PDS4 bundle, Cushing G.E., doi:10.17189/1519222, mars_cave_catalog.zip via https://astrogeology.usgs.gov/search/map/mars_global_cave_candidate_catalog_v1_cushing (file miscellaneous/Mars_Cave_Catalog_shapefile.csv, bundle README dated 2017-06-21)",priority=2; comment=skylight
mars,CC0337,-2.86365,237.66418,,,,,,,sky,Cushing2015_MGC3v1,"Mars Global Cave Candidate Catalog (MGC3) v1 PDS4 bundle, Cushing G.E., doi:10.17189/1519222, mars_cave_catalog.zip via https://astrogeology.usgs.gov/search/map/mars_global_cave_candidate_catalog_v1_cushing (file miscellaneous/Mars_Cave_Catalog_shapefile.csv, bundle README dated 2017-06-21)",priority=2; comment=skylight
mars,CC0338,0.82007,235.65088,,,,,,,sky,Cushing2015_MGC3v1,"Mars Global Cave Candidate Catalog (MGC3) v1 PDS4 bundle, Cushing G.E., doi:10.17189/1519222, mars_cave_catalog.zip via https://astrogeology.usgs.gov/search/map/mars_global_cave_candidate_catalog_v1_cushing (file miscellaneous/Mars_Cave_Catalog_shapefile.csv, bundle README dated 2017-06-21)",priority=3; comment=skylight
mars,CC0339,0.83447,235.6792,,,,,,,sky,Cushing2015_MGC3v1,"Mars Global Cave Candidate Catalog (MGC3) v1 PDS4 bundle, Cushing G.E., doi:10.17189/1519222, mars_cave_catalog.zip via https://astrogeology.usgs.gov/search/map/mars_global_cave_candidate_catalog_v1_cushing (file miscellaneous/Mars_Cave_Catalog_shapefile.csv, bundle README dated 2017-06-21)",priority=3; comment=skylight
mars,CC0340,0.90088,235.7666,,,,,,,sky,Cushing2015_MGC3v1,"Mars Global Cave Candidate Catalog (MGC3) v1 PDS4 bundle, Cushing G.E., doi:10.17189/1519222, mars_cave_catalog.zip via https://astrogeology.usgs.gov/search/map/mars_global_cave_candidate_catalog_v1_cushing (file miscellaneous/Mars_Cave_Catalog_shapefile.csv, bundle README dated 2017-06-21)",priority=3; comment=skylight
mars,CC0341,-0.39685,235.74951,,,,,,,sky,Cushing2015_MGC3v1,"Mars Global Cave Candidate Catalog (MGC3) v1 PDS4 bundle, Cushing G.E., doi:10.17189/1519222, mars_cave_catalog.zip via https://astrogeology.usgs.gov/search/map/mars_global_cave_candidate_catalog_v1_cushing (file miscellaneous/Mars_Cave_Catalog_shapefile.csv, bundle README dated 2017-06-21)",priority=2; comment=skylight
mars,CC0342,-1.44678,235.86951,,,,,,,sky,Cushing2015_MGC3v1,"Mars Global Cave Candidate Catalog (MGC3) v1 PDS4 bundle, Cushing G.E., doi:10.17189/1519222, mars_cave_catalog.zip via https://astrogeology.usgs.gov/search/map/mars_global_cave_candidate_catalog_v1_cushing (file miscellaneous/Mars_Cave_Catalog_shapefile.csv, bundle README dated 2017-06-21)",priority=3; comment=skylight
mars,CC0343,-1.44653,235.87463,,,,,,,sky,Cushing2015_MGC3v1,"Mars Global Cave Candidate Catalog (MGC3) v1 PDS4 bundle, Cushing G.E., doi:10.17189/1519222, mars_cave_catalog.zip via https://astrogeology.usgs.gov/search/map/mars_global_cave_candidate_catalog_v1_cushing (file miscellaneous/Mars_Cave_Catalog_shapefile.csv, bundle README dated 2017-06-21)",priority=3; comment=skylight
mars,CC0344,-1.45911,235.9563,,,,,,,sky,Cushing2015_MGC3v1,"Mars Global Cave Candidate Catalog (MGC3) v1 PDS4 bundle, Cushing G.E., doi:10.17189/1519222, mars_cave_catalog.zip via https://astrogeology.usgs.gov/search/map/mars_global_cave_candidate_catalog_v1_cushing (file miscellaneous/Mars_Cave_Catalog_shapefile.csv, bundle README dated 2017-06-21)",priority=1; comment=skylight
mars,CC0345,-1.46143,235.97852,,,,,,,sky,Cushing2015_MGC3v1,"Mars Global Cave Candidate Catalog (MGC3) v1 PDS4 bundle, Cushing G.E., doi:10.17189/1519222, mars_cave_catalog.zip via https://astrogeology.usgs.gov/search/map/mars_global_cave_candidate_catalog_v1_cushing (file miscellaneous/Mars_Cave_Catalog_shapefile.csv, bundle README dated 2017-06-21)",priority=1; comment=skylight
mars,CC0346,1.3894,236.09814,,,,,,,sky,Cushing2015_MGC3v1,"Mars Global Cave Candidate Catalog (MGC3) v1 PDS4 bundle, Cushing G.E., doi:10.17189/1519222, mars_cave_catalog.zip via https://astrogeology.usgs.gov/search/map/mars_global_cave_candidate_catalog_v1_cushing (file miscellaneous/Mars_Cave_Catalog_shapefile.csv, bundle README dated 2017-06-21)",priority=1; comment=skylight
mars,CC0347,0.56958,236.34741,,,,,,,sky,Cushing2015_MGC3v1,"Mars Global Cave Candidate Catalog (MGC3) v1 PDS4 bundle, Cushing G.E., doi:10.17189/1519222, mars_cave_catalog.zip via https://astrogeology.usgs.gov/search/map/mars_global_cave_candidate_catalog_v1_cushing (file miscellaneous/Mars_Cave_Catalog_shapefile.csv, bundle README dated 2017-06-21)",priority=2; comment=Skylight
mars,CC0348,0.59424,236.33057,,,,,,,sky,Cushing2015_MGC3v1,"Mars Global Cave Candidate Catalog (MGC3) v1 PDS4 bundle, Cushing G.E., doi:10.17189/1519222, mars_cave_catalog.zip via https://astrogeology.usgs.gov/search/map/mars_global_cave_candidate_catalog_v1_cushing (file miscellaneous/Mars_Cave_Catalog_shapefile.csv, bundle README dated 2017-06-21)",priority=0; comment=Skylight
mars,CC0349,-0.4447,236.5813,,,,,,,sky,Cushing2015_MGC3v1,"Mars Global Cave Candidate Catalog (MGC3) v1 PDS4 bundle, Cushing G.E., doi:10.17189/1519222, mars_cave_catalog.zip via https://astrogeology.usgs.gov/search/map/mars_global_cave_candidate_catalog_v1_cushing (file miscellaneous/Mars_Cave_Catalog_shapefile.csv, bundle README dated 2017-06-21)",priority=1; comment=skylight
mars,CC0350,-0.46313,236.65979,,,,,,,sky,Cushing2015_MGC3v1,"Mars Global Cave Candidate Catalog (MGC3) v1 PDS4 bundle, Cushing G.E., doi:10.17189/1519222, mars_cave_catalog.zip via https://astrogeology.usgs.gov/search/map/mars_global_cave_candidate_catalog_v1_cushing (file miscellaneous/Mars_Cave_Catalog_shapefile.csv, bundle README dated 2017-06-21)",priority=2; comment=skylight
mars,CC0351,-1.4953,236.56573,,,,,,,sky,Cushing2015_MGC3v1,"Mars Global Cave Candidate Catalog (MGC3) v1 PDS4 bundle, Cushing G.E., doi:10.17189/1519222, mars_cave_catalog.zip via https://astrogeology.usgs.gov/search/map/mars_global_cave_candidate_catalog_v1_cushing (file miscellaneous/Mars_Cave_Catalog_shapefile.csv, bundle README dated 2017-06-21)",priority=2; comment=skylight
mars,CC0352,-1.49628,236.56219,,,,,,,sky,Cushing2015_MGC3v1,"Mars Global Cave Candidate Catalog (MGC3) v1 PDS4 bundle, Cushing G.E., doi:10.17189/1519222, mars_cave_catalog.zip via https://astrogeology.usgs.gov/search/map/mars_global_cave_candidate_catalog_v1_cushing (file miscellaneous/Mars_Cave_Catalog_shapefile.csv, bundle README dated 2017-06-21)",priority=3; comment=skylight
mars,CC0353,-1.49963,236.5744,,,,,,,sky,Cushing2015_MGC3v1,"Mars Global Cave Candidate Catalog (MGC3) v1 PDS4 bundle, Cushing G.E., doi:10.17189/1519222, mars_cave_catalog.zip via https://astrogeology.usgs.gov/search/map/mars_global_cave_candidate_catalog_v1_cushing (file miscellaneous/Mars_Cave_Catalog_shapefile.csv, bundle README dated 2017-06-21)",priority=1; comment=skylight
mars,CC0354,-1.50171,236.57098,,,,,,,sky,Cushing2015_MGC3v1,"Mars Global Cave Candidate Catalog (MGC3) v1 PDS4 bundle, Cushing G.E., doi:10.17189/1519222, mars_cave_catalog.zip via https://astrogeology.usgs.gov/search/map/mars_global_cave_candidate_catalog_v1_cushing (file miscellaneous/Mars_Cave_Catalog_shapefile.csv, bundle README dated 2017-06-21)",priority=2; comment=skylight
mars,CC0355,-1.49161,236.55325,,,,,,,sky,Cushing2015_MGC3v1,"Mars Global Cave Candidate Catalog (MGC3) v1 PDS4 bundle, Cushing G.E., doi:10.17189/1519222, mars_cave_catalog.zip via https://astrogeology.usgs.gov/search/map/mars_global_cave_candidate_catalog_v1_cushing (file miscellaneous/Mars_Cave_Catalog_shapefile.csv, bundle README dated 2017-06-21)",priority=2; comment=skylight
mars,CC0356,-1.60156,236.72388,,,,,,,sky,Cushing2015_MGC3v1,"Mars Global Cave Candidate Catalog (MGC3) v1 PDS4 bundle, Cushing G.E., doi:10.17189/1519222, mars_cave_catalog.zip via https://astrogeology.usgs.gov/search/map/mars_global_cave_candidate_catalog_v1_cushing (file miscellaneous/Mars_Cave_Catalog_shapefile.csv, bundle README dated 2017-06-21)",priority=3; comment=skylight
mars,CC0357,-2.34644,236.74512,,,,,,,sky,Cushing2015_MGC3v1,"Mars Global Cave Candidate Catalog (MGC3) v1 PDS4 bundle, Cushing G.E., doi:10.17189/1519222, mars_cave_catalog.zip via https://astrogeology.usgs.gov/search/map/mars_global_cave_candidate_catalog_v1_cushing (file miscellaneous/Mars_Cave_Catalog_shapefile.csv, bundle README dated 2017-06-21)",priority=2; comment=skylight
mars,CC0358,-2.82141,236.91833,,,,,,,sky,Cushing2015_MGC3v1,"Mars Global Cave Candidate Catalog (MGC3) v1 PDS4 bundle, Cushing G.E., doi:10.17189/1519222, mars_cave_catalog.zip via https://astrogeology.usgs.gov/search/map/mars_global_cave_candidate_catalog_v1_cushing (file miscellaneous/Mars_Cave_Catalog_shapefile.csv, bundle README dated 2017-06-21)",priority=1; comment=skylight
mars,CC0359,-2.82422,236.93835,,,,,,,sky,Cushing2015_MGC3v1,"Mars Global Cave Candidate Catalog (MGC3) v1 PDS4 bundle, Cushing G.E., doi:10.17189/1519222, mars_cave_catalog.zip via https://astrogeology.usgs.gov/search/map/mars_global_cave_candidate_catalog_v1_cushing (file miscellaneous/Mars_Cave_Catalog_shapefile.csv, bundle README dated 2017-06-21)",priority=2; comment=skylight
mars,CC0360,-2.8335,236.96655,,,,,,,sky,Cushing2015_MGC3v1,"Mars Global Cave Candidate Catalog (MGC3) v1 PDS4 bundle, Cushing G.E., doi:10.17189/1519222, mars_cave_catalog.zip via https://astrogeology.usgs.gov/search/map/mars_global_cave_candidate_catalog_v1_cushing (file miscellaneous/Mars_Cave_Catalog_shapefile.csv, bundle README dated 2017-06-21)",priority=3; comment=skylight
mars,CC0361,-2.41782,236.84589,,,,,,,sky,Cushing2015_MGC3v1,"Mars Global Cave Candidate Catalog (MGC3) v1 PDS4 bundle, Cushing G.E., doi:10.17189/1519222, mars_cave_catalog.zip via https://astrogeology.usgs.gov/search/map/mars_global_cave_candidate_catalog_v1_cushing (file miscellaneous/Mars_Cave_Catalog_shapefile.csv, bundle README dated 2017-06-21)",priority=2; comment=skylight
mars,CC0362,-0.74756,236.69971,,,,,,,sky,Cushing2015_MGC3v1,"Mars Global Cave Candidate Catalog (MGC3) v1 PDS4 bundle, Cushing G.E., doi:10.17189/1519222, mars_cave_catalog.zip via https://astrogeology.usgs.gov/search/map/mars_global_cave_candidate_catalog_v1_cushing (file miscellaneous/Mars_Cave_Catalog_shapefile.csv, bundle README dated 2017-06-21)",priority=1; comment=inflated flow skylight
mars,CC0363,0.44641,234.57837,,,,,,,sky,Cushing2015_MGC3v1,"Mars Global Cave Candidate Catalog (MGC3) v1 PDS4 bundle, Cushing G.E., doi:10.17189/1519222, mars_cave_catalog.zip via https://astrogeology.usgs.gov/search/map/mars_global_cave_candidate_catalog_v1_cushing (file miscellaneous/Mars_Cave_Catalog_shapefile.csv, bundle README dated 2017-06-21)",priority=2; comment=skylight
mars,CC0364,0.48364,234.66602,,,,,,,sky,Cushing2015_MGC3v1,"Mars Global Cave Candidate Catalog (MGC3) v1 PDS4 bundle, Cushing G.E., doi:10.17189/1519222, mars_cave_catalog.zip via https://astrogeology.usgs.gov/search/map/mars_global_cave_candidate_catalog_v1_cushing (file miscellaneous/Mars_Cave_Catalog_shapefile.csv, bundle README dated 2017-06-21)",priority=2; comment=skylight
mars,CC0365,0.47278,234.65649,,,,,,,sky,Cushing2015_MGC3v1,"Mars Global Cave Candidate Catalog (MGC3) v1 PDS4 bundle, Cushing G.E., doi:10.17189/1519222, mars_cave_catalog.zip via https://astrogeology.usgs.gov/search/map/mars_global_cave_candidate_catalog_v1_cushing (file miscellaneous/Mars_Cave_Catalog_shapefile.csv, bundle README dated 2017-06-21)",priority=2; comment=skylight
mars,CC0366,0.47131,234.65405,,,,,,,sky,Cushing2015_MGC3v1,"Mars Global Cave Candidate Catalog (MGC3) v1 PDS4 bundle, Cushing G.E., doi:10.17189/1519222, mars_cave_catalog.zip via https://astrogeology.usgs.gov/search/map/mars_global_cave_candidate_catalog_v1_cushing (file miscellaneous/Mars_Cave_Catalog_shapefile.csv, bundle README dated 2017-06-21)",priority=2; comment=skylight
mars,CC0367,0.46216,234.62805,,,,,,,sky,Cushing2015_MGC3v1,"Mars Global Cave Candidate Catalog (MGC3) v1 PDS4 bundle, Cushing G.E., doi:10.17189/1519222, mars_cave_catalog.zip via https://astrogeology.usgs.gov/search/map/mars_global_cave_candidate_catalog_v1_cushing (file miscellaneous/Mars_Cave_Catalog_shapefile.csv, bundle README dated 2017-06-21)",priority=2; comment=skylight
mars,CC0368,0.34631,234.65015,,,,,,,sky,Cushing2015_MGC3v1,"Mars Global Cave Candidate Catalog (MGC3) v1 PDS4 bundle, Cushing G.E., doi:10.17189/1519222, mars_cave_catalog.zip via https://astrogeology.usgs.gov/search/map/mars_global_cave_candidate_catalog_v1_cushing (file miscellaneous/Mars_Cave_Catalog_shapefile.csv, bundle README dated 2017-06-21)",priority=1; comment=Small rimless pit
mars,CC0369,-0.00977,234.69971,,,,,,,sky,Cushing2015_MGC3v1,"Mars Global Cave Candidate Catalog (MGC3) v1 PDS4 bundle, Cushing G.E., doi:10.17189/1519222, mars_cave_catalog.zip via https://astrogeology.usgs.gov/search/map/mars_global_cave_candidate_catalog_v1_cushing (file miscellaneous/Mars_Cave_Catalog_shapefile.csv, bundle README dated 2017-06-21)",priority=2; comment=skylight
mars,CC0370,-0.02905,234.70776,,,,,,,sky,Cushing2015_MGC3v1,"Mars Global Cave Candidate Catalog (MGC3) v1 PDS4 bundle, Cushing G.E., doi:10.17189/1519222, mars_cave_catalog.zip via https://astrogeology.usgs.gov/search/map/mars_global_cave_candidate_catalog_v1_cushing (file miscellaneous/Mars_Cave_Catalog_shapefile.csv, bundle README dated 2017-06-21)",priority=2; comment=skylight
mars,CC0371,-0.08203,234.75415,,,,,,,sky,Cushing2015_MGC3v1,"Mars Global Cave Candidate Catalog (MGC3) v1 PDS4 bundle, Cushing G.E., doi:10.17189/1519222, mars_cave_catalog.zip via https://astrogeology.usgs.gov/search/map/mars_global_cave_candidate_catalog_v1_cushing (file miscellaneous/Mars_Cave_Catalog_shapefile.csv, bundle README dated 2017-06-21)",priority=2; comment=skylight
mars,CC0372,-0.27966,234.78723,,,,,,,sky,Cushing2015_MGC3v1,"Mars Global Cave Candidate Catalog (MGC3) v1 PDS4 bundle, Cushing G.E., doi:10.17189/1519222, mars_cave_catalog.zip via https://astrogeology.usgs.gov/search/map/mars_global_cave_candidate_catalog_v1_cushing (file miscellaneous/Mars_Cave_Catalog_shapefile.csv, bundle README dated 2017-06-21)",priority=3; comment=skylight
mars,CC0373,-0.28369,234.58899,,,,,,,sky,Cushing2015_MGC3v1,"Mars Global Cave Candidate Catalog (MGC3) v1 PDS4 bundle, Cushing G.E., doi:10.17189/1519222, mars_cave_catalog.zip via https://astrogeology.usgs.gov/search/map/mars_global_cave_candidate_catalog_v1_cushing (file miscellaneous/Mars_Cave_Catalog_shapefile.csv, bundle README dated 2017-06-21)",priority=2; comment=skylight
mars,CC0374,-0.27771,234.65332,,,,,,,sky,Cushing2015_MGC3v1,"Mars Global Cave Candidate Catalog (MGC3) v1 PDS4 bundle, Cushing G.E., doi:10.17189/1519222, mars_cave_catalog.zip via https://astrogeology.usgs.gov/search/map/mars_global_cave_candidate_catalog_v1_cushing (file miscellaneous/Mars_Cave_Catalog_shapefile.csv, bundle README dated 2017-06-21)",priority=3; comment=skylight
mars,CC0375,-0.6842,234.64441,,,,,,,sky,Cushing2015_MGC3v1,"Mars Global Cave Candidate Catalog (MGC3) v1 PDS4 bundle, Cushing G.E., doi:10.17189/1519222, mars_cave_catalog.zip via https://astrogeology.usgs.gov/search/map/mars_global_cave_candidate_catalog_v1_cushing (file miscellaneous/Mars_Cave_Catalog_shapefile.csv, bundle README dated 2017-06-21)",priority=3; comment=skylight
mars,CC0376,-0.70105,234.76611,,,,,,,sky,Cushing2015_MGC3v1,"Mars Global Cave Candidate Catalog (MGC3) v1 PDS4 bundle, Cushing G.E., doi:10.17189/1519222, mars_cave_catalog.zip via https://astrogeology.usgs.gov/search/map/mars_global_cave_candidate_catalog_v1_cushing (file miscellaneous/Mars_Cave_Catalog_shapefile.csv, bundle README dated 2017-06-21)",priority=2; comment=skylight
mars,CC0377,-0.70825,234.82617,,,,,,,sky,Cushing2015_MGC3v1,"Mars Global Cave Candidate Catalog (MGC3) v1 PDS4 bundle, Cushing G.E., doi:10.17189/1519222, mars_cave_catalog.zip via https://astrogeology.usgs.gov/search/map/mars_global_cave_candidate_catalog_v1_cushing (file miscellaneous/Mars_Cave_Catalog_shapefile.csv, bundle README dated 2017-06-21)",priority=3; comment=skylight
mars,CC0378,-1.46094,237.9574,,,,,,,sky,Cushing2015_MGC3v1,"Mars Global Cave Candidate Catalog (MGC3) v1 PDS4 bundle, Cushing G.E., doi:10.17189/1519222, mars_cave_catalog.zip via https://astrogeology.usgs.gov/search/map/mars_global_cave_candidate_catalog_v1_cushing (file miscellaneous/Mars_Cave_Catalog_shapefile.csv, bundle README dated 2017-06-21)",priority=2; comment=skylight
mars,CC0379,-1.45911,237.95654,,,,,,,sky,Cushing2015_MGC3v1,"Mars Global Cave Candidate Catalog (MGC3) v1 PDS4 bundle, Cushing G.E., doi:10.17189/1519222, mars_cave_catalog.zip via https://astrogeology.usgs.gov/search/map/mars_global_cave_candidate_catalog_v1_cushing (file miscellaneous/Mars_Cave_Catalog_shapefile.csv, bundle README dated 2017-06-21)",priority=2; comment=skylight
mars,CC0380,-1.45691,237.95288,,,,,,,sky,Cushing2015_MGC3v1,"Mars Global Cave Candidate Catalog (MGC3) v1 PDS4 bundle, Cushing G.E., doi:10.17189/1519222, mars_cave_catalog.zip via https://astrogeology.usgs.gov/search/map/mars_global_cave_candidate_catalog_v1_cushing (file miscellaneous/Mars_Cave_Catalog_shapefile.csv, bundle README dated 2017-06-21)",priority=2; comment=skylight
mars,CC0381,-1.45508,237.95398,,,,,,,sky,Cushing2015_MGC3v1,"Mars Global Cave Candidate Catalog (MGC3) v1 PDS4 bundle, Cushing G.E., doi:10.17189/1519222, mars_cave_catalog.zip via https://astrogeology.usgs.gov/search/map/mars_global_cave_candidate_catalog_v1_cushing (file miscellaneous/Mars_Cave_Catalog_shapefile.csv, bundle README dated 2017-06-21)",priority=2; comment=skylight
mars,CC0382,-1.45325,237.95337,,,,,,,sky,Cushing2015_MGC3v1,"Mars Global Cave Candidate Catalog (MGC3) v1 PDS4 bundle, Cushing G.E., doi:10.17189/1519222, mars_cave_catalog.zip via https://astrogeology.usgs.gov/search/map/mars_global_cave_candidate_catalog_v1_cushing (file miscellaneous/Mars_Cave_Catalog_shapefile.csv, bundle README dated 2017-06-21)",priority=2; comment=skylight
mars,CC0383,-1.45129,237.95337,,,,,,,sky,Cushing2015_MGC3v1,"Mars Global Cave Candidate Catalog (MGC3) v1 PDS4 bundle, Cushing G.E., doi:10.17189/1519222, mars_cave_catalog.zip via https://astrogeology.usgs.gov/search/map/mars_global_cave_candidate_catalog_v1_cushing (file miscellaneous/Mars_Cave_Catalog_shapefile.csv, bundle README dated 2017-06-21)",priority=2; comment=skylight
mars,CC0384,-1.44995,237.95227,,,,,,,sky,Cushing2015_MGC3v1,"Mars Global Cave Candidate Catalog (MGC3) v1 PDS4 bundle, Cushing G.E., doi:10.17189/1519222, mars_cave_catalog.zip via https://astrogeology.usgs.gov/search/map/mars_global_cave_candidate_catalog_v1_cushing (file miscellaneous/Mars_Cave_Catalog_shapefile.csv, bundle README dated 2017-06-21)",priority=2; comment=skylight
mars,CC0385,-1.44446,237.94824,,,,,,,sky,Cushing2015_MGC3v1,"Mars Global Cave Candidate Catalog (MGC3) v1 PDS4 bundle, Cushing G.E., doi:10.17189/1519222, mars_cave_catalog.zip via https://astrogeology.usgs.gov/search/map/mars_global_cave_candidate_catalog_v1_cushing (file miscellaneous/Mars_Cave_Catalog_shapefile.csv, bundle README dated 2017-06-21)",priority=3; comment=skylight
mars,CC0386,-1.44275,237.9491,,,,,,,sky,Cushing2015_MGC3v1,"Mars Global Cave Candidate Catalog (MGC3) v1 PDS4 bundle, Cushing G.E., doi:10.17189/1519222, mars_cave_catalog.zip via https://astrogeology.usgs.gov/search/map/mars_global_cave_candidate_catalog_v1_cushing (file miscellaneous/Mars_Cave_Catalog_shapefile.csv, bundle README dated 2017-06-21)",priority=3; comment=skylight
mars,CC0387,0.97668,234.63977,,,,,,,sky,Cushing2015_MGC3v1,"Mars Global Cave Candidate Catalog (MGC3) v1 PDS4 bundle, Cushing G.E., doi:10.17189/1519222, mars_cave_catalog.zip via https://astrogeology.usgs.gov/search/map/mars_global_cave_candidate_catalog_v1_cushing (file miscellaneous/Mars_Cave_Catalog_shapefile.csv, bundle README dated 2017-06-21)",priority=1; comment=skylight
mars,CC0388,0.49927,234.70728,,,,,,,sky,Cushing2015_MGC3v1,"Mars Global Cave Candidate Catalog (MGC3) v1 PDS4 bundle, Cushing G.E., doi:10.17189/1519222, mars_cave_catalog.zip via https://astrogeology.usgs.gov/search/map/mars_global_cave_candidate_catalog_v1_cushing (file miscellaneous/Mars_Cave_Catalog_shapefile.csv, bundle README dated 2017-06-21)",priority=2; comment=skylight
mars,CC0389,0.49,234.72885,,,,,,,sky,Cushing2015_MGC3v1,"Mars Global Cave Candidate Catalog (MGC3) v1 PDS4 bundle, Cushing G.E., doi:10.17189/1519222, mars_cave_catalog.zip via https://astrogeology.usgs.gov/search/map/mars_global_cave_candidate_catalog_v1_cushing (file miscellaneous/Mars_Cave_Catalog_shapefile.csv, bundle README dated 2017-06-21)",priority=1; comment=skylight
mars,CC0390,0.49048,234.73291,,,,,,,sky,Cushing2015_MGC3v1,"Mars Global Cave Candidate Catalog (MGC3) v1 PDS4 bundle, Cushing G.E., doi:10.17189/1519222, mars_cave_catalog.zip via https://astrogeology.usgs.gov/search/map/mars_global_cave_candidate_catalog_v1_cushing (file miscellaneous/Mars_Cave_Catalog_shapefile.csv, bundle README dated 2017-06-21)",priority=1; comment=skylight
mars,CC0391,0.48523,234.73322,,,,,,,sky,Cushing2015_MGC3v1,"Mars Global Cave Candidate Catalog (MGC3) v1 PDS4 bundle, Cushing G.E., doi:10.17189/1519222, mars_cave_catalog.zip via https://astrogeology.usgs.gov/search/map/mars_global_cave_candidate_catalog_v1_cushing (file miscellaneous/Mars_Cave_Catalog_shapefile.csv, bundle README dated 2017-06-21)",priority=2; comment=ph
mars,CC0392,0.47864,234.77686,,,,,,,sky,Cushing2015_MGC3v1,"Mars Global Cave Candidate Catalog (MGC3) v1 PDS4 bundle, Cushing G.E., doi:10.17189/1519222, mars_cave_catalog.zip via https://astrogeology.usgs.gov/search/map/mars_global_cave_candidate_catalog_v1_cushing (file miscellaneous/Mars_Cave_Catalog_shapefile.csv, bundle README dated 2017-06-21)",priority=2; comment=skylight
mars,CC0393,0.42365,234.90509,,,,,,,sky,Cushing2015_MGC3v1,"Mars Global Cave Candidate Catalog (MGC3) v1 PDS4 bundle, Cushing G.E., doi:10.17189/1519222, mars_cave_catalog.zip via https://astrogeology.usgs.gov/search/map/mars_global_cave_candidate_catalog_v1_cushing (file miscellaneous/Mars_Cave_Catalog_shapefile.csv, bundle README dated 2017-06-21)",priority=2; comment=skylight
mars,CC0394,-0.30908,234.89648,,,,,,,sky,Cushing2015_MGC3v1,"Mars Global Cave Candidate Catalog (MGC3) v1 PDS4 bundle, Cushing G.E., doi:10.17189/1519222, mars_cave_catalog.zip via https://astrogeology.usgs.gov/search/map/mars_global_cave_candidate_catalog_v1_cushing (file miscellaneous/Mars_Cave_Catalog_shapefile.csv, bundle README dated 2017-06-21)",priority=1; comment=skylight
mars,CC0395,-0.79126,234.96667,,,,,,,sky,Cushing2015_MGC3v1,"Mars Global Cave Candidate Catalog (MGC3) v1 PDS4 bundle, Cushing G.E., doi:10.17189/1519222, mars_cave_catalog.zip via https://astrogeology.usgs.gov/search/map/mars_global_cave_candidate_catalog_v1_cushing (file miscellaneous/Mars_Cave_Catalog_shapefile.csv, bundle README dated 2017-06-21)",priority=2; comment=skylight
mars,CC0396,-2.61353,235.02002,,,,,,,sky,Cushing2015_MGC3v1,"Mars Global Cave Candidate Catalog (MGC3) v1 PDS4 bundle, Cushing G.E., doi:10.17189/1519222, mars_cave_catalog.zip via https://astrogeology.usgs.gov/search/map/mars_global_cave_candidate_catalog_v1_cushing (file miscellaneous/Mars_Cave_Catalog_shapefile.csv, bundle README dated 2017-06-21)",priority=3; comment=skylight
mars,CC0397,-2.62354,235.03223,,,,,,,sky,Cushing2015_MGC3v1,"Mars Global Cave Candidate Catalog (MGC3) v1 PDS4 bundle, Cushing G.E., doi:10.17189/1519222, mars_cave_catalog.zip via https://astrogeology.usgs.gov/search/map/mars_global_cave_candidate_catalog_v1_cushing (file miscellaneous/Mars_Cave_Catalog_shapefile.csv, bundle README dated 2017-06-21)",priority=3; comment=skylight
mars,CC0398,-2.71576,235.32074,,,,,,,sky,Cushing2015_MGC3v1,"Mars Global Cave Candidate Catalog (MGC3) v1 PDS4 bundle, Cushing G.E., doi:10.17189/1519222, mars_cave_catalog.zip via https://astrogeology.usgs.gov/search/map/mars_global_cave_candidate_catalog_v1_cushing (file miscellaneous/Mars_Cave_Catalog_shapefile.csv, bundle README dated 2017-06-21)",priority=2; comment=skylight
mars,CC0399,-2.57727,235.06384,,,,,,,sky,Cushing2015_MGC3v1,"Mars Global Cave Candidate Catalog (MGC3) v1 PDS4 bundle, Cushing G.E., doi:10.17189/1519222, mars_cave_catalog.zip via https://astrogeology.usgs.gov/search/map/mars_global_cave_candidate_catalog_v1_cushing (file miscellaneous/Mars_Cave_Catalog_shapefile.csv, bundle README dated 2017-06-21)",priority=3; comment=skylight
mars,CC0400,-2.55002,234.94986,,,,,,,sky,Cushing2015_MGC3v1,"Mars Global Cave Candidate Catalog (MGC3) v1 PDS4 bundle, Cushing G.E., doi:10.17189/1519222, mars_cave_catalog.zip via https://astrogeology.usgs.gov/search/map/mars_global_cave_candidate_catalog_v1_cushing (file miscellaneous/Mars_Cave_Catalog_shapefile.csv, bundle README dated 2017-06-21)",priority=3; comment=skylight
mars,CC0401,-3.11353,235.13513,,,,,,,sky,Cushing2015_MGC3v1,"Mars Global Cave Candidate Catalog (MGC3) v1 PDS4 bundle, Cushing G.E., doi:10.17189/1519222, mars_cave_catalog.zip via https://astrogeology.usgs.gov/search/map/mars_global_cave_candidate_catalog_v1_cushing (file miscellaneous/Mars_Cave_Catalog_shapefile.csv, bundle README dated 2017-06-21)",priority=2; comment=skylight
mars,CC0402,-3.12842,235.17944,,,,,,,sky,Cushing2015_MGC3v1,"Mars Global Cave Candidate Catalog (MGC3) v1 PDS4 bundle, Cushing G.E., doi:10.17189/1519222, mars_cave_catalog.zip via https://astrogeology.usgs.gov/search/map/mars_global_cave_candidate_catalog_v1_cushing (file miscellaneous/Mars_Cave_Catalog_shapefile.csv, bundle README dated 2017-06-21)",priority=2; comment=skylight
mars,CC0403,-3.13107,235.18918,,,,,,,sky,Cushing2015_MGC3v1,"Mars Global Cave Candidate Catalog (MGC3) v1 PDS4 bundle, Cushing G.E., doi:10.17189/1519222, mars_cave_catalog.zip via https://astrogeology.usgs.gov/search/map/mars_global_cave_candidate_catalog_v1_cushing (file miscellaneous/Mars_Cave_Catalog_shapefile.csv, bundle README dated 2017-06-21)",priority=1; comment=skylight
mars,CC0404,-3.30127,235.50049,,,,,,,sky,Cushing2015_MGC3v1,"Mars Global Cave Candidate Catalog (MGC3) v1 PDS4 bundle, Cushing G.E., doi:10.17189/1519222, mars_cave_catalog.zip via https://astrogeology.usgs.gov/search/map/mars_global_cave_candidate_catalog_v1_cushing (file miscellaneous/Mars_Cave_Catalog_shapefile.csv, bundle README dated 2017-06-21)",priority=3; comment=skylight
mars,CC0405,-3.29761,235.49341,,,,,,,sky,Cushing2015_MGC3v1,"Mars Global Cave Candidate Catalog (MGC3) v1 PDS4 bundle, Cushing G.E., doi:10.17189/1519222, mars_cave_catalog.zip via https://astrogeology.usgs.gov/search/map/mars_global_cave_candidate_catalog_v1_cushing (file miscellaneous/Mars_Cave_Catalog_shapefile.csv, bundle README dated 2017-06-21)",priority=2; comment=skylight
mars,CC0406,-3.29688,235.48828,,,,,,,sky,Cushing2015_MGC3v1,"Mars Global Cave Candidate Catalog (MGC3) v1 PDS4 bundle, Cushing G.E., doi:10.17189/1519222, mars_cave_catalog.zip via https://astrogeology.usgs.gov/search/map/mars_global_cave_candidate_catalog_v1_cushing (file miscellaneous/Mars_Cave_Catalog_shapefile.csv, bundle README dated 2017-06-21)",priority=2; comment=skylight
mars,CC0407,-3.27222,235.46069,,,,,,,sky,Cushing2015_MGC3v1,"Mars Global Cave Candidate Catalog (MGC3) v1 PDS4 bundle, Cushing G.E., doi:10.17189/1519222, mars_cave_catalog.zip via https://astrogeology.usgs.gov/search/map/mars_global_cave_candidate_catalog_v1_cushing (file miscellaneous/Mars_Cave_Catalog_shapefile.csv, bundle README dated 2017-06-21)",priority=1; comment=skylight
mars,CC0408,-3.19678,235.3623,,,,,,,sky,Cushing2015_MGC3v1,"Mars Global Cave Candidate Catalog (MGC3) v1 PDS4 bundle, Cushing G.E., doi:10.17189/1519222, mars_cave_catalog.zip via https://astrogeology.usgs.gov/search/map/mars_global_cave_candidate_catalog_v1_cushing (file miscellaneous/Mars_Cave_Catalog_shapefile.csv, bundle README dated 2017-06-21)",priority=2; comment=skylight
mars,CC0409,-3.20654,235.34692,,,,,,,sky,Cushing2015_MGC3v1,"Mars Global Cave Candidate Catalog (MGC3) v1 PDS4 bundle, Cushing G.E., doi:10.17189/1519222, mars_cave_catalog.zip via https://astrogeology.usgs.gov/search/map/mars_global_cave_candidate_catalog_v1_cushing (file miscellaneous/Mars_Cave_Catalog_shapefile.csv, bundle README dated 2017-06-21)",priority=1; comment=skylight
mars,CC0410,0.57617,235.02441,,,,,,,sky,Cushing2015_MGC3v1,"Mars Global Cave Candidate Catalog (MGC3) v1 PDS4 bundle, Cushing G.E., doi:10.17189/1519222, mars_cave_catalog.zip via https://astrogeology.usgs.gov/search/map/mars_global_cave_candidate_catalog_v1_cushing (file miscellaneous/Mars_Cave_Catalog_shapefile.csv, bundle README dated 2017-06-21)",priority=2; comment=skylight
mars,CC0411,0.87329,234.04285,,,,,,,sky,Cushing2015_MGC3v1,"Mars Global Cave Candidate Catalog (MGC3) v1 PDS4 bundle, Cushing G.E., doi:10.17189/1519222, mars_cave_catalog.zip via https://astrogeology.usgs.gov/search/map/mars_global_cave_candidate_catalog_v1_cushing (file miscellaneous/Mars_Cave_Catalog_shapefile.csv, bundle README dated 2017-06-21)",priority=2; comment=skylight
mars,CC0412,0.53442,234.27734,,,,,,,sky,Cushing2015_MGC3v1,"Mars Global Cave Candidate Catalog (MGC3) v1 PDS4 bundle, Cushing G.E., doi:10.17189/1519222, mars_cave_catalog.zip via https://astrogeology.usgs.gov/search/map/mars_global_cave_candidate_catalog_v1_cushing (file miscellaneous/Mars_Cave_Catalog_shapefile.csv, bundle README dated 2017-06-21)",priority=2; comment=skylight
mars,CC0413,0.53687,234.27686,,,,,,,sky,Cushing2015_MGC3v1,"Mars Global Cave Candidate Catalog (MGC3) v1 PDS4 bundle, Cushing G.E., doi:10.17189/1519222, mars_cave_catalog.zip via https://astrogeology.usgs.gov/search/map/mars_global_cave_candidate_catalog_v1_cushing (file miscellaneous/Mars_Cave_Catalog_shapefile.csv, bundle README dated 2017-06-21)",priority=2; comment=skylight
mars,CC0414,0.53979,234.23535,,,,,,,sky,Cushing2015_MGC3v1,"Mars Global Cave Candidate Catalog (MGC3) v1 PDS4 bundle, Cushing G.E., doi:10.17189/1519222, mars_cave_catalog.zip via https://astrogeology.usgs.gov/search/map/mars_global_cave_candidate_catalog_v1_cushing (file miscellaneous/Mars_Cave_Catalog_shapefile.csv, bundle README dated 2017-06-21)",priority=1; comment=skylight
mars,CC0415,0.54199,234.23901,,,,,,,sky,Cushing2015_MGC3v1,"Mars Global Cave Candidate Catalog (MGC3) v1 PDS4 bundle, Cushing G.E., doi:10.17189/1519222, mars_cave_catalog.zip via https://astrogeology.usgs.gov/search/map/mars_global_cave_candidate_catalog_v1_cushing (file miscellaneous/Mars_Cave_Catalog_shapefile.csv, bundle README dated 2017-06-21)",priority=1; comment=skylight
mars,CC0416,0.53928,344.21381,,,,,,,sky,Cushing2015_MGC3v1,"Mars Global Cave Candidate Catalog (MGC3) v1 PDS4 bundle, Cushing G.E., doi:10.17189/1519222, mars_cave_catalog.zip via https://astrogeology.usgs.gov/search/map/mars_global_cave_candidate_catalog_v1_cushing (file miscellaneous/Mars_Cave_Catalog_shapefile.csv, bundle README dated 2017-06-21)",priority=3; comment=skylight
mars,CC0417,0.55078,233.94531,,,,,,,sky,Cushing2015_MGC3v1,"Mars Global Cave Candidate Catalog (MGC3) v1 PDS4 bundle, Cushing G.E., doi:10.17189/1519222, mars_cave_catalog.zip via https://astrogeology.usgs.gov/search/map/mars_global_cave_candidate_catalog_v1_cushing (file miscellaneous/Mars_Cave_Catalog_shapefile.csv, bundle README dated 2017-06-21)",priority=2; comment=skylight
mars,CC0418,0.1958,234.07715,,,,,,,sky,Cushing2015_MGC3v1,"Mars Global Cave Candidate Catalog (MGC3) v1 PDS4 bundle, Cushing G.E., doi:10.17189/1519222, mars_cave_catalog.zip via https://astrogeology.usgs.gov/search/map/mars_global_cave_candidate_catalog_v1_cushing (file miscellaneous/Mars_Cave_Catalog_shapefile.csv, bundle README dated 2017-06-21)",priority=2; comment=skylight
mars,CC0419,0.07813,234.10107,,,,,,,sky,Cushing2015_MGC3v1,"Mars Global Cave Candidate Catalog (MGC3) v1 PDS4 bundle, Cushing G.E., doi:10.17189/1519222, mars_cave_catalog.zip via https://astrogeology.usgs.gov/search/map/mars_global_cave_candidate_catalog_v1_cushing (file miscellaneous/Mars_Cave_Catalog_shapefile.csv, bundle README dated 2017-06-21)",priority=2; comment=skylight
mars,CC0420,-0.24756,234.43286,,,,,,,sky,Cushing2015_MGC3v1,"Mars Global Cave Candidate Catalog (MGC3) v1 PDS4 bundle, Cushing G.E., doi:10.17189/1519222, mars_cave_catalog.zip via https://astrogeology.usgs.gov/search/map/mars_global_cave_candidate_catalog_v1_cushing (file miscellaneous/Mars_Cave_Catalog_shapefile.csv, bundle README dated 2017-06-21)",priority=1; comment=skylight
mars,CC0421,-0.20679,234.38037,,,,,,,sky,Cushing2015_MGC3v1,"Mars Global Cave Candidate Catalog (MGC3) v1 PDS4 bundle, Cushing G.E., doi:10.17189/1519222, mars_cave_catalog.zip via https://astrogeology.usgs.gov/search/map/mars_global_cave_candidate_catalog_v1_cushing (file miscellaneous/Mars_Cave_Catalog_shapefile.csv, bundle README dated 2017-06-21)",priority=3; comment=skylight
mars,CC0422,-0.20288,234.37622,,,,,,,sky,Cushing2015_MGC3v1,"Mars Global Cave Candidate Catalog (MGC3) v1 PDS4 bundle, Cushing G.E., doi:10.17189/1519222, mars_cave_catalog.zip via https://astrogeology.usgs.gov/search/map/mars_global_cave_candidate_catalog_v1_cushing (file miscellaneous/Mars_Cave_Catalog_shapefile.csv, bundle README dated 2017-06-21)",priority=2; comment=skylight
mars,CC0423,-0.16151,234.32892,,,,,,,sky,Cushing2015_MGC3v1,"Mars Global Cave Candidate Catalog (MGC3) v1 PDS4 bundle, Cushing G.E., doi:10.17189/1519222, mars_cave_catalog.zip via https://astrogeology.usgs.gov/search/map/mars_global_cave_candidate_catalog_v1_cushing (file miscellaneous/Mars_Cave_Catalog_shapefile.csv, bundle README dated 2017-06-21)",priority=2; comment=skylight
mars,CC0424,-0.15259,234.32251,,,,,,,sky,Cushing2015_MGC3v1,"Mars Global Cave Candidate Catalog (MGC3) v1 PDS4 bundle, Cushing G.E., doi:10.17189/1519222, mars_cave_catalog.zip via https://astrogeology.usgs.gov/search/map/mars_global_cave_candidate_catalog_v1_cushing (file miscellaneous/Mars_Cave_Catalog_shapefile.csv, bundle README dated 2017-06-21)",priority=3; comment=skylight
mars,CC0425,-0.14941,234.32104,,,,,,,sky,Cushing2015_MGC3v1,"Mars Global Cave Candidate Catalog (MGC3) v1 PDS4 bundle, Cushing G.E., doi:10.17189/1519222, mars_cave_catalog.zip via https://astrogeology.usgs.gov/search/map/mars_global_cave_candidate_catalog_v1_cushing (file miscellaneous/Mars_Cave_Catalog_shapefile.csv, bundle README dated 2017-06-21)",priority=2; comment=skylight
mars,CC0426,-0.13574,234.31421,,,,,,,sky,Cushing2015_MGC3v1,"Mars Global Cave Candidate Catalog (MGC3) v1 PDS4 bundle, Cushing G.E., doi:10.17189/1519222, mars_cave_catalog.zip via https://astrogeology.usgs.gov/search/map/mars_global_cave_candidate_catalog_v1_cushing (file miscellaneous/Mars_Cave_Catalog_shapefile.csv, bundle README dated 2017-06-21)",priority=2; comment=skylight
mars,CC0427,-0.13281,234.31421,,,,,,,sky,Cushing2015_MGC3v1,"Mars Global Cave Candidate Catalog (MGC3) v1 PDS4 bundle, Cushing G.E., doi:10.17189/1519222, mars_cave_catalog.zip via https://astrogeology.usgs.gov/search/map/mars_global_cave_candidate_catalog_v1_cushing (file miscellaneous/Mars_Cave_Catalog_shapefile.csv, bundle README dated 2017-06-21)",priority=2; comment=skylight
mars,CC0428,-0.12427,234.30347,,,,,,,sky,Cushing2015_MGC3v1,"Mars Global Cave Candidate Catalog (MGC3) v1 PDS4 bundle, Cushing G.E., doi:10.17189/1519222, mars_cave_catalog.zip via https://astrogeology.usgs.gov/search/map/mars_global_cave_candidate_catalog_v1_cushing (file miscellaneous/Mars_Cave_Catalog_shapefile.csv, bundle README dated 2017-06-21)",priority=2; comment=skylight
mars,CC0429,-0.23828,234.41284,,,,,,,sky,Cushing2015_MGC3v1,"Mars Global Cave Candidate Catalog (MGC3) v1 PDS4 bundle, Cushing G.E., doi:10.17189/1519222, mars_cave_catalog.zip via https://astrogeology.usgs.gov/search/map/mars_global_cave_candidate_catalog_v1_cushing (file miscellaneous/Mars_Cave_Catalog_shapefile.csv, bundle README dated 2017-06-21)",priority=2; comment=skylight
mars,CC0430,-0.12085,234.26648,,,,,,,sky,Cushing2015_MGC3v1,"Mars Global Cave Candidate Catalog (MGC3) v1 PDS4 bundle, Cushing G.E., doi:10.17189/1519222, mars_cave_catalog.zip via https://astrogeology.usgs.gov/search/map/mars_global_cave_candidate_catalog_v1_cushing (file miscellaneous/Mars_Cave_Catalog_shapefile.csv, bundle README dated 2017-06-21)",priority=1; comment=skylight
mars,CC0431,-0.1228,234.2644,,,,,,,sky,Cushing2015_MGC3v1,"Mars Global Cave Candidate Catalog (MGC3) v1 PDS4 bundle, Cushing G.E., doi:10.17189/1519222, mars_cave_catalog.zip via https://astrogeology.usgs.gov/search/map/mars_global_cave_candidate_catalog_v1_cushing (file miscellaneous/Mars_Cave_Catalog_shapefile.csv, bundle README dated 2017-06-21)",priority=2; comment=skylight
mars,CC0432,-0.10571,234.20642,,,,,,,sky,Cushing2015_MGC3v1,"Mars Global Cave Candidate Catalog (MGC3) v1 PDS4 bundle, Cushing G.E., doi:10.17189/1519222, mars_cave_catalog.zip via https://astrogeology.usgs.gov/search/map/mars_global_cave_candidate_catalog_v1_cushing (file miscellaneous/Mars_Cave_Catalog_shapefile.csv, bundle README dated 2017-06-21)",priority=1; comment=skylight
mars,CC0433,-0.10559,234.20471,,,,,,,sky,Cushing2015_MGC3v1,"Mars Global Cave Candidate Catalog (MGC3) v1 PDS4 bundle, Cushing G.E., doi:10.17189/1519222, mars_cave_catalog.zip via https://astrogeology.usgs.gov/search/map/mars_global_cave_candidate_catalog_v1_cushing (file miscellaneous/Mars_Cave_Catalog_shapefile.csv, bundle README dated 2017-06-21)",priority=1; comment=skylight
mars,CC0434,-0.10547,234.20203,,,,,,,sky,Cushing2015_MGC3v1,"Mars Global Cave Candidate Catalog (MGC3) v1 PDS4 bundle, Cushing G.E., doi:10.17189/1519222, mars_cave_catalog.zip via https://astrogeology.usgs.gov/search/map/mars_global_cave_candidate_catalog_v1_cushing (file miscellaneous/Mars_Cave_Catalog_shapefile.csv, bundle README dated 2017-06-21)",priority=1; comment=skylight
mars,CC0435,-0.09424,234.20154,,,,,,,sky,Cushing2015_MGC3v1,"Mars Global Cave Candidate Catalog (MGC3) v1 PDS4 bundle, Cushing G.E., doi:10.17189/1519222, mars_cave_catalog.zip via https://astrogeology.usgs.gov/search/map/mars_global_cave_candidate_catalog_v1_cushing (file miscellaneous/Mars_Cave_Catalog_shapefile.csv, bundle README dated 2017-06-21)",priority=1; comment=skylight
mars,CC0436,-0.08777,234.19653,,,,,,,sky,Cushing2015_MGC3v1,"Mars Global Cave Candidate Catalog (MGC3) v1 PDS4 bundle, Cushing G.E., doi:10.17189/1519222, mars_cave_catalog.zip via https://astrogeology.usgs.gov/search/map/mars_global_cave_candidate_catalog_v1_cushing (file miscellaneous/Mars_Cave_Catalog_shapefile.csv, bundle README dated 2017-06-21)",priority=1; comment=skylight
mars,CC0437,-0.05212,234.18701,,,,,,,sky,Cushing2015_MGC3v1,"Mars Global Cave Candidate Catalog (MGC3) v1 PDS4 bundle, Cushing G.E., doi:10.17189/1519222, mars_cave_catalog.zip via https://astrogeology.usgs.gov/search/map/mars_global_cave_candidate_catalog_v1_cushing (file miscellaneous/Mars_Cave_Catalog_shapefile.csv, bundle README dated 2017-06-21)",priority=2; comment=skylight
mars,CC0438,-0.04224,234.18506,,,,,,,sky,Cushing2015_MGC3v1,"Mars Global Cave Candidate Catalog (MGC3) v1 PDS4 bundle, Cushing G.E., doi:10.17189/1519222, mars_cave_catalog.zip via https://astrogeology.usgs.gov/search/map/mars_global_cave_candidate_catalog_v1_cushing (file miscellaneous/Mars_Cave_Catalog_shapefile.csv, bundle README dated 2017-06-21)",priority=2; comment=skylight
mars,CC0439,-0.03943,234.18311,,,,,,,sky,Cushing2015_MGC3v1,"Mars Global Cave Candidate Catalog (MGC3) v1 PDS4 bundle, Cushing G.E., doi:10.17189/1519222, mars_cave_catalog.zip via https://astrogeology.usgs.gov/search/map/mars_global_cave_candidate_catalog_v1_cushing (file miscellaneous/Mars_Cave_Catalog_shapefile.csv, bundle README dated 2017-06-21)",priority=1; comment=skylight
mars,CC0440,0.00781,234.16455,,,,,,,sky,Cushing2015_MGC3v1,"Mars Global Cave Candidate Catalog (MGC3) v1 PDS4 bundle, Cushing G.E., doi:10.17189/1519222, mars_cave_catalog.zip via https://astrogeology.usgs.gov/search/map/mars_global_cave_candidate_catalog_v1_cushing (file miscellaneous/Mars_Cave_Catalog_shapefile.csv, bundle README dated 2017-06-21)",priority=2; comment=skylight
mars,CC0441,0.01099,234.1626,,,,,,,sky,Cushing2015_MGC3v1,"Mars Global Cave Candidate Catalog (MGC3) v1 PDS4 bundle, Cushing G.E., doi:10.17189/1519222, mars_cave_catalog.zip via https://astrogeology.usgs.gov/search/map/mars_global_cave_candidate_catalog_v1_cushing (file miscellaneous/Mars_Cave_Catalog_shapefile.csv, bundle README dated 2017-06-21)",priority=2; comment=skylight
mars,CC0442,0.01172,234.16077,,,,,,,sky,Cushing2015_MGC3v1,"Mars Global Cave Candidate Catalog (MGC3) v1 PDS4 bundle, Cushing G.E., doi:10.17189/1519222, mars_cave_catalog.zip via https://astrogeology.usgs.gov/search/map/mars_global_cave_candidate_catalog_v1_cushing (file miscellaneous/Mars_Cave_Catalog_shapefile.csv, bundle README dated 2017-06-21)",priority=2; comment=skylight
mars,CC0443,0.01465,234.15759,,,,,,,sky,Cushing2015_MGC3v1,"Mars Global Cave Candidate Catalog (MGC3) v1 PDS4 bundle, Cushing G.E., doi:10.17189/1519222, mars_cave_catalog.zip via https://astrogeology.usgs.gov/search/map/mars_global_cave_candidate_catalog_v1_cushing (file miscellaneous/Mars_Cave_Catalog_shapefile.csv, bundle README dated 2017-06-21)",priority=2; comment=skylight
mars,CC0444,-0.01155,234.3075,,,,,,,sky,Cushing2015_MGC3v1,"Mars Global Cave Candidate Catalog (MGC3) v1 PDS4 bundle, Cushing G.E., doi:10.17189/1519222, mars_cave_catalog.zip via https://astrogeology.usgs.gov/search/map/mars_global_cave_candidate_catalog_v1_cushing (file miscellaneous/Mars_Cave_Catalog_shapefile.csv, bundle README dated 2017-06-21)",priority=3; comment=skylight
mars,CC0445,-0.01246,234.30853,,,,,,,sky,Cushing2015_MGC3v1,"Mars Global Cave Candidate Catalog (MGC3) v1 PDS4 bundle, Cushing G.E., doi:10.17189/1519222, mars_cave_catalog.zip via https://astrogeology.usgs.gov/search/map/mars_global_cave_candidate_catalog_v1_cushing (file miscellaneous/Mars_Cave_Catalog_shapefile.csv, bundle README dated 2017-06-21)",priority=3; comment=skylight
mars,CC0446,-0.01929,234.3208,,,,,,,sky,Cushing2015_MGC3v1,"Mars Global Cave Candidate Catalog (MGC3) v1 PDS4 bundle, Cushing G.E., doi:10.17189/1519222, mars_cave_catalog.zip via https://astrogeology.usgs.gov/search/map/mars_global_cave_candidate_catalog_v1_cushing (file miscellaneous/Mars_Cave_Catalog_shapefile.csv, bundle README dated 2017-06-21)",priority=2; comment=skylight
mars,CC0447,-0.02393,234.32373,,,,,,,sky,Cushing2015_MGC3v1,"Mars Global Cave Candidate Catalog (MGC3) v1 PDS4 bundle, Cushing G.E., doi:10.17189/1519222, mars_cave_catalog.zip via https://astrogeology.usgs.gov/search/map/mars_global_cave_candidate_catalog_v1_cushing (file miscellaneous/Mars_Cave_Catalog_shapefile.csv, bundle README dated 2017-06-21)",priority=2; comment=skylight
mars,CC0448,-0.02832,234.32617,,,,,,,sky,Cushing2015_MGC3v1,"Mars Global Cave Candidate Catalog (MGC3) v1 PDS4 bundle, Cushing G.E., doi:10.17189/1519222, mars_cave_catalog.zip via https://astrogeology.usgs.gov/search/map/mars_global_cave_candidate_catalog_v1_cushing (file miscellaneous/Mars_Cave_Catalog_shapefile.csv, bundle README dated 2017-06-21)",priority=3; comment=skylight
mars,CC0449,-0.03418,234.32886,,,,,,,sky,Cushing2015_MGC3v1,"Mars Global Cave Candidate Catalog (MGC3) v1 PDS4 bundle, Cushing G.E., doi:10.17189/1519222, mars_cave_catalog.zip via https://astrogeology.usgs.gov/search/map/mars_global_cave_candidate_catalog_v1_cushing (file miscellaneous/Mars_Cave_Catalog_shapefile.csv, bundle README dated 2017-06-21)",priority=2; comment=skylight
mars,CC0450,-0.04102,234.33496,,,,,,,sky,Cushing2015_MGC3v1,"Mars Global Cave Candidate Catalog (MGC3) v1 PDS4 bundle, Cushing G.E., doi:10.17189/1519222, mars_cave_catalog.zip via https://astrogeology.usgs.gov/search/map/mars_global_cave_candidate_catalog_v1_cushing (file miscellaneous/Mars_Cave_Catalog_shapefile.csv, bundle README dated 2017-06-21)",priority=3; comment=skylight
mars,CC0451,-0.06079,234.34912,,,,,,,sky,Cushing2015_MGC3v1,"Mars Global Cave Candidate Catalog (MGC3) v1 PDS4 bundle, Cushing G.E., doi:10.17189/1519222, mars_cave_catalog.zip via https://astrogeology.usgs.gov/search/map/mars_global_cave_candidate_catalog_v1_cushing (file miscellaneous/Mars_Cave_Catalog_shapefile.csv, bundle README dated 2017-06-21)",priority=2; comment=skylight
mars,CC0452,-0.55615,234.19299,,,,,,,sky,Cushing2015_MGC3v1,"Mars Global Cave Candidate Catalog (MGC3) v1 PDS4 bundle, Cushing G.E., doi:10.17189/1519222, mars_cave_catalog.zip via https://astrogeology.usgs.gov/search/map/mars_global_cave_candidate_catalog_v1_cushing (file miscellaneous/Mars_Cave_Catalog_shapefile.csv, bundle README dated 2017-06-21)",priority=3; comment=skylight
mars,CC0453,-0.55774,234.20093,,,,,,,sky,Cushing2015_MGC3v1,"Mars Global Cave Candidate Catalog (MGC3) v1 PDS4 bundle, Cushing G.E., doi:10.17189/1519222, mars_cave_catalog.zip via https://astrogeology.usgs.gov/search/map/mars_global_cave_candidate_catalog_v1_cushing (file miscellaneous/Mars_Cave_Catalog_shapefile.csv, bundle README dated 2017-06-21)",priority=2; comment=skylight
mars,CC0454,-0.56531,234.11804,,,,,,,sky,Cushing2015_MGC3v1,"Mars Global Cave Candidate Catalog (MGC3) v1 PDS4 bundle, Cushing G.E., doi:10.17189/1519222, mars_cave_catalog.zip via https://astrogeology.usgs.gov/search/map/mars_global_cave_candidate_catalog_v1_cushing (file miscellaneous/Mars_Cave_Catalog_shapefile.csv, bundle README dated 2017-06-21)",priority=3; comment=skylight
mars,CC0455,-0.55786,234.3103,,,,,,,sky,Cushing2015_MGC3v1,"Mars Global Cave Candidate Catalog (MGC3) v1 PDS4 bundle, Cushing G.E., doi:10.17189/1519222, mars_cave_catalog.zip via https://astrogeology.usgs.gov/search/map/mars_global_cave_candidate_catalog_v1_cushing (file miscellaneous/Mars_Cave_Catalog_shapefile.csv, bundle README dated 2017-06-21)",priority=2; comment=skylight
mars,CC0456,-0.48926,234.29541,,,,,,,sky,Cushing2015_MGC3v1,"Mars Global Cave Candidate Catalog (MGC3) v1 PDS4 bundle, Cushing G.E., doi:10.17189/1519222, mars_cave_catalog.zip via https://astrogeology.usgs.gov/search/map/mars_global_cave_candidate_catalog_v1_cushing (file miscellaneous/Mars_Cave_Catalog_shapefile.csv, bundle README dated 2017-06-21)",priority=2; comment=skylight
mars,CC0457,-0.65698,234.41553,,,,,,,sky,Cushing2015_MGC3v1,"Mars Global Cave Candidate Catalog (MGC3) v1 PDS4 bundle, Cushing G.E., doi:10.17189/1519222, mars_cave_catalog.zip via https://astrogeology.usgs.gov/search/map/mars_global_cave_candidate_catalog_v1_cushing (file miscellaneous/Mars_Cave_Catalog_shapefile.csv, bundle README dated 2017-06-21)",priority=1; comment=skylight
mars,CC0458,-0.64648,234.39282,,,,,,,sky,Cushing2015_MGC3v1,"Mars Global Cave Candidate Catalog (MGC3) v1 PDS4 bundle, Cushing G.E., doi:10.17189/1519222, mars_cave_catalog.zip via https://astrogeology.usgs.gov/search/map/mars_global_cave_candidate_catalog_v1_cushing (file miscellaneous/Mars_Cave_Catalog_shapefile.csv, bundle README dated 2017-06-21)",priority=2; comment=skylight
mars,CC0459,-0.6167,234.33008,,,,,,,sky,Cushing2015_MGC3v1,"Mars Global Cave Candidate Catalog (MGC3) v1 PDS4 bundle, Cushing G.E., doi:10.17189/1519222, mars_cave_catalog.zip via https://astrogeology.usgs.gov/search/map/mars_global_cave_candidate_catalog_v1_cushing (file miscellaneous/Mars_Cave_Catalog_shapefile.csv, bundle README dated 2017-06-21)",priority=2; comment=skylight
mars,CC0460,-0.66211,234.31909,,,,,,,sky,Cushing2015_MGC3v1,"Mars Global Cave Candidate Catalog (MGC3) v1 PDS4 bundle, Cushing G.E., doi:10.17189/1519222, mars_cave_catalog.zip via https://astrogeology.usgs.gov/search/map/mars_global_cave_candidate_catalog_v1_cushing (file miscellaneous/Mars_Cave_Catalog_shapefile.csv, bundle README dated 2017-06-21)",priority=2; comment=skylight
mars,CC0461,-1.01831,234.31787,,,,,,,sky,Cushing2015_MGC3v1,"Mars Global Cave Candidate Catalog (MGC3) v1 PDS4 bundle, Cushing G.E., doi:10.17189/1519222, mars_cave_catalog.zip via https://astrogeology.usgs.gov/search/map/mars_global_cave_candidate_catalog_v1_cushing (file miscellaneous/Mars_Cave_Catalog_shapefile.csv, bundle README dated 2017-06-21)",priority=1; comment=skylight
mars,CC0462,0.06494,234.3457,,,,,,,sky,Cushing2015_MGC3v1,"Mars Global Cave Candidate Catalog (MGC3) v1 PDS4 bundle, Cushing G.E., doi:10.17189/1519222, mars_cave_catalog.zip via https://astrogeology.usgs.gov/search/map/mars_global_cave_candidate_catalog_v1_cushing (file miscellaneous/Mars_Cave_Catalog_shapefile.csv, bundle README dated 2017-06-21)",priority=1; comment=skylight
mars,CC0463,0.06494,234.34705,,,,,,,sky,Cushing2015_MGC3v1,"Mars Global Cave Candidate Catalog (MGC3) v1 PDS4 bundle, Cushing G.E., doi:10.17189/1519222, mars_cave_catalog.zip via https://astrogeology.usgs.gov/search/map/mars_global_cave_candidate_catalog_v1_cushing (file miscellaneous/Mars_Cave_Catalog_shapefile.csv, bundle README dated 2017-06-21)",priority=1; comment=skylight
mars,CC0464,-2.43874,237.81075,,,,,,,sky,Cushing2015_MGC3v1,"Mars Global Cave Candidate Catalog (MGC3) v1 PDS4 bundle, Cushing G.E., doi:10.17189/1519222, mars_cave_catalog.zip via https://astrogeology.usgs.gov/search/map/mars_global_cave_candidate_catalog_v1_cushing (file miscellaneous/Mars_Cave_Catalog_shapefile.csv, bundle README dated 2017-06-21)",priority=1; comment=skylight
mars,CC0465,-2.20355,238.22772,,,,,,,sky,Cushing2015_MGC3v1,"Mars Global Cave Candidate Catalog (MGC3) v1 PDS4 bundle, Cushing G.E., doi:10.17189/1519222, mars_cave_catalog.zip via https://astrogeology.usgs.gov/search/map/mars_global_cave_candidate_catalog_v1_cushing (file miscellaneous/Mars_Cave_Catalog_shapefile.csv, bundle README dated 2017-06-21)",priority=1; comment=skylight with no visible tube
mars,CC0466,-2.20309,238.22202,,,,,,,sky,Cushing2015_MGC3v1,"Mars Global Cave Candidate Catalog (MGC3) v1 PDS4 bundle, Cushing G.E., doi:10.17189/1519222, mars_cave_catalog.zip via https://astrogeology.usgs.gov/search/map/mars_global_cave_candidate_catalog_v1_cushing (file miscellaneous/Mars_Cave_Catalog_shapefile.csv, bundle README dated 2017-06-21)",priority=1; comment=skylight with no visible tube
mars,CC0467,-2.57767,232.89737,,,,,,,sky,Cushing2015_MGC3v1,"Mars Global Cave Candidate Catalog (MGC3) v1 PDS4 bundle, Cushing G.E., doi:10.17189/1519222, mars_cave_catalog.zip via https://astrogeology.usgs.gov/search/map/mars_global_cave_candidate_catalog_v1_cushing (file miscellaneous/Mars_Cave_Catalog_shapefile.csv, bundle README dated 2017-06-21)",priority=2; comment=pinhole skylight
mars,CC0468,-2.24789,232.89539,,,,,,,sky,Cushing2015_MGC3v1,"Mars Global Cave Candidate Catalog (MGC3) v1 PDS4 bundle, Cushing G.E., doi:10.17189/1519222, mars_cave_catalog.zip via https://astrogeology.usgs.gov/search/map/mars_global_cave_candidate_catalog_v1_cushing (file miscellaneous/Mars_Cave_Catalog_shapefile.csv, bundle README dated 2017-06-21)",priority=3; comment=pinhole skylight
mars,CC0469,-2.24948,232.90546,,,,,,,sky,Cushing2015_MGC3v1,"Mars Global Cave Candidate Catalog (MGC3) v1 PDS4 bundle, Cushing G.E., doi:10.17189/1519222, mars_cave_catalog.zip via https://astrogeology.usgs.gov/search/map/mars_global_cave_candidate_catalog_v1_cushing (file miscellaneous/Mars_Cave_Catalog_shapefile.csv, bundle README dated 2017-06-21)",priority=2; comment=pinhole skylight
mars,CC0470,-2.24921,232.9151,,,,,,,sky,Cushing2015_MGC3v1,"Mars Global Cave Candidate Catalog (MGC3) v1 PDS4 bundle, Cushing G.E., doi:10.17189/1519222, mars_cave_catalog.zip via https://astrogeology.usgs.gov/search/map/mars_global_cave_candidate_catalog_v1_cushing (file miscellaneous/Mars_Cave_Catalog_shapefile.csv, bundle README dated 2017-06-21)",priority=3; comment=pinhole skylight
mars,CC0471,-2.25186,232.92227,,,,,,,sky,Cushing2015_MGC3v1,"Mars Global Cave Candidate Catalog (MGC3) v1 PDS4 bundle, Cushing G.E., doi:10.17189/1519222, mars_cave_catalog.zip via https://astrogeology.usgs.gov/search/map/mars_global_cave_candidate_catalog_v1_cushing (file miscellaneous/Mars_Cave_Catalog_shapefile.csv, bundle README dated 2017-06-21)",priority=3; comment=pinhole skylight
mars,CC0472,-2.25363,232.93451,,,,,,,sky,Cushing2015_MGC3v1,"Mars Global Cave Candidate Catalog (MGC3) v1 PDS4 bundle, Cushing G.E., doi:10.17189/1519222, mars_cave_catalog.zip via https://astrogeology.usgs.gov/search/map/mars_global_cave_candidate_catalog_v1_cushing (file miscellaneous/Mars_Cave_Catalog_shapefile.csv, bundle README dated 2017-06-21)",priority=2; comment=pinhole skylight
mars,CC0473,-2.26227,232.94708,,,,,,,sky,Cushing2015_MGC3v1,"Mars Global Cave Candidate Catalog (MGC3) v1 PDS4 bundle, Cushing G.E., doi:10.17189/1519222, mars_cave_catalog.zip via https://astrogeology.usgs.gov/search/map/mars_global_cave_candidate_catalog_v1_cushing (file miscellaneous/Mars_Cave_Catalog_shapefile.csv, bundle README dated 2017-06-21)",priority=3; comment=pinhole skylight
mars,CC0474,-2.28421,232.95163,,,,,,,sky,Cushing2015_MGC3v1,"Mars Global Cave Candidate Catalog (MGC3) v1 PDS4 bundle, Cushing G.E., doi:10.17189/1519222, mars_cave_catalog.zip via https://astrogeology.usgs.gov/search/map/mars_global_cave_candidate_catalog_v1_cushing (file miscellaneous/Mars_Cave_Catalog_shapefile.csv, bundle README dated 2017-06-21)",priority=3; comment=pinhole skylight
mars,CC0475,-2.28998,232.96127,,,,,,,sky,Cushing2015_MGC3v1,"Mars Global Cave Candidate Catalog (MGC3) v1 PDS4 bundle, Cushing G.E., doi:10.17189/1519222, mars_cave_catalog.zip via https://astrogeology.usgs.gov/search/map/mars_global_cave_candidate_catalog_v1_cushing (file miscellaneous/Mars_Cave_Catalog_shapefile.csv, bundle README dated 2017-06-21)",priority=2; comment=pinhole skylight
mars,CC0476,-17.15987,242.30147,,,,,,,sky,Cushing2015_MGC3v1,"Mars Global Cave Candidate Catalog (MGC3) v1 PDS4 bundle, Cushing G.E., doi:10.17189/1519222, mars_cave_catalog.zip via https://astrogeology.usgs.gov/search/map/mars_global_cave_candidate_catalog_v1_cushing (file miscellaneous/Mars_Cave_Catalog_shapefile.csv, bundle README dated 2017-06-21)",priority=1; comment=skylight
mars,CC0477,-17.60699,242.39783,,,,,,,sky,Cushing2015_MGC3v1,"Mars Global Cave Candidate Catalog (MGC3) v1 PDS4 bundle, Cushing G.E., doi:10.17189/1519222, mars_cave_catalog.zip via https://astrogeology.usgs.gov/search/map/mars_global_cave_candidate_catalog_v1_cushing (file miscellaneous/Mars_Cave_Catalog_shapefile.csv, bundle README dated 2017-06-21)",priority=2; comment=pinhole skylight
mars,CC0478,-17.6178,241.9884,,,,,,,sky,Cushing2015_MGC3v1,"Mars Global Cave Candidate Catalog (MGC3) v1 PDS4 bundle, Cushing G.E., doi:10.17189/1519222, mars_cave_catalog.zip via https://astrogeology.usgs.gov/search/map/mars_global_cave_candidate_catalog_v1_cushing (file miscellaneous/Mars_Cave_Catalog_shapefile.csv, bundle README dated 2017-06-21)",priority=2; comment=skylight pair
mars,CC0479,-17.61658,241.99146,,,,,,,sky,Cushing2015_MGC3v1,"Mars Global Cave Candidate Catalog (MGC3) v1 PDS4 bundle, Cushing G.E., doi:10.17189/1519222, mars_cave_catalog.zip via https://astrogeology.usgs.gov/search/map/mars_global_cave_candidate_catalog_v1_cushing (file miscellaneous/Mars_Cave_Catalog_shapefile.csv, bundle README dated 2017-06-21)",priority=2; comment=skylight pair
mars,CC0480,-2.27867,241.88284,,,,,,,sky,Cushing2015_MGC3v1,"Mars Global Cave Candidate Catalog (MGC3) v1 PDS4 bundle, Cushing G.E., doi:10.17189/1519222, mars_cave_catalog.zip via https://astrogeology.usgs.gov/search/map/mars_global_cave_candidate_catalog_v1_cushing (file miscellaneous/Mars_Cave_Catalog_shapefile.csv, bundle README dated 2017-06-21)",priority=0; comment=Small fracture skylight
mars,CC0481,-2.27881,241.8877,,,,,,,sky,Cushing2015_MGC3v1,"Mars Global Cave Candidate Catalog (MGC3) v1 PDS4 bundle, Cushing G.E., doi:10.17189/1519222, mars_cave_catalog.zip via https://astrogeology.usgs.gov/search/map/mars_global_cave_candidate_catalog_v1_cushing (file miscellaneous/Mars_Cave_Catalog_shapefile.csv, bundle README dated 2017-06-21)",priority=0; comment=Large fracture skylight
mars,CC0482,-2.27173,241.9834,,,,,,,sky,Cushing2015_MGC3v1,"Mars Global Cave Candidate Catalog (MGC3) v1 PDS4 bundle, Cushing G.E., doi:10.17189/1519222, mars_cave_catalog.zip via https://astrogeology.usgs.gov/search/map/mars_global_cave_candidate_catalog_v1_cushing (file miscellaneous/Mars_Cave_Catalog_shapefile.csv, bundle README dated 2017-06-21)",priority=0; comment=Largest fracture skylight
mars,CC0483,-1.87769,241.84131,,,,,,,sky,Cushing2015_MGC3v1,"Mars Global Cave Candidate Catalog (MGC3) v1 PDS4 bundle, Cushing G.E., doi:10.17189/1519222, mars_cave_catalog.zip via https://astrogeology.usgs.gov/search/map/mars_global_cave_candidate_catalog_v1_cushing (file miscellaneous/Mars_Cave_Catalog_shapefile.csv, bundle README dated 2017-06-21)",priority=3; comment=Skylight candidate
mars,CC0484,-1.88062,241.84473,,,,,,,sky,Cushing2015_MGC3v1,"Mars Global Cave Candidate Catalog (MGC3) v1 PDS4 bundle, Cushing G.E., doi:10.17189/1519222, mars_cave_catalog.zip via https://astrogeology.usgs.gov/search/map/mars_global_cave_candidate_catalog_v1_cushing (file miscellaneous/Mars_Cave_Catalog_shapefile.csv, bundle README dated 2017-06-21)",priority=3; comment=Skylight candidate
mars,CC0485,-2.53265,242.88058,,,,,,,sky,Cushing2015_MGC3v1,"Mars Global Cave Candidate Catalog (MGC3) v1 PDS4 bundle, Cushing G.E., doi:10.17189/1519222, mars_cave_catalog.zip via https://astrogeology.usgs.gov/search/map/mars_global_cave_candidate_catalog_v1_cushing (file miscellaneous/Mars_Cave_Catalog_shapefile.csv, bundle README dated 2017-06-21)",priority=2; comment=Skylight candidate
mars,CC0486,-2.00012,242.06799,,,,,,,sky,Cushing2015_MGC3v1,"Mars Global Cave Candidate Catalog (MGC3) v1 PDS4 bundle, Cushing G.E., doi:10.17189/1519222, mars_cave_catalog.zip via https://astrogeology.usgs.gov/search/map/mars_global_cave_candidate_catalog_v1_cushing (file miscellaneous/Mars_Cave_Catalog_shapefile.csv, bundle README dated 2017-06-21)",priority=3; comment=skylight
mars,CC0487,-1.94751,242.08026,,,,,,,sky,Cushing2015_MGC3v1,"Mars Global Cave Candidate Catalog (MGC3) v1 PDS4 bundle, Cushing G.E., doi:10.17189/1519222, mars_cave_catalog.zip via https://astrogeology.usgs.gov/search/map/mars_global_cave_candidate_catalog_v1_cushing (file miscellaneous/Mars_Cave_Catalog_shapefile.csv, bundle README dated 2017-06-21)",priority=3; comment=small puncture skylight candidate
mars,CC0488,-1.00293,235.15869,,,,,,,srp,Cushing2015_MGC3v1,"Mars Global Cave Candidate Catalog (MGC3) v1 PDS4 bundle, Cushing G.E., doi:10.17189/1519222, mars_cave_catalog.zip via https://astrogeology.usgs.gov/search/map/mars_global_cave_candidate_catalog_v1_cushing (file miscellaneous/Mars_Cave_Catalog_shapefile.csv, bundle README dated 2017-06-21)",priority=3; comment=Small rimless pit
mars,CC0489,-12.57263,241.90076,,,,,,,srp,Cushing2015_MGC3v1,"Mars Global Cave Candidate Catalog (MGC3) v1 PDS4 bundle, Cushing G.E., doi:10.17189/1519222, mars_cave_catalog.zip via https://astrogeology.usgs.gov/search/map/mars_global_cave_candidate_catalog_v1_cushing (file miscellaneous/Mars_Cave_Catalog_shapefile.csv, bundle README dated 2017-06-21)",priority=2; comment=Small rimless pit
mars,CC0490,-13.72852,242.20044,,,,,,,srp,Cushing2015_MGC3v1,"Mars Global Cave Candidate Catalog (MGC3) v1 PDS4 bundle, Cushing G.E., doi:10.17189/1519222, mars_cave_catalog.zip via https://astrogeology.usgs.gov/search/map/mars_global_cave_candidate_catalog_v1_cushing (file miscellaneous/Mars_Cave_Catalog_shapefile.csv, bundle README dated 2017-06-21)",priority=2; comment=Small rimless pit
mars,CC0491,-13.4082,241.46729,,,,,,,srp,Cushing2015_MGC3v1,"Mars Global Cave Candidate Catalog (MGC3) v1 PDS4 bundle, Cushing G.E., doi:10.17189/1519222, mars_cave_catalog.zip via https://astrogeology.usgs.gov/search/map/mars_global_cave_candidate_catalog_v1_cushing (file miscellaneous/Mars_Cave_Catalog_shapefile.csv, bundle README dated 2017-06-21)",priority=3; comment=Small rimless pit
mars,CC0492,-14.47632,242.00928,,,,,,,srp,Cushing2015_MGC3v1,"Mars Global Cave Candidate Catalog (MGC3) v1 PDS4 bundle, Cushing G.E., doi:10.17189/1519222, mars_cave_catalog.zip via https://astrogeology.usgs.gov/search/map/mars_global_cave_candidate_catalog_v1_cushing (file miscellaneous/Mars_Cave_Catalog_shapefile.csv, bundle README dated 2017-06-21)",priority=1; comment=Small rimless pit
mars,CC0493,-17.32227,241.90234,,,,,,,srp,Cushing2015_MGC3v1,"Mars Global Cave Candidate Catalog (MGC3) v1 PDS4 bundle, Cushing G.E., doi:10.17189/1519222, mars_cave_catalog.zip via https://astrogeology.usgs.gov/search/map/mars_global_cave_candidate_catalog_v1_cushing (file miscellaneous/Mars_Cave_Catalog_shapefile.csv, bundle README dated 2017-06-21)",priority=3; comment=Small rimless pit
mars,CC0494,-17.55811,241.88037,,,,,,,srp,Cushing2015_MGC3v1,"Mars Global Cave Candidate Catalog (MGC3) v1 PDS4 bundle, Cushing G.E., doi:10.17189/1519222, mars_cave_catalog.zip via https://astrogeology.usgs.gov/search/map/mars_global_cave_candidate_catalog_v1_cushing (file miscellaneous/Mars_Cave_Catalog_shapefile.csv, bundle README dated 2017-06-21)",priority=3; comment=Small rimless pit
mars,CC0495,-11.95361,240.77686,,,,,,,srp,Cushing2015_MGC3v1,"Mars Global Cave Candidate Catalog (MGC3) v1 PDS4 bundle, Cushing G.E., doi:10.17189/1519222, mars_cave_catalog.zip via https://astrogeology.usgs.gov/search/map/mars_global_cave_candidate_catalog_v1_cushing (file miscellaneous/Mars_Cave_Catalog_shapefile.csv, bundle README dated 2017-06-21)",priority=1; comment=small rimless pit -- largish?
mars,CC0496,25.41483,147.39064,,,,,,,srp,Cushing2015_MGC3v1,"Mars Global Cave Candidate Catalog (MGC3) v1 PDS4 bundle, Cushing G.E., doi:10.17189/1519222, mars_cave_catalog.zip via https://astrogeology.usgs.gov/search/map/mars_global_cave_candidate_catalog_v1_cushing (file miscellaneous/Mars_Cave_Catalog_shapefile.csv, bundle README dated 2017-06-21)",priority=1; comment=Elysium region
mars,CC0497,25.40985,147.37791,,,,,,,srp,Cushing2015_MGC3v1,"Mars Global Cave Candidate Catalog (MGC3) v1 PDS4 bundle, Cushing G.E., doi:10.17189/1519222, mars_cave_catalog.zip via https://astrogeology.usgs.gov/search/map/mars_global_cave_candidate_catalog_v1_cushing (file miscellaneous/Mars_Cave_Catalog_shapefile.csv, bundle README dated 2017-06-21)",priority=1; comment=Elysium region
mars,CC0498,31.13029,141.82776,,,,,,,srp,Cushing2015_MGC3v1,"Mars Global Cave Candidate Catalog (MGC3) v1 PDS4 bundle, Cushing G.E., doi:10.17189/1519222, mars_cave_catalog.zip via https://astrogeology.usgs.gov/search/map/mars_global_cave_candidate_catalog_v1_cushing (file miscellaneous/Mars_Cave_Catalog_shapefile.csv, bundle README dated 2017-06-21)",priority=3; comment=small candidates near uplift
mars,CC0499,32.4014,142.21597,,,,,,,srp,Cushing2015_MGC3v1,"Mars Global Cave Candidate Catalog (MGC3) v1 PDS4 bundle, Cushing G.E., doi:10.17189/1519222, mars_cave_catalog.zip via https://astrogeology.usgs.gov/search/map/mars_global_cave_candidate_catalog_v1_cushing (file miscellaneous/Mars_Cave_Catalog_shapefile.csv, bundle README dated 2017-06-21)",priority=2; comment=dark rimless pit
mars,CC0500,32.20986,142.35883,,,,,,,srp,Cushing2015_MGC3v1,"Mars Global Cave Candidate Catalog (MGC3) v1 PDS4 bundle, Cushing G.E., doi:10.17189/1519222, mars_cave_catalog.zip via https://astrogeology.usgs.gov/search/map/mars_global_cave_candidate_catalog_v1_cushing (file miscellaneous/Mars_Cave_Catalog_shapefile.csv, bundle README dated 2017-06-21)",priority=3; comment=dark rimless pit
mars,CC0501,26.97774,139.35155,,,,,,,srp,Cushing2015_MGC3v1,"Mars Global Cave Candidate Catalog (MGC3) v1 PDS4 bundle, Cushing G.E., doi:10.17189/1519222, mars_cave_catalog.zip via https://astrogeology.usgs.gov/search/map/mars_global_cave_candidate_catalog_v1_cushing (file miscellaneous/Mars_Cave_Catalog_shapefile.csv, bundle README dated 2017-06-21)",priority=1; comment=small pit between troughs
mars,CC0502,28.92876,145.15738,,,,,,,srp,Cushing2015_MGC3v1,"Mars Global Cave Candidate Catalog (MGC3) v1 PDS4 bundle, Cushing G.E., doi:10.17189/1519222, mars_cave_catalog.zip via https://astrogeology.usgs.gov/search/map/mars_global_cave_candidate_catalog_v1_cushing (file miscellaneous/Mars_Cave_Catalog_shapefile.csv, bundle README dated 2017-06-21)",priority=2; comment=deep-looking 100-m rimless pit
mars,CC0503,29.48875,144.95251,,,,,,,srp,Cushing2015_MGC3v1,"Mars Global Cave Candidate Catalog (MGC3) v1 PDS4 bundle, Cushing G.E., doi:10.17189/1519222, mars_cave_catalog.zip via https://astrogeology.usgs.gov/search/map/mars_global_cave_candidate_catalog_v1_cushing (file miscellaneous/Mars_Cave_Catalog_shapefile.csv, bundle README dated 2017-06-21)",priority=3; comment=rimless pit in sinuous channel floor (fluvial?)
mars,CC0504,-1.2148,239.75281,,,,,,,srp,Cushing2015_MGC3v1,"Mars Global Cave Candidate Catalog (MGC3) v1 PDS4 bundle, Cushing G.E., doi:10.17189/1519222, mars_cave_catalog.zip via https://astrogeology.usgs.gov/search/map/mars_global_cave_candidate_catalog_v1_cushing (file miscellaneous/Mars_Cave_Catalog_shapefile.csv, bundle README dated 2017-06-21)",priority=2; comment=rimless pit
mars,CC0505,-1.62982,239.71254,,,,,,,srp,Cushing2015_MGC3v1,"Mars Global Cave Candidate Catalog (MGC3) v1 PDS4 bundle, Cushing G.E., doi:10.17189/1519222, mars_cave_catalog.zip via https://astrogeology.usgs.gov/search/map/mars_global_cave_candidate_catalog_v1_cushing (file miscellaneous/Mars_Cave_Catalog_shapefile.csv, bundle README dated 2017-06-21)",priority=2; comment=rimless pit
mars,CC0506,-5.13017,238.83467,,,,,,,srp,Cushing2015_MGC3v1,"Mars Global Cave Candidate Catalog (MGC3) v1 PDS4 bundle, Cushing G.E., doi:10.17189/1519222, mars_cave_catalog.zip via https://astrogeology.usgs.gov/search/map/mars_global_cave_candidate_catalog_v1_cushing (file miscellaneous/Mars_Cave_Catalog_shapefile.csv, bundle README dated 2017-06-21)",priority=3; comment=rimless pit
mars,CC0507,16.17691,255.81567,,,,,,,srp,Cushing2015_MGC3v1,"Mars Global Cave Candidate Catalog (MGC3) v1 PDS4 bundle, Cushing G.E., doi:10.17189/1519222, mars_cave_catalog.zip via https://astrogeology.usgs.gov/search/map/mars_global_cave_candidate_catalog_v1_cushing (file miscellaneous/Mars_Cave_Catalog_shapefile.csv, bundle README dated 2017-06-21)",priority=2; comment=60m rimless pit
mars,CC0508,20.14613,247.39505,,,,,,,srp,Cushing2015_MGC3v1,"Mars Global Cave Candidate Catalog (MGC3) v1 PDS4 bundle, Cushing G.E., doi:10.17189/1519222, mars_cave_catalog.zip via https://astrogeology.usgs.gov/search/map/mars_global_cave_candidate_catalog_v1_cushing (file miscellaneous/Mars_Cave_Catalog_shapefile.csv, bundle README dated 2017-06-21)",priority=2; comment=Small rimless pit
mars,CC0509,-11.12969,233.56261,,,,,,,srp,Cushing2015_MGC3v1,"Mars Global Cave Candidate Catalog (MGC3) v1 PDS4 bundle, Cushing G.E., doi:10.17189/1519222, mars_cave_catalog.zip via https://astrogeology.usgs.gov/search/map/mars_global_cave_candidate_catalog_v1_cushing (file miscellaneous/Mars_Cave_Catalog_shapefile.csv, bundle README dated 2017-06-21)","priority=1; comment=deep rimless pit, possible sloped entrance"
mars,CC0510,-14.08301,234.66534,,,,,,,srp,Cushing2015_MGC3v1,"Mars Global Cave Candidate Catalog (MGC3) v1 PDS4 bundle, Cushing G.E., doi:10.17189/1519222, mars_cave_catalog.zip via https://astrogeology.usgs.gov/search/map/mars_global_cave_candidate_catalog_v1_cushing (file miscellaneous/Mars_Cave_Catalog_shapefile.csv, bundle README dated 2017-06-21)",priority=0; comment=small rimless pit off Arsia's southwest flank
mars,CC0511,-21.80383,237.65158,,,,,,,srp,Cushing2015_MGC3v1,"Mars Global Cave Candidate Catalog (MGC3) v1 PDS4 bundle, Cushing G.E., doi:10.17189/1519222, mars_cave_catalog.zip via https://astrogeology.usgs.gov/search/map/mars_global_cave_candidate_catalog_v1_cushing (file miscellaneous/Mars_Cave_Catalog_shapefile.csv, bundle README dated 2017-06-21)",priority=2; comment=pair of rimless pits at flow margin
mars,CC0512,-21.80306,237.65237,,,,,,,srp,Cushing2015_MGC3v1,"Mars Global Cave Candidate Catalog (MGC3) v1 PDS4 bundle, Cushing G.E., doi:10.17189/1519222, mars_cave_catalog.zip via https://astrogeology.usgs.gov/search/map/mars_global_cave_candidate_catalog_v1_cushing (file miscellaneous/Mars_Cave_Catalog_shapefile.csv, bundle README dated 2017-06-21)",priority=2; comment=pair of rimless pits at flow margin
mars,CC0513,3.99805,245.86523,,,,,,,srp,Cushing2015_MGC3v1,"Mars Global Cave Candidate Catalog (MGC3) v1 PDS4 bundle, Cushing G.E., doi:10.17189/1519222, mars_cave_catalog.zip via https://astrogeology.usgs.gov/search/map/mars_global_cave_candidate_catalog_v1_cushing (file miscellaneous/Mars_Cave_Catalog_shapefile.csv, bundle README dated 2017-06-21)",priority=3; comment=rimless pit - Pavonis north flank edge
mars,CC0514,1.54126,248.12573,,,,,,,srp,Cushing2015_MGC3v1,"Mars Global Cave Candidate Catalog (MGC3) v1 PDS4 bundle, Cushing G.E., doi:10.17189/1519222, mars_cave_catalog.zip via https://astrogeology.usgs.gov/search/map/mars_global_cave_candidate_catalog_v1_cushing (file miscellaneous/Mars_Cave_Catalog_shapefile.csv, bundle README dated 2017-06-21)",priority=3; comment=rimless pit near Pavonis summit
mars,CC0515,11.27306,260.36917,,,,,,,srp,Cushing2015_MGC3v1,"Mars Global Cave Candidate Catalog (MGC3) v1 PDS4 bundle, Cushing G.E., doi:10.17189/1519222, mars_cave_catalog.zip via https://astrogeology.usgs.gov/search/map/mars_global_cave_candidate_catalog_v1_cushing (file miscellaneous/Mars_Cave_Catalog_shapefile.csv, bundle README dated 2017-06-21)",priority=3; comment=50m Channel center smrp
mars,CC0516,16.5162,254.56308,,,,,,,srp,Cushing2015_MGC3v1,"Mars Global Cave Candidate Catalog (MGC3) v1 PDS4 bundle, Cushing G.E., doi:10.17189/1519222, mars_cave_catalog.zip via https://astrogeology.usgs.gov/search/map/mars_global_cave_candidate_catalog_v1_cushing (file miscellaneous/Mars_Cave_Catalog_shapefile.csv, bundle README dated 2017-06-21)",priority=2; comment=50 m Channel edge smrp
mars,CC0517,13.79756,259.62775,,,,,,,srp,Cushing2015_MGC3v1,"Mars Global Cave Candidate Catalog (MGC3) v1 PDS4 bundle, Cushing G.E., doi:10.17189/1519222, mars_cave_catalog.zip via https://astrogeology.usgs.gov/search/map/mars_global_cave_candidate_catalog_v1_cushing (file miscellaneous/Mars_Cave_Catalog_shapefile.csv, bundle README dated 2017-06-21)",priority=2; comment=110m Channel center
mars,CC0518,11.89553,260.72101,,,,,,,srp,Cushing2015_MGC3v1,"Mars Global Cave Candidate Catalog (MGC3) v1 PDS4 bundle, Cushing G.E., doi:10.17189/1519222, mars_cave_catalog.zip via https://astrogeology.usgs.gov/search/map/mars_global_cave_candidate_catalog_v1_cushing (file miscellaneous/Mars_Cave_Catalog_shapefile.csv, bundle README dated 2017-06-21)",priority=3; comment=36m rimless pit in channel center
mars,CC0519,13.68997,258.89587,,,,,,,srp,Cushing2015_MGC3v1,"Mars Global Cave Candidate Catalog (MGC3) v1 PDS4 bundle, Cushing G.E., doi:10.17189/1519222, mars_cave_catalog.zip via https://astrogeology.usgs.gov/search/map/mars_global_cave_candidate_catalog_v1_cushing (file miscellaneous/Mars_Cave_Catalog_shapefile.csv, bundle README dated 2017-06-21)",priority=3; comment=Interesting trio
mars,CC0520,17.45486,257.70984,,,,,,,srp,Cushing2015_MGC3v1,"Mars Global Cave Candidate Catalog (MGC3) v1 PDS4 bundle, Cushing G.E., doi:10.17189/1519222, mars_cave_catalog.zip via https://astrogeology.usgs.gov/search/map/mars_global_cave_candidate_catalog_v1_cushing (file miscellaneous/Mars_Cave_Catalog_shapefile.csv, bundle README dated 2017-06-21)",priority=2; comment=Small rimless pit in field of secondaries
mars,CC0521,16.91045,257.51483,,,,,,,srp,Cushing2015_MGC3v1,"Mars Global Cave Candidate Catalog (MGC3) v1 PDS4 bundle, Cushing G.E., doi:10.17189/1519222, mars_cave_catalog.zip via https://astrogeology.usgs.gov/search/map/mars_global_cave_candidate_catalog_v1_cushing (file miscellaneous/Mars_Cave_Catalog_shapefile.csv, bundle README dated 2017-06-21)",priority=2; comment=60m Channel smrp
mars,CC0522,19.5945,252.22134,,,,,,,srp,Cushing2015_MGC3v1,"Mars Global Cave Candidate Catalog (MGC3) v1 PDS4 bundle, Cushing G.E., doi:10.17189/1519222, mars_cave_catalog.zip via https://astrogeology.usgs.gov/search/map/mars_global_cave_candidate_catalog_v1_cushing (file miscellaneous/Mars_Cave_Catalog_shapefile.csv, bundle README dated 2017-06-21)",priority=2; comment=45x60m srp at channel rim
mars,CC0523,19.6115,252.29686,,,,,,,srp,Cushing2015_MGC3v1,"Mars Global Cave Candidate Catalog (MGC3) v1 PDS4 bundle, Cushing G.E., doi:10.17189/1519222, mars_cave_catalog.zip via https://astrogeology.usgs.gov/search/map/mars_global_cave_candidate_catalog_v1_cushing (file miscellaneous/Mars_Cave_Catalog_shapefile.csv, bundle README dated 2017-06-21)",priority=2; comment=Candidates at channel/fracture intersection
mars,CC0524,20.15543,257.76648,,,,,,,srp,Cushing2015_MGC3v1,"Mars Global Cave Candidate Catalog (MGC3) v1 PDS4 bundle, Cushing G.E., doi:10.17189/1519222, mars_cave_catalog.zip via https://astrogeology.usgs.gov/search/map/mars_global_cave_candidate_catalog_v1_cushing (file miscellaneous/Mars_Cave_Catalog_shapefile.csv, bundle README dated 2017-06-21)","priority=2; comment=Dark srp, impact? Albedo feature?"
mars,CC0525,19.7855,257.94684,,,,,,,srp,Cushing2015_MGC3v1,"Mars Global Cave Candidate Catalog (MGC3) v1 PDS4 bundle, Cushing G.E., doi:10.17189/1519222, mars_cave_catalog.zip via https://astrogeology.usgs.gov/search/map/mars_global_cave_candidate_catalog_v1_cushing (file miscellaneous/Mars_Cave_Catalog_shapefile.csv, bundle README dated 2017-06-21)",priority=2; comment=Craters cutting into inverted channelsrp
mars,CC0526,17.14942,244.95894,,,,,,,srp,Cushing2015_MGC3v1,"Mars Global Cave Candidate Catalog (MGC3) v1 PDS4 bundle, Cushing G.E., doi:10.17189/1519222, mars_cave_catalog.zip via https://astrogeology.usgs.gov/search/map/mars_global_cave_candidate_catalog_v1_cushing (file miscellaneous/Mars_Cave_Catalog_shapefile.csv, bundle README dated 2017-06-21)",priority=3; comment=Channel rim srp
mars,CC0527,12.88562,246.31197,,,,,,,srp,Cushing2015_MGC3v1,"Mars Global Cave Candidate Catalog (MGC3) v1 PDS4 bundle, Cushing G.E., doi:10.17189/1519222, mars_cave_catalog.zip via https://astrogeology.usgs.gov/search/map/mars_global_cave_candidate_catalog_v1_cushing (file miscellaneous/Mars_Cave_Catalog_shapefile.csv, bundle README dated 2017-06-21)",priority=3; comment=small rimless pit
mars,CC0528,11.83345,245.75446,,,,,,,srp,Cushing2015_MGC3v1,"Mars Global Cave Candidate Catalog (MGC3) v1 PDS4 bundle, Cushing G.E., doi:10.17189/1519222, mars_cave_catalog.zip via https://astrogeology.usgs.gov/search/map/mars_global_cave_candidate_catalog_v1_cushing (file miscellaneous/Mars_Cave_Catalog_shapefile.csv, bundle README dated 2017-06-21)",priority=1; comment=60m rimless pit with dust bunny
mars,CC0529,11.49842,245.88937,,,,,,,srp,Cushing2015_MGC3v1,"Mars Global Cave Candidate Catalog (MGC3) v1 PDS4 bundle, Cushing G.E., doi:10.17189/1519222, mars_cave_catalog.zip via https://astrogeology.usgs.gov/search/map/mars_global_cave_candidate_catalog_v1_cushing (file miscellaneous/Mars_Cave_Catalog_shapefile.csv, bundle README dated 2017-06-21)",priority=2; comment=Feature on channel wall and floor
mars,CC0530,22.79249,241.85881,,,,,,,srp,Cushing2015_MGC3v1,"Mars Global Cave Candidate Catalog (MGC3) v1 PDS4 bundle, Cushing G.E., doi:10.17189/1519222, mars_cave_catalog.zip via https://astrogeology.usgs.gov/search/map/mars_global_cave_candidate_catalog_v1_cushing (file miscellaneous/Mars_Cave_Catalog_shapefile.csv, bundle README dated 2017-06-21)",priority=3; comment=small rimless pit
mars,CC0531,1.12164,240.61383,,,,,,,srp,Cushing2015_MGC3v1,"Mars Global Cave Candidate Catalog (MGC3) v1 PDS4 bundle, Cushing G.E., doi:10.17189/1519222, mars_cave_catalog.zip via https://astrogeology.usgs.gov/search/map/mars_global_cave_candidate_catalog_v1_cushing (file miscellaneous/Mars_Cave_Catalog_shapefile.csv, bundle README dated 2017-06-21)",priority=2; comment=Tube skylight maybe?
mars,CC0532,1.0499,240.71826,,,,,,,srp,Cushing2015_MGC3v1,"Mars Global Cave Candidate Catalog (MGC3) v1 PDS4 bundle, Cushing G.E., doi:10.17189/1519222, mars_cave_catalog.zip via https://astrogeology.usgs.gov/search/map/mars_global_cave_candidate_catalog_v1_cushing (file miscellaneous/Mars_Cave_Catalog_shapefile.csv, bundle README dated 2017-06-21)",priority=1; comment=70x100m small rimless pit in flood channel 32m deep
mars,CC0533,-0.5468,240.94637,,,,,,,srp,Cushing2015_MGC3v1,"Mars Global Cave Candidate Catalog (MGC3) v1 PDS4 bundle, Cushing G.E., doi:10.17189/1519222, mars_cave_catalog.zip via https://astrogeology.usgs.gov/search/map/mars_global_cave_candidate_catalog_v1_cushing (file miscellaneous/Mars_Cave_Catalog_shapefile.csv, bundle README dated 2017-06-21)",priority=0; comment=140m small rimless pit in channel
mars,CC0534,10.32749,243.58313,,,,,,,srp,Cushing2015_MGC3v1,"Mars Global Cave Candidate Catalog (MGC3) v1 PDS4 bundle, Cushing G.E., doi:10.17189/1519222, mars_cave_catalog.zip via https://astrogeology.usgs.gov/search/map/mars_global_cave_candidate_catalog_v1_cushing (file miscellaneous/Mars_Cave_Catalog_shapefile.csv, bundle README dated 2017-06-21)",priority=3; comment=Small rimless pit
mars,CC0535,7.63903,243.95589,,,,,,,srp,Cushing2015_MGC3v1,"Mars Global Cave Candidate Catalog (MGC3) v1 PDS4 bundle, Cushing G.E., doi:10.17189/1519222, mars_cave_catalog.zip via https://astrogeology.usgs.gov/search/map/mars_global_cave_candidate_catalog_v1_cushing (file miscellaneous/Mars_Cave_Catalog_shapefile.csv, bundle README dated 2017-06-21)",priority=2; comment=Small rimless pit
mars,CC0536,-6.71021,243.37903,,,,,,,srp,Cushing2015_MGC3v1,"Mars Global Cave Candidate Catalog (MGC3) v1 PDS4 bundle, Cushing G.E., doi:10.17189/1519222, mars_cave_catalog.zip via https://astrogeology.usgs.gov/search/map/mars_global_cave_candidate_catalog_v1_cushing (file miscellaneous/Mars_Cave_Catalog_shapefile.csv, bundle README dated 2017-06-21)","priority=2; comment=80m smrp, >30m deep"
mars,CC0537,-4.50244,243.24512,,,,,,,srp,Cushing2015_MGC3v1,"Mars Global Cave Candidate Catalog (MGC3) v1 PDS4 bundle, Cushing G.E., doi:10.17189/1519222, mars_cave_catalog.zip via https://astrogeology.usgs.gov/search/map/mars_global_cave_candidate_catalog_v1_cushing (file miscellaneous/Mars_Cave_Catalog_shapefile.csv, bundle README dated 2017-06-21)",priority=2; comment=small rimless pit trench 150x50m
mars,CC0538,-5.64697,243.69482,,,,,,,srp,Cushing2015_MGC3v1,"Mars Global Cave Candidate Catalog (MGC3) v1 PDS4 bundle, Cushing G.E., doi:10.17189/1519222, mars_cave_catalog.zip via https://astrogeology.usgs.gov/search/map/mars_global_cave_candidate_catalog_v1_cushing (file miscellaneous/Mars_Cave_Catalog_shapefile.csv, bundle README dated 2017-06-21)",priority=2; comment=typical smrp
mars,CC0539,-2.75122,246.12744,,,,,,,srp,Cushing2015_MGC3v1,"Mars Global Cave Candidate Catalog (MGC3) v1 PDS4 bundle, Cushing G.E., doi:10.17189/1519222, mars_cave_catalog.zip via https://astrogeology.usgs.gov/search/map/mars_global_cave_candidate_catalog_v1_cushing (file miscellaneous/Mars_Cave_Catalog_shapefile.csv, bundle README dated 2017-06-21)",priority=3; comment=Small rimless pit
mars,CC0540,-2.74829,246.1123,,,,,,,srp,Cushing2015_MGC3v1,"Mars Global Cave Candidate Catalog (MGC3) v1 PDS4 bundle, Cushing G.E., doi:10.17189/1519222, mars_cave_catalog.zip via https://astrogeology.usgs.gov/search/map/mars_global_cave_candidate_catalog_v1_cushing (file miscellaneous/Mars_Cave_Catalog_shapefile.csv, bundle README dated 2017-06-21)",priority=3; comment=Small rimless pit
mars,CC0541,-1.87396,240.72375,,,,,,,srp,Cushing2015_MGC3v1,"Mars Global Cave Candidate Catalog (MGC3) v1 PDS4 bundle, Cushing G.E., doi:10.17189/1519222, mars_cave_catalog.zip via https://astrogeology.usgs.gov/search/map/mars_global_cave_candidate_catalog_v1_cushing (file miscellaneous/Mars_Cave_Catalog_shapefile.csv, bundle README dated 2017-06-21)",priority=3; comment=small smrps at edge of small impact
mars,CC0542,-3.0293,246.94409,,,,,,,srp,Cushing2015_MGC3v1,"Mars Global Cave Candidate Catalog (MGC3) v1 PDS4 bundle, Cushing G.E., doi:10.17189/1519222, mars_cave_catalog.zip via https://astrogeology.usgs.gov/search/map/mars_global_cave_candidate_catalog_v1_cushing (file miscellaneous/Mars_Cave_Catalog_shapefile.csv, bundle README dated 2017-06-21)",priority=2; comment=Small rimless pit
mars,CC0543,-1.24121,246.72144,,,,,,,srp,Cushing2015_MGC3v1,"Mars Global Cave Candidate Catalog (MGC3) v1 PDS4 bundle, Cushing G.E., doi:10.17189/1519222, mars_cave_catalog.zip via https://astrogeology.usgs.gov/search/map/mars_global_cave_candidate_catalog_v1_cushing (file miscellaneous/Mars_Cave_Catalog_shapefile.csv, bundle README dated 2017-06-21)",priority=3; comment=small rimless pit at edge of larger pit
mars,CC0544,0.97021,245.05078,,,,,,,srp,Cushing2015_MGC3v1,"Mars Global Cave Candidate Catalog (MGC3) v1 PDS4 bundle, Cushing G.E., doi:10.17189/1519222, mars_cave_catalog.zip via https://astrogeology.usgs.gov/search/map/mars_global_cave_candidate_catalog_v1_cushing (file miscellaneous/Mars_Cave_Catalog_shapefile.csv, bundle README dated 2017-06-21)","priority=2; comment=Pavonis flank, channel edge pit"
mars,CC0545,-3.93115,249.05835,,,,,,,srp,Cushing2015_MGC3v1,"Mars Global Cave Candidate Catalog (MGC3) v1 PDS4 bundle, Cushing G.E., doi:10.17189/1519222, mars_cave_catalog.zip via https://astrogeology.usgs.gov/search/map/mars_global_cave_candidate_catalog_v1_cushing (file miscellaneous/Mars_Cave_Catalog_shapefile.csv, bundle README dated 2017-06-21)",priority=1; comment=small rimless pit in flow
mars,CC0546,-5.5498,245.97803,,,,,,,srp,Cushing2015_MGC3v1,"Mars Global Cave Candidate Catalog (MGC3) v1 PDS4 bundle, Cushing G.E., doi:10.17189/1519222, mars_cave_catalog.zip via https://astrogeology.usgs.gov/search/map/mars_global_cave_candidate_catalog_v1_cushing (file miscellaneous/Mars_Cave_Catalog_shapefile.csv, bundle README dated 2017-06-21)",priority=2; comment=Small rimless pit
mars,CC0547,-7.70825,245.49976,,,,,,,srp,Cushing2015_MGC3v1,"Mars Global Cave Candidate Catalog (MGC3) v1 PDS4 bundle, Cushing G.E., doi:10.17189/1519222, mars_cave_catalog.zip via https://astrogeology.usgs.gov/search/map/mars_global_cave_candidate_catalog_v1_cushing (file miscellaneous/Mars_Cave_Catalog_shapefile.csv, bundle README dated 2017-06-21)",priority=3; comment=Small rimless pit
mars,CC0548,-3.58107,250.68768,,,,,,,srp,Cushing2015_MGC3v1,"Mars Global Cave Candidate Catalog (MGC3) v1 PDS4 bundle, Cushing G.E., doi:10.17189/1519222, mars_cave_catalog.zip via https://astrogeology.usgs.gov/search/map/mars_global_cave_candidate_catalog_v1_cushing (file miscellaneous/Mars_Cave_Catalog_shapefile.csv, bundle README dated 2017-06-21)",priority=2; comment=Small rimless pit
mars,CC0549,-2.03648,250.6709,,,,,,,srp,Cushing2015_MGC3v1,"Mars Global Cave Candidate Catalog (MGC3) v1 PDS4 bundle, Cushing G.E., doi:10.17189/1519222, mars_cave_catalog.zip via https://astrogeology.usgs.gov/search/map/mars_global_cave_candidate_catalog_v1_cushing (file miscellaneous/Mars_Cave_Catalog_shapefile.csv, bundle README dated 2017-06-21)",priority=2; comment=Small rimless pit
mars,CC0550,-2.04361,250.70448,,,,,,,srp,Cushing2015_MGC3v1,"Mars Global Cave Candidate Catalog (MGC3) v1 PDS4 bundle, Cushing G.E., doi:10.17189/1519222, mars_cave_catalog.zip via https://astrogeology.usgs.gov/search/map/mars_global_cave_candidate_catalog_v1_cushing (file miscellaneous/Mars_Cave_Catalog_shapefile.csv, bundle README dated 2017-06-21)",priority=2; comment=Small rimless pit
mars,CC0551,-2.67987,250.82567,,,,,,,srp,Cushing2015_MGC3v1,"Mars Global Cave Candidate Catalog (MGC3) v1 PDS4 bundle, Cushing G.E., doi:10.17189/1519222, mars_cave_catalog.zip via https://astrogeology.usgs.gov/search/map/mars_global_cave_candidate_catalog_v1_cushing (file miscellaneous/Mars_Cave_Catalog_shapefile.csv, bundle README dated 2017-06-21)",priority=1; comment=Small rimless pit
mars,CC0552,-2.84816,250.88794,,,,,,,srp,Cushing2015_MGC3v1,"Mars Global Cave Candidate Catalog (MGC3) v1 PDS4 bundle, Cushing G.E., doi:10.17189/1519222, mars_cave_catalog.zip via https://astrogeology.usgs.gov/search/map/mars_global_cave_candidate_catalog_v1_cushing (file miscellaneous/Mars_Cave_Catalog_shapefile.csv, bundle README dated 2017-06-21)",priority=2; comment=Small rimless pit
mars,CC0553,-6.15368,245.30014,,,,,,,srp,Cushing2015_MGC3v1,"Mars Global Cave Candidate Catalog (MGC3) v1 PDS4 bundle, Cushing G.E., doi:10.17189/1519222, mars_cave_catalog.zip via https://astrogeology.usgs.gov/search/map/mars_global_cave_candidate_catalog_v1_cushing (file miscellaneous/Mars_Cave_Catalog_shapefile.csv, bundle README dated 2017-06-21)",priority=3; comment=small rimless pit or black surface spot
mars,CC0554,-7.2819,245.45358,,,,,,,srp,Cushing2015_MGC3v1,"Mars Global Cave Candidate Catalog (MGC3) v1 PDS4 bundle, Cushing G.E., doi:10.17189/1519222, mars_cave_catalog.zip via https://astrogeology.usgs.gov/search/map/mars_global_cave_candidate_catalog_v1_cushing (file miscellaneous/Mars_Cave_Catalog_shapefile.csv, bundle README dated 2017-06-21)",priority=2; comment=small rimless pit near channel cliff
mars,CC0555,-7.47129,245.448,,,,,,,srp,Cushing2015_MGC3v1,"Mars Global Cave Candidate Catalog (MGC3) v1 PDS4 bundle, Cushing G.E., doi:10.17189/1519222, mars_cave_catalog.zip via https://astrogeology.usgs.gov/search/map/mars_global_cave_candidate_catalog_v1_cushing (file miscellaneous/Mars_Cave_Catalog_shapefile.csv, bundle README dated 2017-06-21)",priority=3; comment=Small rimless pit
mars,CC0556,-1.7361,248.78152,,,,,,,srp,Cushing2015_MGC3v1,"Mars Global Cave Candidate Catalog (MGC3) v1 PDS4 bundle, Cushing G.E., doi:10.17189/1519222, mars_cave_catalog.zip via https://astrogeology.usgs.gov/search/map/mars_global_cave_candidate_catalog_v1_cushing (file miscellaneous/Mars_Cave_Catalog_shapefile.csv, bundle README dated 2017-06-21)",priority=2; comment=Small rimless pit
mars,CC0557,-1.82726,248.97821,,,,,,,srp,Cushing2015_MGC3v1,"Mars Global Cave Candidate Catalog (MGC3) v1 PDS4 bundle, Cushing G.E., doi:10.17189/1519222, mars_cave_catalog.zip via https://astrogeology.usgs.gov/search/map/mars_global_cave_candidate_catalog_v1_cushing (file miscellaneous/Mars_Cave_Catalog_shapefile.csv, bundle README dated 2017-06-21)",priority=3; comment=Small rimless pit
mars,CC0558,-2.20827,248.87439,,,,,,,srp,Cushing2015_MGC3v1,"Mars Global Cave Candidate Catalog (MGC3) v1 PDS4 bundle, Cushing G.E., doi:10.17189/1519222, mars_cave_catalog.zip via https://astrogeology.usgs.gov/search/map/mars_global_cave_candidate_catalog_v1_cushing (file miscellaneous/Mars_Cave_Catalog_shapefile.csv, bundle README dated 2017-06-21)",priority=2; comment=Small rimless pit
mars,CC0559,-8.26559,248.16745,,,,,,,srp,Cushing2015_MGC3v1,"Mars Global Cave Candidate Catalog (MGC3) v1 PDS4 bundle, Cushing G.E., doi:10.17189/1519222, mars_cave_catalog.zip via https://astrogeology.usgs.gov/search/map/mars_global_cave_candidate_catalog_v1_cushing (file miscellaneous/Mars_Cave_Catalog_shapefile.csv, bundle README dated 2017-06-21)",priority=2; comment=Small rimless pit
mars,CC0560,-8.26001,248.19633,,,,,,,srp,Cushing2015_MGC3v1,"Mars Global Cave Candidate Catalog (MGC3) v1 PDS4 bundle, Cushing G.E., doi:10.17189/1519222, mars_cave_catalog.zip via https://astrogeology.usgs.gov/search/map/mars_global_cave_candidate_catalog_v1_cushing (file miscellaneous/Mars_Cave_Catalog_shapefile.csv, bundle README dated 2017-06-21)",priority=3; comment=Small rimless pit
mars,CC0561,-8.27131,248.03525,,,,,,,srp,Cushing2015_MGC3v1,"Mars Global Cave Candidate Catalog (MGC3) v1 PDS4 bundle, Cushing G.E., doi:10.17189/1519222, mars_cave_catalog.zip via https://astrogeology.usgs.gov/search/map/mars_global_cave_candidate_catalog_v1_cushing (file miscellaneous/Mars_Cave_Catalog_shapefile.csv, bundle README dated 2017-06-21)",priority=3; comment=Small rimless pit
mars,CC0562,-5.90737,244.89133,,,,,,,srp,Cushing2015_MGC3v1,"Mars Global Cave Candidate Catalog (MGC3) v1 PDS4 bundle, Cushing G.E., doi:10.17189/1519222, mars_cave_catalog.zip via https://astrogeology.usgs.gov/search/map/mars_global_cave_candidate_catalog_v1_cushing (file miscellaneous/Mars_Cave_Catalog_shapefile.csv, bundle README dated 2017-06-21)",priority=2; comment=Small rimless pit
mars,CC0563,-6.11237,244.83768,,,,,,,srp,Cushing2015_MGC3v1,"Mars Global Cave Candidate Catalog (MGC3) v1 PDS4 bundle, Cushing G.E., doi:10.17189/1519222, mars_cave_catalog.zip via https://astrogeology.usgs.gov/search/map/mars_global_cave_candidate_catalog_v1_cushing (file miscellaneous/Mars_Cave_Catalog_shapefile.csv, bundle README dated 2017-06-21)",priority=2; comment=Small rimless pit
mars,CC0564,-7.53894,245.09665,,,,,,,srp,Cushing2015_MGC3v1,"Mars Global Cave Candidate Catalog (MGC3) v1 PDS4 bundle, Cushing G.E., doi:10.17189/1519222, mars_cave_catalog.zip via https://astrogeology.usgs.gov/search/map/mars_global_cave_candidate_catalog_v1_cushing (file miscellaneous/Mars_Cave_Catalog_shapefile.csv, bundle README dated 2017-06-21)",priority=2; comment=Small rimless pit
mars,CC0565,-7.84471,245.2103,,,,,,,srp,Cushing2015_MGC3v1,"Mars Global Cave Candidate Catalog (MGC3) v1 PDS4 bundle, Cushing G.E., doi:10.17189/1519222, mars_cave_catalog.zip via https://astrogeology.usgs.gov/search/map/mars_global_cave_candidate_catalog_v1_cushing (file miscellaneous/Mars_Cave_Catalog_shapefile.csv, bundle README dated 2017-06-21)",priority=3; comment=Small rimless pit
mars,CC0566,-10.59271,245.43153,,,,,,,srp,Cushing2015_MGC3v1,"Mars Global Cave Candidate Catalog (MGC3) v1 PDS4 bundle, Cushing G.E., doi:10.17189/1519222, mars_cave_catalog.zip via https://astrogeology.usgs.gov/search/map/mars_global_cave_candidate_catalog_v1_cushing (file miscellaneous/Mars_Cave_Catalog_shapefile.csv, bundle README dated 2017-06-21)",priority=2; comment=small rimless pit Irregular candidate
mars,CC0567,-6.81642,248.20219,,,,,,,srp,Cushing2015_MGC3v1,"Mars Global Cave Candidate Catalog (MGC3) v1 PDS4 bundle, Cushing G.E., doi:10.17189/1519222, mars_cave_catalog.zip via https://astrogeology.usgs.gov/search/map/mars_global_cave_candidate_catalog_v1_cushing (file miscellaneous/Mars_Cave_Catalog_shapefile.csv, bundle README dated 2017-06-21)",priority=2; comment=Small rimless pit
mars,CC0568,-6.82804,248.22865,,,,,,,srp,Cushing2015_MGC3v1,"Mars Global Cave Candidate Catalog (MGC3) v1 PDS4 bundle, Cushing G.E., doi:10.17189/1519222, mars_cave_catalog.zip via https://astrogeology.usgs.gov/search/map/mars_global_cave_candidate_catalog_v1_cushing (file miscellaneous/Mars_Cave_Catalog_shapefile.csv, bundle README dated 2017-06-21)",priority=3; comment=Small rimless pit
mars,CC0569,31.04544,349.67337,,,,,,,srp,Cushing2015_MGC3v1,"Mars Global Cave Candidate Catalog (MGC3) v1 PDS4 bundle, Cushing G.E., doi:10.17189/1519222, mars_cave_catalog.zip via https://astrogeology.usgs.gov/search/map/mars_global_cave_candidate_catalog_v1_cushing (file miscellaneous/Mars_Cave_Catalog_shapefile.csv, bundle README dated 2017-06-21)",priority=3; comment=Crater floor smrp
mars,CC0570,29.24847,348.8869,,,,,,,srp,Cushing2015_MGC3v1,"Mars Global Cave Candidate Catalog (MGC3) v1 PDS4 bundle, Cushing G.E., doi:10.17189/1519222, mars_cave_catalog.zip via https://astrogeology.usgs.gov/search/map/mars_global_cave_candidate_catalog_v1_cushing (file miscellaneous/Mars_Cave_Catalog_shapefile.csv, bundle README dated 2017-06-21)",priority=2; comment=small rimless pit w/ angel pattern or impact? vent?
mars,CC0571,29.32395,349.14621,,,,,,,srp,Cushing2015_MGC3v1,"Mars Global Cave Candidate Catalog (MGC3) v1 PDS4 bundle, Cushing G.E., doi:10.17189/1519222, mars_cave_catalog.zip via https://astrogeology.usgs.gov/search/map/mars_global_cave_candidate_catalog_v1_cushing (file miscellaneous/Mars_Cave_Catalog_shapefile.csv, bundle README dated 2017-06-21)",priority=1; comment=irregular small rimless pit causing strong windstreak
mars,CC0572,29.39133,349.02396,,,,,,,srp,Cushing2015_MGC3v1,"Mars Global Cave Candidate Catalog (MGC3) v1 PDS4 bundle, Cushing G.E., doi:10.17189/1519222, mars_cave_catalog.zip via https://astrogeology.usgs.gov/search/map/mars_global_cave_candidate_catalog_v1_cushing (file miscellaneous/Mars_Cave_Catalog_shapefile.csv, bundle README dated 2017-06-21)",priority=2; comment=small rimless pit with bimodal albedo wind pattern
mars,CC0573,33.85615,349.11877,,,,,,,srp,Cushing2015_MGC3v1,"Mars Global Cave Candidate Catalog (MGC3) v1 PDS4 bundle, Cushing G.E., doi:10.17189/1519222, mars_cave_catalog.zip via https://astrogeology.usgs.gov/search/map/mars_global_cave_candidate_catalog_v1_cushing (file miscellaneous/Mars_Cave_Catalog_shapefile.csv, bundle README dated 2017-06-21)",priority=2; comment=pit as albedo source ~ interesting
mars,CC0574,-2.30981,248.66589,,,,,,,srp,Cushing2015_MGC3v1,"Mars Global Cave Candidate Catalog (MGC3) v1 PDS4 bundle, Cushing G.E., doi:10.17189/1519222, mars_cave_catalog.zip via https://astrogeology.usgs.gov/search/map/mars_global_cave_candidate_catalog_v1_cushing (file miscellaneous/Mars_Cave_Catalog_shapefile.csv, bundle README dated 2017-06-21)",priority=3; comment=small rimless pit in channel
mars,CC0575,-2.38062,248.65698,,,,,,,srp,Cushing2015_MGC3v1,"Mars Global Cave Candidate Catalog (MGC3) v1 PDS4 bundle, Cushing G.E., doi:10.17189/1519222, mars_cave_catalog.zip via https://astrogeology.usgs.gov/search/map/mars_global_cave_candidate_catalog_v1_cushing (file miscellaneous/Mars_Cave_Catalog_shapefile.csv, bundle README dated 2017-06-21)",priority=3; comment=small rimless pit in channel
mars,CC0576,-2.39136,248.6593,,,,,,,srp,Cushing2015_MGC3v1,"Mars Global Cave Candidate Catalog (MGC3) v1 PDS4 bundle, Cushing G.E., doi:10.17189/1519222, mars_cave_catalog.zip via https://astrogeology.usgs.gov/search/map/mars_global_cave_candidate_catalog_v1_cushing (file miscellaneous/Mars_Cave_Catalog_shapefile.csv, bundle README dated 2017-06-21)",priority=3; comment=small rimless pit in channel
mars,CC0577,-2.35413,248.71228,,,,,,,srp,Cushing2015_MGC3v1,"Mars Global Cave Candidate Catalog (MGC3) v1 PDS4 bundle, Cushing G.E., doi:10.17189/1519222, mars_cave_catalog.zip via https://astrogeology.usgs.gov/search/map/mars_global_cave_candidate_catalog_v1_cushing (file miscellaneous/Mars_Cave_Catalog_shapefile.csv, bundle README dated 2017-06-21)",priority=2; comment=small rimless pit in channel
mars,CC0578,-2.05652,248.73633,,,,,,,srp,Cushing2015_MGC3v1,"Mars Global Cave Candidate Catalog (MGC3) v1 PDS4 bundle, Cushing G.E., doi:10.17189/1519222, mars_cave_catalog.zip via https://astrogeology.usgs.gov/search/map/mars_global_cave_candidate_catalog_v1_cushing (file miscellaneous/Mars_Cave_Catalog_shapefile.csv, bundle README dated 2017-06-21)",priority=2; comment=small rimless pit in channel
mars,CC0579,-2.04297,248.74219,,,,,,,srp,Cushing2015_MGC3v1,"Mars Global Cave Candidate Catalog (MGC3) v1 PDS4 bundle, Cushing G.E., doi:10.17189/1519222, mars_cave_catalog.zip via https://astrogeology.usgs.gov/search/map/mars_global_cave_candidate_catalog_v1_cushing (file miscellaneous/Mars_Cave_Catalog_shapefile.csv, bundle README dated 2017-06-21)",priority=3; comment=small rimless pit in channel
mars,CC0580,-1.73401,248.8772,,,,,,,srp,Cushing2015_MGC3v1,"Mars Global Cave Candidate Catalog (MGC3) v1 PDS4 bundle, Cushing G.E., doi:10.17189/1519222, mars_cave_catalog.zip via https://astrogeology.usgs.gov/search/map/mars_global_cave_candidate_catalog_v1_cushing (file miscellaneous/Mars_Cave_Catalog_shapefile.csv, bundle README dated 2017-06-21)",priority=2; comment=small rimless pit in channel
mars,CC0581,-2.02808,248.88129,,,,,,,srp,Cushing2015_MGC3v1,"Mars Global Cave Candidate Catalog (MGC3) v1 PDS4 bundle, Cushing G.E., doi:10.17189/1519222, mars_cave_catalog.zip via https://astrogeology.usgs.gov/search/map/mars_global_cave_candidate_catalog_v1_cushing (file miscellaneous/Mars_Cave_Catalog_shapefile.csv, bundle README dated 2017-06-21)",priority=3; comment=small rimless pit in channel
mars,CC0582,-3.39053,249.14041,,,,,,,srp,Cushing2015_MGC3v1,"Mars Global Cave Candidate Catalog (MGC3) v1 PDS4 bundle, Cushing G.E., doi:10.17189/1519222, mars_cave_catalog.zip via https://astrogeology.usgs.gov/search/map/mars_global_cave_candidate_catalog_v1_cushing (file miscellaneous/Mars_Cave_Catalog_shapefile.csv, bundle README dated 2017-06-21)",priority=3; comment=small rimless pit or partially buried impact
mars,CC0583,-2.65948,242.18161,,,,,,,srp,Cushing2015_MGC3v1,"Mars Global Cave Candidate Catalog (MGC3) v1 PDS4 bundle, Cushing G.E., doi:10.17189/1519222, mars_cave_catalog.zip via https://astrogeology.usgs.gov/search/map/mars_global_cave_candidate_catalog_v1_cushing (file miscellaneous/Mars_Cave_Catalog_shapefile.csv, bundle README dated 2017-06-21)",priority=3; comment=Collapse pit
mars,CC0584,-2.72461,242.23071,,,,,,,srp,Cushing2015_MGC3v1,"Mars Global Cave Candidate Catalog (MGC3) v1 PDS4 bundle, Cushing G.E., doi:10.17189/1519222, mars_cave_catalog.zip via https://astrogeology.usgs.gov/search/map/mars_global_cave_candidate_catalog_v1_cushing (file miscellaneous/Mars_Cave_Catalog_shapefile.csv, bundle README dated 2017-06-21)",priority=2; comment=Collapse pit at flow margin
mars,CC0585,-3.19299,242.20624,,,,,,,srp,Cushing2015_MGC3v1,"Mars Global Cave Candidate Catalog (MGC3) v1 PDS4 bundle, Cushing G.E., doi:10.17189/1519222, mars_cave_catalog.zip via https://astrogeology.usgs.gov/search/map/mars_global_cave_candidate_catalog_v1_cushing (file miscellaneous/Mars_Cave_Catalog_shapefile.csv, bundle README dated 2017-06-21)",priority=1; comment=small rimless pit and bright albedo
mars,CC0586,-2.87891,246.97571,,,,,,,srp,Cushing2015_MGC3v1,"Mars Global Cave Candidate Catalog (MGC3) v1 PDS4 bundle, Cushing G.E., doi:10.17189/1519222, mars_cave_catalog.zip via https://astrogeology.usgs.gov/search/map/mars_global_cave_candidate_catalog_v1_cushing (file miscellaneous/Mars_Cave_Catalog_shapefile.csv, bundle README dated 2017-06-21)",priority=3; comment=Small rimless pit
mars,CC0587,-3.65747,250.44739,,,,,,,srp,Cushing2015_MGC3v1,"Mars Global Cave Candidate Catalog (MGC3) v1 PDS4 bundle, Cushing G.E., doi:10.17189/1519222, mars_cave_catalog.zip via https://astrogeology.usgs.gov/search/map/mars_global_cave_candidate_catalog_v1_cushing (file miscellaneous/Mars_Cave_Catalog_shapefile.csv, bundle README dated 2017-06-21)",priority=2; comment=Small rimless pit
mars,CC0588,-5.85095,243.95703,,,,,,,srp,Cushing2015_MGC3v1,"Mars Global Cave Candidate Catalog (MGC3) v1 PDS4 bundle, Cushing G.E., doi:10.17189/1519222, mars_cave_catalog.zip via https://astrogeology.usgs.gov/search/map/mars_global_cave_candidate_catalog_v1_cushing (file miscellaneous/Mars_Cave_Catalog_shapefile.csv, bundle README dated 2017-06-21)",priority=3; comment=Small rimless pit
mars,CC0589,-7.05786,244.27344,,,,,,,srp,Cushing2015_MGC3v1,"Mars Global Cave Candidate Catalog (MGC3) v1 PDS4 bundle, Cushing G.E., doi:10.17189/1519222, mars_cave_catalog.zip via https://astrogeology.usgs.gov/search/map/mars_global_cave_candidate_catalog_v1_cushing (file miscellaneous/Mars_Cave_Catalog_shapefile.csv, bundle README dated 2017-06-21)",priority=3; comment=Small rimless pit
mars,CC0590,-2.44019,250.7959,,,,,,,srp,Cushing2015_MGC3v1,"Mars Global Cave Candidate Catalog (MGC3) v1 PDS4 bundle, Cushing G.E., doi:10.17189/1519222, mars_cave_catalog.zip via https://astrogeology.usgs.gov/search/map/mars_global_cave_candidate_catalog_v1_cushing (file miscellaneous/Mars_Cave_Catalog_shapefile.csv, bundle README dated 2017-06-21)",priority=3; comment=small rimless pit in channel
mars,CC0591,-2.27551,250.98749,,,,,,,srp,Cushing2015_MGC3v1,"Mars Global Cave Candidate Catalog (MGC3) v1 PDS4 bundle, Cushing G.E., doi:10.17189/1519222, mars_cave_catalog.zip via https://astrogeology.usgs.gov/search/map/mars_global_cave_candidate_catalog_v1_cushing (file miscellaneous/Mars_Cave_Catalog_shapefile.csv, bundle README dated 2017-06-21)",priority=3; comment=small rimless pit in channel
mars,CC0592,0.67963,249.86023,,,,,,,srp,Cushing2015_MGC3v1,"Mars Global Cave Candidate Catalog (MGC3) v1 PDS4 bundle, Cushing G.E., doi:10.17189/1519222, mars_cave_catalog.zip via https://astrogeology.usgs.gov/search/map/mars_global_cave_candidate_catalog_v1_cushing (file miscellaneous/Mars_Cave_Catalog_shapefile.csv, bundle README dated 2017-06-21)",priority=2; comment=Small rimless pit
mars,CC0593,0.69531,249.883,,,,,,,srp,Cushing2015_MGC3v1,"Mars Global Cave Candidate Catalog (MGC3) v1 PDS4 bundle, Cushing G.E., doi:10.17189/1519222, mars_cave_catalog.zip via https://astrogeology.usgs.gov/search/map/mars_global_cave_candidate_catalog_v1_cushing (file miscellaneous/Mars_Cave_Catalog_shapefile.csv, bundle README dated 2017-06-21)",priority=3; comment=Small rimless pit
mars,CC0594,11.03629,258.7858,,,,,,,srp,Cushing2015_MGC3v1,"Mars Global Cave Candidate Catalog (MGC3) v1 PDS4 bundle, Cushing G.E., doi:10.17189/1519222, mars_cave_catalog.zip via https://astrogeology.usgs.gov/search/map/mars_global_cave_candidate_catalog_v1_cushing (file miscellaneous/Mars_Cave_Catalog_shapefile.csv, bundle README dated 2017-06-21)",priority=3; comment=Channel pit
mars,CC0595,11.17712,260.37622,,,,,,,srp,Cushing2015_MGC3v1,"Mars Global Cave Candidate Catalog (MGC3) v1 PDS4 bundle, Cushing G.E., doi:10.17189/1519222, mars_cave_catalog.zip via https://astrogeology.usgs.gov/search/map/mars_global_cave_candidate_catalog_v1_cushing (file miscellaneous/Mars_Cave_Catalog_shapefile.csv, bundle README dated 2017-06-21)",priority=3; comment=Channel pit
mars,CC0596,6.12646,258.85345,,,,,,,srp,Cushing2015_MGC3v1,"Mars Global Cave Candidate Catalog (MGC3) v1 PDS4 bundle, Cushing G.E., doi:10.17189/1519222, mars_cave_catalog.zip via https://astrogeology.usgs.gov/search/map/mars_global_cave_candidate_catalog_v1_cushing (file miscellaneous/Mars_Cave_Catalog_shapefile.csv, bundle README dated 2017-06-21)",priority=3; comment=Channel pit
mars,CC0597,9.38116,259.17007,,,,,,,srp,Cushing2015_MGC3v1,"Mars Global Cave Candidate Catalog (MGC3) v1 PDS4 bundle, Cushing G.E., doi:10.17189/1519222, mars_cave_catalog.zip via https://astrogeology.usgs.gov/search/map/mars_global_cave_candidate_catalog_v1_cushing (file miscellaneous/Mars_Cave_Catalog_shapefile.csv, bundle README dated 2017-06-21)",priority=3; comment=Small rimless pit
mars,CC0598,2.79248,256.39062,,,,,,,srp,Cushing2015_MGC3v1,"Mars Global Cave Candidate Catalog (MGC3) v1 PDS4 bundle, Cushing G.E., doi:10.17189/1519222, mars_cave_catalog.zip via https://astrogeology.usgs.gov/search/map/mars_global_cave_candidate_catalog_v1_cushing (file miscellaneous/Mars_Cave_Catalog_shapefile.csv, bundle README dated 2017-06-21)",priority=2; comment=black spot - srp or albedo feature?
mars,CC0599,5.48022,256.85059,,,,,,,srp,Cushing2015_MGC3v1,"Mars Global Cave Candidate Catalog (MGC3) v1 PDS4 bundle, Cushing G.E., doi:10.17189/1519222, mars_cave_catalog.zip via https://astrogeology.usgs.gov/search/map/mars_global_cave_candidate_catalog_v1_cushing (file miscellaneous/Mars_Cave_Catalog_shapefile.csv, bundle README dated 2017-06-21)",priority=3; comment=Small rimless pit
mars,CC0600,5.51978,251.0144,,,,,,,srp,Cushing2015_MGC3v1,"Mars Global Cave Candidate Catalog (MGC3) v1 PDS4 bundle, Cushing G.E., doi:10.17189/1519222, mars_cave_catalog.zip via https://astrogeology.usgs.gov/search/map/mars_global_cave_candidate_catalog_v1_cushing (file miscellaneous/Mars_Cave_Catalog_shapefile.csv, bundle README dated 2017-06-21)",priority=3; comment=small rimless pit or impact spot?
mars,CC0601,-1.57751,257.93872,,,,,,,srp,Cushing2015_MGC3v1,"Mars Global Cave Candidate Catalog (MGC3) v1 PDS4 bundle, Cushing G.E., doi:10.17189/1519222, mars_cave_catalog.zip via https://astrogeology.usgs.gov/search/map/mars_global_cave_candidate_catalog_v1_cushing (file miscellaneous/Mars_Cave_Catalog_shapefile.csv, bundle README dated 2017-06-21)",priority=2; comment=black hole in sun-facing wall - impact?
mars,CC0602,5.50757,255.6499,,,,,,,srp,Cushing2015_MGC3v1,"Mars Global Cave Candidate Catalog (MGC3) v1 PDS4 bundle, Cushing G.E., doi:10.17189/1519222, mars_cave_catalog.zip via https://astrogeology.usgs.gov/search/map/mars_global_cave_candidate_catalog_v1_cushing (file miscellaneous/Mars_Cave_Catalog_shapefile.csv, bundle README dated 2017-06-21)",priority=2; comment=round black smrp
mars,CC0603,-0.41638,258.17419,,,,,,,srp,Cushing2015_MGC3v1,"Mars Global Cave Candidate Catalog (MGC3) v1 PDS4 bundle, Cushing G.E., doi:10.17189/1519222, mars_cave_catalog.zip via https://astrogeology.usgs.gov/search/map/mars_global_cave_candidate_catalog_v1_cushing (file miscellaneous/Mars_Cave_Catalog_shapefile.csv, bundle README dated 2017-06-21)",priority=3; comment=Small rimless pit
mars,CC0604,5.30017,259.50427,,,,,,,srp,Cushing2015_MGC3v1,"Mars Global Cave Candidate Catalog (MGC3) v1 PDS4 bundle, Cushing G.E., doi:10.17189/1519222, mars_cave_catalog.zip via https://astrogeology.usgs.gov/search/map/mars_global_cave_candidate_catalog_v1_cushing (file miscellaneous/Mars_Cave_Catalog_shapefile.csv, bundle README dated 2017-06-21)",priority=3; comment=dark spot / pit at flow margin
mars,CC0605,0.45557,257.8783,,,,,,,srp,Cushing2015_MGC3v1,"Mars Global Cave Candidate Catalog (MGC3) v1 PDS4 bundle, Cushing G.E., doi:10.17189/1519222, mars_cave_catalog.zip via https://astrogeology.usgs.gov/search/map/mars_global_cave_candidate_catalog_v1_cushing (file miscellaneous/Mars_Cave_Catalog_shapefile.csv, bundle README dated 2017-06-21)",priority=3; comment=Small rimless pit
mars,CC0606,9.15649,258.14795,,,,,,,srp,Cushing2015_MGC3v1,"Mars Global Cave Candidate Catalog (MGC3) v1 PDS4 bundle, Cushing G.E., doi:10.17189/1519222, mars_cave_catalog.zip via https://astrogeology.usgs.gov/search/map/mars_global_cave_candidate_catalog_v1_cushing (file miscellaneous/Mars_Cave_Catalog_shapefile.csv, bundle README dated 2017-06-21)",priority=3; comment=Small rimless pit
mars,CC0607,9.21216,258.19263,,,,,,,srp,Cushing2015_MGC3v1,"Mars Global Cave Candidate Catalog (MGC3) v1 PDS4 bundle, Cushing G.E., doi:10.17189/1519222, mars_cave_catalog.zip via https://astrogeology.usgs.gov/search/map/mars_global_cave_candidate_catalog_v1_cushing (file miscellaneous/Mars_Cave_Catalog_shapefile.csv, bundle README dated 2017-06-21)",priority=3; comment=smrps in channel near margin of a thick flow
mars,CC0608,9.21026,258.19202,,,,,,,srp,Cushing2015_MGC3v1,"Mars Global Cave Candidate Catalog (MGC3) v1 PDS4 bundle, Cushing G.E., doi:10.17189/1519222, mars_cave_catalog.zip via https://astrogeology.usgs.gov/search/map/mars_global_cave_candidate_catalog_v1_cushing (file miscellaneous/Mars_Cave_Catalog_shapefile.csv, bundle README dated 2017-06-21)",priority=3; comment=smrps in channel near margin of a thick flow
mars,CC0609,4.28882,252.11548,,,,,,,srp,Cushing2015_MGC3v1,"Mars Global Cave Candidate Catalog (MGC3) v1 PDS4 bundle, Cushing G.E., doi:10.17189/1519222, mars_cave_catalog.zip via https://astrogeology.usgs.gov/search/map/mars_global_cave_candidate_catalog_v1_cushing (file miscellaneous/Mars_Cave_Catalog_shapefile.csv, bundle README dated 2017-06-21)",priority=3; comment=Pinhole in open plain ~ possible impact spot
mars,CC0610,1.82349,260.53345,,,,,,,srp,Cushing2015_MGC3v1,"Mars Global Cave Candidate Catalog (MGC3) v1 PDS4 bundle, Cushing G.E., doi:10.17189/1519222, mars_cave_catalog.zip via https://astrogeology.usgs.gov/search/map/mars_global_cave_candidate_catalog_v1_cushing (file miscellaneous/Mars_Cave_Catalog_shapefile.csv, bundle README dated 2017-06-21)",priority=3; comment=Pinhole in mid flow ~ possible impact spot
mars,CC0611,5.28027,251.35986,,,,,,,srp,Cushing2015_MGC3v1,"Mars Global Cave Candidate Catalog (MGC3) v1 PDS4 bundle, Cushing G.E., doi:10.17189/1519222, mars_cave_catalog.zip via https://astrogeology.usgs.gov/search/map/mars_global_cave_candidate_catalog_v1_cushing (file miscellaneous/Mars_Cave_Catalog_shapefile.csv, bundle README dated 2017-06-21)",priority=3; comment=Small pinhole with wind streak - impact?
mars,CC0612,0.40686,258.31616,,,,,,,srp,Cushing2015_MGC3v1,"Mars Global Cave Candidate Catalog (MGC3) v1 PDS4 bundle, Cushing G.E., doi:10.17189/1519222, mars_cave_catalog.zip via https://astrogeology.usgs.gov/search/map/mars_global_cave_candidate_catalog_v1_cushing (file miscellaneous/Mars_Cave_Catalog_shapefile.csv, bundle README dated 2017-06-21)",priority=3; comment=Small rimless pit
mars,CC0613,0.38208,258.31757,,,,,,,srp,Cushing2015_MGC3v1,"Mars Global Cave Candidate Catalog (MGC3) v1 PDS4 bundle, Cushing G.E., doi:10.17189/1519222, mars_cave_catalog.zip via https://astrogeology.usgs.gov/search/map/mars_global_cave_candidate_catalog_v1_cushing (file miscellaneous/Mars_Cave_Catalog_shapefile.csv, bundle README dated 2017-06-21)",priority=3; comment=Small rimless pit
mars,CC0614,8.40088,257.28491,,,,,,,srp,Cushing2015_MGC3v1,"Mars Global Cave Candidate Catalog (MGC3) v1 PDS4 bundle, Cushing G.E., doi:10.17189/1519222, mars_cave_catalog.zip via https://astrogeology.usgs.gov/search/map/mars_global_cave_candidate_catalog_v1_cushing (file miscellaneous/Mars_Cave_Catalog_shapefile.csv, bundle README dated 2017-06-21)",priority=3; comment=Small rimless pit
mars,CC0615,7.30457,257.43231,,,,,,,srp,Cushing2015_MGC3v1,"Mars Global Cave Candidate Catalog (MGC3) v1 PDS4 bundle, Cushing G.E., doi:10.17189/1519222, mars_cave_catalog.zip via https://astrogeology.usgs.gov/search/map/mars_global_cave_candidate_catalog_v1_cushing (file miscellaneous/Mars_Cave_Catalog_shapefile.csv, bundle README dated 2017-06-21)",priority=2; comment=small rimless pit with albedo tail at cliff edge
mars,CC0616,5.81226,257.09753,,,,,,,srp,Cushing2015_MGC3v1,"Mars Global Cave Candidate Catalog (MGC3) v1 PDS4 bundle, Cushing G.E., doi:10.17189/1519222, mars_cave_catalog.zip via https://astrogeology.usgs.gov/search/map/mars_global_cave_candidate_catalog_v1_cushing (file miscellaneous/Mars_Cave_Catalog_shapefile.csv, bundle README dated 2017-06-21)",priority=3; comment=channel floor smrp
mars,CC0617,6.75,258.54425,,,,,,,srp,Cushing2015_MGC3v1,"Mars Global Cave Candidate Catalog (MGC3) v1 PDS4 bundle, Cushing G.E., doi:10.17189/1519222, mars_cave_catalog.zip via https://astrogeology.usgs.gov/search/map/mars_global_cave_candidate_catalog_v1_cushing (file miscellaneous/Mars_Cave_Catalog_shapefile.csv, bundle README dated 2017-06-21)",priority=2; comment=small rimless pit at edge of buried ridge in flow
mars,CC0618,7.51971,252.62622,,,,,,,srp,Cushing2015_MGC3v1,"Mars Global Cave Candidate Catalog (MGC3) v1 PDS4 bundle, Cushing G.E., doi:10.17189/1519222, mars_cave_catalog.zip via https://astrogeology.usgs.gov/search/map/mars_global_cave_candidate_catalog_v1_cushing (file miscellaneous/Mars_Cave_Catalog_shapefile.csv, bundle README dated 2017-06-21)",priority=3; comment=irregular smrp
mars,CC0619,11.35876,256.08704,,,,,,,srp,Cushing2015_MGC3v1,"Mars Global Cave Candidate Catalog (MGC3) v1 PDS4 bundle, Cushing G.E., doi:10.17189/1519222, mars_cave_catalog.zip via https://astrogeology.usgs.gov/search/map/mars_global_cave_candidate_catalog_v1_cushing (file miscellaneous/Mars_Cave_Catalog_shapefile.csv, bundle README dated 2017-06-21)",priority=2; comment=Channel edge smrp
mars,CC0620,11.14542,256.07715,,,,,,,srp,Cushing2015_MGC3v1,"Mars Global Cave Candidate Catalog (MGC3) v1 PDS4 bundle, Cushing G.E., doi:10.17189/1519222, mars_cave_catalog.zip via https://astrogeology.usgs.gov/search/map/mars_global_cave_candidate_catalog_v1_cushing (file miscellaneous/Mars_Cave_Catalog_shapefile.csv, bundle README dated 2017-06-21)",priority=0; comment=Dark collapse pit at edge of graben
mars,CC0621,1.72705,252.78784,,,,,,,srp,Cushing2015_MGC3v1,"Mars Global Cave Candidate Catalog (MGC3) v1 PDS4 bundle, Cushing G.E., doi:10.17189/1519222, mars_cave_catalog.zip via https://astrogeology.usgs.gov/search/map/mars_global_cave_candidate_catalog_v1_cushing (file miscellaneous/Mars_Cave_Catalog_shapefile.csv, bundle README dated 2017-06-21)",priority=3; comment=Small black spot
mars,CC0622,-2.67542,252.211,,,,,,,srp,Cushing2015_MGC3v1,"Mars Global Cave Candidate Catalog (MGC3) v1 PDS4 bundle, Cushing G.E., doi:10.17189/1519222, mars_cave_catalog.zip via https://astrogeology.usgs.gov/search/map/mars_global_cave_candidate_catalog_v1_cushing (file miscellaneous/Mars_Cave_Catalog_shapefile.csv, bundle README dated 2017-06-21)",priority=3; comment=Smrp
mars,CC0623,9.53174,259.32837,,,,,,,srp,Cushing2015_MGC3v1,"Mars Global Cave Candidate Catalog (MGC3) v1 PDS4 bundle, Cushing G.E., doi:10.17189/1519222, mars_cave_catalog.zip via https://astrogeology.usgs.gov/search/map/mars_global_cave_candidate_catalog_v1_cushing (file miscellaneous/Mars_Cave_Catalog_shapefile.csv, bundle README dated 2017-06-21)",priority=3; comment=Irregular smrp
mars,CC0624,12.29077,259.27417,,,,,,,srp,Cushing2015_MGC3v1,"Mars Global Cave Candidate Catalog (MGC3) v1 PDS4 bundle, Cushing G.E., doi:10.17189/1519222, mars_cave_catalog.zip via https://astrogeology.usgs.gov/search/map/mars_global_cave_candidate_catalog_v1_cushing (file miscellaneous/Mars_Cave_Catalog_shapefile.csv, bundle README dated 2017-06-21)",priority=3; comment=small rimless pit or black surface spot?
mars,CC0625,8.66577,257.69031,,,,,,,srp,Cushing2015_MGC3v1,"Mars Global Cave Candidate Catalog (MGC3) v1 PDS4 bundle, Cushing G.E., doi:10.17189/1519222, mars_cave_catalog.zip via https://astrogeology.usgs.gov/search/map/mars_global_cave_candidate_catalog_v1_cushing (file miscellaneous/Mars_Cave_Catalog_shapefile.csv, bundle README dated 2017-06-21)",priority=3; comment=black spot pair - impa ct or smrp?
mars,CC0626,9.11377,257.72217,,,,,,,srp,Cushing2015_MGC3v1,"Mars Global Cave Candidate Catalog (MGC3) v1 PDS4 bundle, Cushing G.E., doi:10.17189/1519222, mars_cave_catalog.zip via https://astrogeology.usgs.gov/search/map/mars_global_cave_candidate_catalog_v1_cushing (file miscellaneous/Mars_Cave_Catalog_shapefile.csv, bundle README dated 2017-06-21)",priority=3; comment=Dark smrp
mars,CC0627,7.04443,256.05054,,,,,,,srp,Cushing2015_MGC3v1,"Mars Global Cave Candidate Catalog (MGC3) v1 PDS4 bundle, Cushing G.E., doi:10.17189/1519222, mars_cave_catalog.zip via https://astrogeology.usgs.gov/search/map/mars_global_cave_candidate_catalog_v1_cushing (file miscellaneous/Mars_Cave_Catalog_shapefile.csv, bundle README dated 2017-06-21)",priority=3; comment=small rimless pit at flow margin
mars,CC0628,8.73166,256.20761,,,,,,,srp,Cushing2015_MGC3v1,"Mars Global Cave Candidate Catalog (MGC3) v1 PDS4 bundle, Cushing G.E., doi:10.17189/1519222, mars_cave_catalog.zip via https://astrogeology.usgs.gov/search/map/mars_global_cave_candidate_catalog_v1_cushing (file miscellaneous/Mars_Cave_Catalog_shapefile.csv, bundle README dated 2017-06-21)",priority=3; comment=Smrp
mars,CC0629,8.66154,256.23047,,,,,,,srp,Cushing2015_MGC3v1,"Mars Global Cave Candidate Catalog (MGC3) v1 PDS4 bundle, Cushing G.E., doi:10.17189/1519222, mars_cave_catalog.zip via https://astrogeology.usgs.gov/search/map/mars_global_cave_candidate_catalog_v1_cushing (file miscellaneous/Mars_Cave_Catalog_shapefile.csv, bundle README dated 2017-06-21)",priority=3; comment=Smrp
mars,CC0630,-0.953,231.69287,,,,,,,srp,Cushing2015_MGC3v1,"Mars Global Cave Candidate Catalog (MGC3) v1 PDS4 bundle, Cushing G.E., doi:10.17189/1519222, mars_cave_catalog.zip via https://astrogeology.usgs.gov/search/map/mars_global_cave_candidate_catalog_v1_cushing (file miscellaneous/Mars_Cave_Catalog_shapefile.csv, bundle README dated 2017-06-21)",priority=3; comment=small rimless pit pair or double impact w/ septum?
mars,CC0631,0.39429,236.25122,,,,,,,srp,Cushing2015_MGC3v1,"Mars Global Cave Candidate Catalog (MGC3) v1 PDS4 bundle, Cushing G.E., doi:10.17189/1519222, mars_cave_catalog.zip via https://astrogeology.usgs.gov/search/map/mars_global_cave_candidate_catalog_v1_cushing (file miscellaneous/Mars_Cave_Catalog_shapefile.csv, bundle README dated 2017-06-21)",priority=2; comment=Pair of channel smrps
mars,CC0632,0.39722,236.25049,,,,,,,srp,Cushing2015_MGC3v1,"Mars Global Cave Candidate Catalog (MGC3) v1 PDS4 bundle, Cushing G.E., doi:10.17189/1519222, mars_cave_catalog.zip via https://astrogeology.usgs.gov/search/map/mars_global_cave_candidate_catalog_v1_cushing (file miscellaneous/Mars_Cave_Catalog_shapefile.csv, bundle README dated 2017-06-21)",priority=3; comment=Pair of channel smrps
mars,CC0633,0.43213,236.14673,,,,,,,srp,Cushing2015_MGC3v1,"Mars Global Cave Candidate Catalog (MGC3) v1 PDS4 bundle, Cushing G.E., doi:10.17189/1519222, mars_cave_catalog.zip via https://astrogeology.usgs.gov/search/map/mars_global_cave_candidate_catalog_v1_cushing (file miscellaneous/Mars_Cave_Catalog_shapefile.csv, bundle README dated 2017-06-21)",priority=2; comment=Channel small rimless pit
mars,CC0634,0.45984,235.91443,,,,,,,srp,Cushing2015_MGC3v1,"Mars Global Cave Candidate Catalog (MGC3) v1 PDS4 bundle, Cushing G.E., doi:10.17189/1519222, mars_cave_catalog.zip via https://astrogeology.usgs.gov/search/map/mars_global_cave_candidate_catalog_v1_cushing (file miscellaneous/Mars_Cave_Catalog_shapefile.csv, bundle README dated 2017-06-21)",priority=3; comment=Channel smrp
mars,CC0635,0.72607,235.90698,,,,,,,srp,Cushing2015_MGC3v1,"Mars Global Cave Candidate Catalog (MGC3) v1 PDS4 bundle, Cushing G.E., doi:10.17189/1519222, mars_cave_catalog.zip via https://astrogeology.usgs.gov/search/map/mars_global_cave_candidate_catalog_v1_cushing (file miscellaneous/Mars_Cave_Catalog_shapefile.csv, bundle README dated 2017-06-21)",priority=3; comment=Smrp
mars,CC0636,-0.43701,236.57214,,,,,,,srp,Cushing2015_MGC3v1,"Mars Global Cave Candidate Catalog (MGC3) v1 PDS4 bundle, Cushing G.E., doi:10.17189/1519222, mars_cave_catalog.zip via https://astrogeology.usgs.gov/search/map/mars_global_cave_candidate_catalog_v1_cushing (file miscellaneous/Mars_Cave_Catalog_shapefile.csv, bundle README dated 2017-06-21)",priority=3; comment=Small rimless pit
mars,CC0637,-1.55133,236.66364,,,,,,,srp,Cushing2015_MGC3v1,"Mars Global Cave Candidate Catalog (MGC3) v1 PDS4 bundle, Cushing G.E., doi:10.17189/1519222, mars_cave_catalog.zip via https://astrogeology.usgs.gov/search/map/mars_global_cave_candidate_catalog_v1_cushing (file miscellaneous/Mars_Cave_Catalog_shapefile.csv, bundle README dated 2017-06-21)",priority=2; comment=Small rimless pit
mars,CC0638,-1.64185,236.802,,,,,,,srp,Cushing2015_MGC3v1,"Mars Global Cave Candidate Catalog (MGC3) v1 PDS4 bundle, Cushing G.E., doi:10.17189/1519222, mars_cave_catalog.zip via https://astrogeology.usgs.gov/search/map/mars_global_cave_candidate_catalog_v1_cushing (file miscellaneous/Mars_Cave_Catalog_shapefile.csv, bundle README dated 2017-06-21)",priority=3; comment=Small rimless pit
mars,CC0639,-1.66174,236.83374,,,,,,,srp,Cushing2015_MGC3v1,"Mars Global Cave Candidate Catalog (MGC3) v1 PDS4 bundle, Cushing G.E., doi:10.17189/1519222, mars_cave_catalog.zip via https://astrogeology.usgs.gov/search/map/mars_global_cave_candidate_catalog_v1_cushing (file miscellaneous/Mars_Cave_Catalog_shapefile.csv, bundle README dated 2017-06-21)",priority=2; comment=Small rimless pit
mars,CC0640,-1.66248,236.8418,,,,,,,srp,Cushing2015_MGC3v1,"Mars Global Cave Candidate Catalog (MGC3) v1 PDS4 bundle, Cushing G.E., doi:10.17189/1519222, mars_cave_catalog.zip via https://astrogeology.usgs.gov/search/map/mars_global_cave_candidate_catalog_v1_cushing (file miscellaneous/Mars_Cave_Catalog_shapefile.csv, bundle README dated 2017-06-21)",priority=3; comment=Small rimless pit
mars,CC0641,-1.66728,236.85028,,,,,,,srp,Cushing2015_MGC3v1,"Mars Global Cave Candidate Catalog (MGC3) v1 PDS4 bundle, Cushing G.E., doi:10.17189/1519222, mars_cave_catalog.zip via https://astrogeology.usgs.gov/search/map/mars_global_cave_candidate_catalog_v1_cushing (file miscellaneous/Mars_Cave_Catalog_shapefile.csv, bundle README dated 2017-06-21)",priority=3; comment=Small rimless pit
mars,CC0642,5.93365,239.28503,,,,,,,srp,Cushing2015_MGC3v1,"Mars Global Cave Candidate Catalog (MGC3) v1 PDS4 bundle, Cushing G.E., doi:10.17189/1519222, mars_cave_catalog.zip via https://astrogeology.usgs.gov/search/map/mars_global_cave_candidate_catalog_v1_cushing (file miscellaneous/Mars_Cave_Catalog_shapefile.csv, bundle README dated 2017-06-21)",priority=3; comment=channel
mars,CC0643,0.17676,234.1543,,,,,,,srp,Cushing2015_MGC3v1,"Mars Global Cave Candidate Catalog (MGC3) v1 PDS4 bundle, Cushing G.E., doi:10.17189/1519222, mars_cave_catalog.zip via https://astrogeology.usgs.gov/search/map/mars_global_cave_candidate_catalog_v1_cushing (file miscellaneous/Mars_Cave_Catalog_shapefile.csv, bundle README dated 2017-06-21)",priority=1; comment=Small rimless pit
mars,CC0644,-0.62549,234.11963,,,,,,,srp,Cushing2015_MGC3v1,"Mars Global Cave Candidate Catalog (MGC3) v1 PDS4 bundle, Cushing G.E., doi:10.17189/1519222, mars_cave_catalog.zip via https://astrogeology.usgs.gov/search/map/mars_global_cave_candidate_catalog_v1_cushing (file miscellaneous/Mars_Cave_Catalog_shapefile.csv, bundle README dated 2017-06-21)",priority=3; comment=Small rimless pit
mars,CC0645,-1.0661,234.32629,,,,,,,srp,Cushing2015_MGC3v1,"Mars Global Cave Candidate Catalog (MGC3) v1 PDS4 bundle, Cushing G.E., doi:10.17189/1519222, mars_cave_catalog.zip via https://astrogeology.usgs.gov/search/map/mars_global_cave_candidate_catalog_v1_cushing (file miscellaneous/Mars_Cave_Catalog_shapefile.csv, bundle README dated 2017-06-21)",priority=3; comment=Small rimless pit
mars,CC0646,-1.05035,234.32556,,,,,,,srp,Cushing2015_MGC3v1,"Mars Global Cave Candidate Catalog (MGC3) v1 PDS4 bundle, Cushing G.E., doi:10.17189/1519222, mars_cave_catalog.zip via https://astrogeology.usgs.gov/search/map/mars_global_cave_candidate_catalog_v1_cushing (file miscellaneous/Mars_Cave_Catalog_shapefile.csv, bundle README dated 2017-06-21)",priority=3; comment=Small rimless pit
mars,CC0647,-1.04108,234.32428,,,,,,,srp,Cushing2015_MGC3v1,"Mars Global Cave Candidate Catalog (MGC3) v1 PDS4 bundle, Cushing G.E., doi:10.17189/1519222, mars_cave_catalog.zip via https://astrogeology.usgs.gov/search/map/mars_global_cave_candidate_catalog_v1_cushing (file miscellaneous/Mars_Cave_Catalog_shapefile.csv, bundle README dated 2017-06-21)",priority=3; comment=Small rimless pit
mars,CC0648,-9.32257,235.08496,,,,,,,srp,Cushing2015_MGC3v1,"Mars Global Cave Candidate Catalog (MGC3) v1 PDS4 bundle, Cushing G.E., doi:10.17189/1519222, mars_cave_catalog.zip via https://astrogeology.usgs.gov/search/map/mars_global_cave_candidate_catalog_v1_cushing (file miscellaneous/Mars_Cave_Catalog_shapefile.csv, bundle README dated 2017-06-21)",priority=1; comment=Small rimless pit
mars,CC0649,-9.3367,235.075,,,,,,,srp,Cushing2015_MGC3v1,"Mars Global Cave Candidate Catalog (MGC3) v1 PDS4 bundle, Cushing G.E., doi:10.17189/1519222, mars_cave_catalog.zip via https://astrogeology.usgs.gov/search/map/mars_global_cave_candidate_catalog_v1_cushing (file miscellaneous/Mars_Cave_Catalog_shapefile.csv, bundle README dated 2017-06-21)",priority=3; comment=Small rimless pit
mars,CC0650,-6.58109,234.40958,,,,,,,srp,Cushing2015_MGC3v1,"Mars Global Cave Candidate Catalog (MGC3) v1 PDS4 bundle, Cushing G.E., doi:10.17189/1519222, mars_cave_catalog.zip via https://astrogeology.usgs.gov/search/map/mars_global_cave_candidate_catalog_v1_cushing (file miscellaneous/Mars_Cave_Catalog_shapefile.csv, bundle README dated 2017-06-21)",priority=1; comment=nice one on mesa
mars,CC0651,-13.67106,244.23061,,,,,,,srp,Cushing2015_MGC3v1,"Mars Global Cave Candidate Catalog (MGC3) v1 PDS4 bundle, Cushing G.E., doi:10.17189/1519222, mars_cave_catalog.zip via https://astrogeology.usgs.gov/search/map/mars_global_cave_candidate_catalog_v1_cushing (file miscellaneous/Mars_Cave_Catalog_shapefile.csv, bundle README dated 2017-06-21)",priority=3; comment=pretty good smrp
mars,CC0652,-12.60106,250.11295,,,,,,,srp,Cushing2015_MGC3v1,"Mars Global Cave Candidate Catalog (MGC3) v1 PDS4 bundle, Cushing G.E., doi:10.17189/1519222, mars_cave_catalog.zip via https://astrogeology.usgs.gov/search/map/mars_global_cave_candidate_catalog_v1_cushing (file miscellaneous/Mars_Cave_Catalog_shapefile.csv, bundle README dated 2017-06-21)",priority=1; comment=graben wall smrp
mars,CC0653,-6.8344,244.50348,,,,,,,srp,Cushing2015_MGC3v1,"Mars Global Cave Candidate Catalog (MGC3) v1 PDS4 bundle, Cushing G.E., doi:10.17189/1519222, mars_cave_catalog.zip via https://astrogeology.usgs.gov/search/map/mars_global_cave_candidate_catalog_v1_cushing (file miscellaneous/Mars_Cave_Catalog_shapefile.csv, bundle README dated 2017-06-21)",priority=3; comment=Small rimless pit
mars,CC0654,-16.0476,243.57582,,,,,,,srp,Cushing2015_MGC3v1,"Mars Global Cave Candidate Catalog (MGC3) v1 PDS4 bundle, Cushing G.E., doi:10.17189/1519222, mars_cave_catalog.zip via https://astrogeology.usgs.gov/search/map/mars_global_cave_candidate_catalog_v1_cushing (file miscellaneous/Mars_Cave_Catalog_shapefile.csv, bundle README dated 2017-06-21)",priority=2; comment=Small rimless pit
mars,CC0655,-15.86448,241.13222,,,,,,,srp,Cushing2015_MGC3v1,"Mars Global Cave Candidate Catalog (MGC3) v1 PDS4 bundle, Cushing G.E., doi:10.17189/1519222, mars_cave_catalog.zip via https://astrogeology.usgs.gov/search/map/mars_global_cave_candidate_catalog_v1_cushing (file miscellaneous/Mars_Cave_Catalog_shapefile.csv, bundle README dated 2017-06-21)",priority=2; comment=Small rimless pit
mars,CC0656,-16.9422,241.24571,,,,,,,srp,Cushing2015_MGC3v1,"Mars Global Cave Candidate Catalog (MGC3) v1 PDS4 bundle, Cushing G.E., doi:10.17189/1519222, mars_cave_catalog.zip via https://astrogeology.usgs.gov/search/map/mars_global_cave_candidate_catalog_v1_cushing (file miscellaneous/Mars_Cave_Catalog_shapefile.csv, bundle README dated 2017-06-21)",priority=3; comment=Small rimless pit
mars,CC0657,-20.69154,242.68875,,,,,,,srp,Cushing2015_MGC3v1,"Mars Global Cave Candidate Catalog (MGC3) v1 PDS4 bundle, Cushing G.E., doi:10.17189/1519222, mars_cave_catalog.zip via https://astrogeology.usgs.gov/search/map/mars_global_cave_candidate_catalog_v1_cushing (file miscellaneous/Mars_Cave_Catalog_shapefile.csv, bundle README dated 2017-06-21)",priority=2; comment=Small rimless pit
mars,CC0658,-19.84993,242.60243,,,,,,,srp,Cushing2015_MGC3v1,"Mars Global Cave Candidate Catalog (MGC3) v1 PDS4 bundle, Cushing G.E., doi:10.17189/1519222, mars_cave_catalog.zip via https://astrogeology.usgs.gov/search/map/mars_global_cave_candidate_catalog_v1_cushing (file miscellaneous/Mars_Cave_Catalog_shapefile.csv, bundle README dated 2017-06-21)",priority=3; comment=Small rimless pit
mars,CC0659,-19.54928,242.55748,,,,,,,srp,Cushing2015_MGC3v1,"Mars Global Cave Candidate Catalog (MGC3) v1 PDS4 bundle, Cushing G.E., doi:10.17189/1519222, mars_cave_catalog.zip via https://astrogeology.usgs.gov/search/map/mars_global_cave_candidate_catalog_v1_cushing (file miscellaneous/Mars_Cave_Catalog_shapefile.csv, bundle README dated 2017-06-21)",priority=3; comment=Small rimless pit
mars,CC0660,-19.59533,242.54842,,,,,,,srp,Cushing2015_MGC3v1,"Mars Global Cave Candidate Catalog (MGC3) v1 PDS4 bundle, Cushing G.E., doi:10.17189/1519222, mars_cave_catalog.zip via https://astrogeology.usgs.gov/search/map/mars_global_cave_candidate_catalog_v1_cushing (file miscellaneous/Mars_Cave_Catalog_shapefile.csv, bundle README dated 2017-06-21)",priority=2; comment=Small rimless pit
mars,CC0661,-15.22204,243.00545,,,,,,,srp,Cushing2015_MGC3v1,"Mars Global Cave Candidate Catalog (MGC3) v1 PDS4 bundle, Cushing G.E., doi:10.17189/1519222, mars_cave_catalog.zip via https://astrogeology.usgs.gov/search/map/mars_global_cave_candidate_catalog_v1_cushing (file miscellaneous/Mars_Cave_Catalog_shapefile.csv, bundle README dated 2017-06-21)",priority=3; comment=Small rimless pit
mars,CC0662,-15.76502,243.14978,,,,,,,srp,Cushing2015_MGC3v1,"Mars Global Cave Candidate Catalog (MGC3) v1 PDS4 bundle, Cushing G.E., doi:10.17189/1519222, mars_cave_catalog.zip via https://astrogeology.usgs.gov/search/map/mars_global_cave_candidate_catalog_v1_cushing (file miscellaneous/Mars_Cave_Catalog_shapefile.csv, bundle README dated 2017-06-21)",priority=2; comment=Small rimless pit
mars,CC0663,-16.96885,243.21822,,,,,,,srp,Cushing2015_MGC3v1,"Mars Global Cave Candidate Catalog (MGC3) v1 PDS4 bundle, Cushing G.E., doi:10.17189/1519222, mars_cave_catalog.zip via https://astrogeology.usgs.gov/search/map/mars_global_cave_candidate_catalog_v1_cushing (file miscellaneous/Mars_Cave_Catalog_shapefile.csv, bundle README dated 2017-06-21)",priority=3; comment=Small rimless pit
mars,CC0664,-16.81019,243.56612,,,,,,,srp,Cushing2015_MGC3v1,"Mars Global Cave Candidate Catalog (MGC3) v1 PDS4 bundle, Cushing G.E., doi:10.17189/1519222, mars_cave_catalog.zip via https://astrogeology.usgs.gov/search/map/mars_global_cave_candidate_catalog_v1_cushing (file miscellaneous/Mars_Cave_Catalog_shapefile.csv, bundle README dated 2017-06-21)",priority=3; comment=Small rimless pit
mars,CC0665,-16.70497,243.3999,,,,,,,srp,Cushing2015_MGC3v1,"Mars Global Cave Candidate Catalog (MGC3) v1 PDS4 bundle, Cushing G.E., doi:10.17189/1519222, mars_cave_catalog.zip via https://astrogeology.usgs.gov/search/map/mars_global_cave_candidate_catalog_v1_cushing (file miscellaneous/Mars_Cave_Catalog_shapefile.csv, bundle README dated 2017-06-21)",priority=2; comment=Small rimless pit
mars,CC0666,-12.69608,242.96393,,,,,,,srp,Cushing2015_MGC3v1,"Mars Global Cave Candidate Catalog (MGC3) v1 PDS4 bundle, Cushing G.E., doi:10.17189/1519222, mars_cave_catalog.zip via https://astrogeology.usgs.gov/search/map/mars_global_cave_candidate_catalog_v1_cushing (file miscellaneous/Mars_Cave_Catalog_shapefile.csv, bundle README dated 2017-06-21)",priority=2; comment=flow edge
mars,CC0667,-15.67358,243.72803,,,,,,,srp,Cushing2015_MGC3v1,"Mars Global Cave Candidate Catalog (MGC3) v1 PDS4 bundle, Cushing G.E., doi:10.17189/1519222, mars_cave_catalog.zip via https://astrogeology.usgs.gov/search/map/mars_global_cave_candidate_catalog_v1_cushing (file miscellaneous/Mars_Cave_Catalog_shapefile.csv, bundle README dated 2017-06-21)",priority=2; comment=Small rimless pit
mars,CC0668,-19.46603,244.36346,,,,,,,srp,Cushing2015_MGC3v1,"Mars Global Cave Candidate Catalog (MGC3) v1 PDS4 bundle, Cushing G.E., doi:10.17189/1519222, mars_cave_catalog.zip via https://astrogeology.usgs.gov/search/map/mars_global_cave_candidate_catalog_v1_cushing (file miscellaneous/Mars_Cave_Catalog_shapefile.csv, bundle README dated 2017-06-21)",priority=2; comment=Small rimless pit
mars,CC0669,-18.00473,244.21208,,,,,,,srp,Cushing2015_MGC3v1,"Mars Global Cave Candidate Catalog (MGC3) v1 PDS4 bundle, Cushing G.E., doi:10.17189/1519222, mars_cave_catalog.zip via https://astrogeology.usgs.gov/search/map/mars_global_cave_candidate_catalog_v1_cushing (file miscellaneous/Mars_Cave_Catalog_shapefile.csv, bundle README dated 2017-06-21)",priority=2; comment=Small rimless pit
mars,CC0670,-13.89941,241.2489,,,,,,,srp,Cushing2015_MGC3v1,"Mars Global Cave Candidate Catalog (MGC3) v1 PDS4 bundle, Cushing G.E., doi:10.17189/1519222, mars_cave_catalog.zip via https://astrogeology.usgs.gov/search/map/mars_global_cave_candidate_catalog_v1_cushing (file miscellaneous/Mars_Cave_Catalog_shapefile.csv, bundle README dated 2017-06-21)",priority=2; comment=Small rimless pit
mars,CC0671,-13.91565,241.23108,,,,,,,srp,Cushing2015_MGC3v1,"Mars Global Cave Candidate Catalog (MGC3) v1 PDS4 bundle, Cushing G.E., doi:10.17189/1519222, mars_cave_catalog.zip via https://astrogeology.usgs.gov/search/map/mars_global_cave_candidate_catalog_v1_cushing (file miscellaneous/Mars_Cave_Catalog_shapefile.csv, bundle README dated 2017-06-21)",priority=3; comment=Small rimless pit
mars,CC0672,-13.9895,241.32251,,,,,,,srp,Cushing2015_MGC3v1,"Mars Global Cave Candidate Catalog (MGC3) v1 PDS4 bundle, Cushing G.E., doi:10.17189/1519222, mars_cave_catalog.zip via https://astrogeology.usgs.gov/search/map/mars_global_cave_candidate_catalog_v1_cushing (file miscellaneous/Mars_Cave_Catalog_shapefile.csv, bundle README dated 2017-06-21)",priority=2; comment=Small rimless pit
mars,CC0673,-14.0835,241.20911,,,,,,,srp,Cushing2015_MGC3v1,"Mars Global Cave Candidate Catalog (MGC3) v1 PDS4 bundle, Cushing G.E., doi:10.17189/1519222, mars_cave_catalog.zip via https://astrogeology.usgs.gov/search/map/mars_global_cave_candidate_catalog_v1_cushing (file miscellaneous/Mars_Cave_Catalog_shapefile.csv, bundle README dated 2017-06-21)",priority=2; comment=Small rimless pit
mars,CC0674,-14.49976,241.41968,,,,,,,srp,Cushing2015_MGC3v1,"Mars Global Cave Candidate Catalog (MGC3) v1 PDS4 bundle, Cushing G.E., doi:10.17189/1519222, mars_cave_catalog.zip via https://astrogeology.usgs.gov/search/map/mars_global_cave_candidate_catalog_v1_cushing (file miscellaneous/Mars_Cave_Catalog_shapefile.csv, bundle README dated 2017-06-21)",priority=2; comment=Small rimless pit
mars,CC0675,-14.6001,241.41382,,,,,,,srp,Cushing2015_MGC3v1,"Mars Global Cave Candidate Catalog (MGC3) v1 PDS4 bundle, Cushing G.E., doi:10.17189/1519222, mars_cave_catalog.zip via https://astrogeology.usgs.gov/search/map/mars_global_cave_candidate_catalog_v1_cushing (file miscellaneous/Mars_Cave_Catalog_shapefile.csv, bundle README dated 2017-06-21)",priority=2; comment=Small rimless pit
mars,CC0676,-14.85986,241.55225,,,,,,,srp,Cushing2015_MGC3v1,"Mars Global Cave Candidate Catalog (MGC3) v1 PDS4 bundle, Cushing G.E., doi:10.17189/1519222, mars_cave_catalog.zip via https://astrogeology.usgs.gov/search/map/mars_global_cave_candidate_catalog_v1_cushing (file miscellaneous/Mars_Cave_Catalog_shapefile.csv, bundle README dated 2017-06-21)",priority=2; comment=Small rimless pit
mars,CC0677,-14.37183,241.4502,,,,,,,srp,Cushing2015_MGC3v1,"Mars Global Cave Candidate Catalog (MGC3) v1 PDS4 bundle, Cushing G.E., doi:10.17189/1519222, mars_cave_catalog.zip via https://astrogeology.usgs.gov/search/map/mars_global_cave_candidate_catalog_v1_cushing (file miscellaneous/Mars_Cave_Catalog_shapefile.csv, bundle README dated 2017-06-21)",priority=1; comment=Small rimless pit
mars,CC0678,-13.87384,241.57867,,,,,,,srp,Cushing2015_MGC3v1,"Mars Global Cave Candidate Catalog (MGC3) v1 PDS4 bundle, Cushing G.E., doi:10.17189/1519222, mars_cave_catalog.zip via https://astrogeology.usgs.gov/search/map/mars_global_cave_candidate_catalog_v1_cushing (file miscellaneous/Mars_Cave_Catalog_shapefile.csv, bundle README dated 2017-06-21)",priority=3; comment=Small rimless pit
mars,CC0679,-13.75732,241.57617,,,,,,,srp,Cushing2015_MGC3v1,"Mars Global Cave Candidate Catalog (MGC3) v1 PDS4 bundle, Cushing G.E., doi:10.17189/1519222, mars_cave_catalog.zip via https://astrogeology.usgs.gov/search/map/mars_global_cave_candidate_catalog_v1_cushing (file miscellaneous/Mars_Cave_Catalog_shapefile.csv, bundle README dated 2017-06-21)",priority=3; comment=Small rimless pit
mars,CC0680,-13.40186,241.43799,,,,,,,srp,Cushing2015_MGC3v1,"Mars Global Cave Candidate Catalog (MGC3) v1 PDS4 bundle, Cushing G.E., doi:10.17189/1519222, mars_cave_catalog.zip via https://astrogeology.usgs.gov/search/map/mars_global_cave_candidate_catalog_v1_cushing (file miscellaneous/Mars_Cave_Catalog_shapefile.csv, bundle README dated 2017-06-21)",priority=2; comment=Small rimless pit
mars,CC0681,-17.71973,242.03333,,,,,,,srp,Cushing2015_MGC3v1,"Mars Global Cave Candidate Catalog (MGC3) v1 PDS4 bundle, Cushing G.E., doi:10.17189/1519222, mars_cave_catalog.zip via https://astrogeology.usgs.gov/search/map/mars_global_cave_candidate_catalog_v1_cushing (file miscellaneous/Mars_Cave_Catalog_shapefile.csv, bundle README dated 2017-06-21)",priority=2; comment=Small rimless pit
mars,CC0682,-17.63374,241.99286,,,,,,,srp,Cushing2015_MGC3v1,"Mars Global Cave Candidate Catalog (MGC3) v1 PDS4 bundle, Cushing G.E., doi:10.17189/1519222, mars_cave_catalog.zip via https://astrogeology.usgs.gov/search/map/mars_global_cave_candidate_catalog_v1_cushing (file miscellaneous/Mars_Cave_Catalog_shapefile.csv, bundle README dated 2017-06-21)",priority=2; comment=Small rimless pit
mars,CC0683,-1.9762,242.05652,,,,,,,srp,Cushing2015_MGC3v1,"Mars Global Cave Candidate Catalog (MGC3) v1 PDS4 bundle, Cushing G.E., doi:10.17189/1519222, mars_cave_catalog.zip via https://astrogeology.usgs.gov/search/map/mars_global_cave_candidate_catalog_v1_cushing (file miscellaneous/Mars_Cave_Catalog_shapefile.csv, bundle README dated 2017-06-21)",priority=3; comment=Small rimless pit
mars,CC0684,13.68774,258.89038,,,,,,,srp,Cushing2015_MGC3v1,"Mars Global Cave Candidate Catalog (MGC3) v1 PDS4 bundle, Cushing G.E., doi:10.17189/1519222, mars_cave_catalog.zip via https://astrogeology.usgs.gov/search/map/mars_global_cave_candidate_catalog_v1_cushing (file miscellaneous/Mars_Cave_Catalog_shapefile.csv, bundle README dated 2017-06-21)",priority=3; comment=Interesting trio
mars,CC0685,13.68127,258.89893,,,,,,,srp,Cushing2015_MGC3v1,"Mars Global Cave Candidate Catalog (MGC3) v1 PDS4 bundle, Cushing G.E., doi:10.17189/1519222, mars_cave_catalog.zip via https://astrogeology.usgs.gov/search/map/mars_global_cave_candidate_catalog_v1_cushing (file miscellaneous/Mars_Cave_Catalog_shapefile.csv, bundle README dated 2017-06-21)",priority=3; comment=Interesting trio
mars,CC0686,15.15173,285.14276,,,,,,,srp,Cushing2015_MGC3v1,"Mars Global Cave Candidate Catalog (MGC3) v1 PDS4 bundle, Cushing G.E., doi:10.17189/1519222, mars_cave_catalog.zip via https://astrogeology.usgs.gov/search/map/mars_global_cave_candidate_catalog_v1_cushing (file miscellaneous/Mars_Cave_Catalog_shapefile.csv, bundle README dated 2017-06-21)",priority=2; comment=Kasei Flow candidate i=60 smrp
mars,CC0687,26.56631,302.59482,,,,,,,srp,Cushing2015_MGC3v1,"Mars Global Cave Candidate Catalog (MGC3) v1 PDS4 bundle, Cushing G.E., doi:10.17189/1519222, mars_cave_catalog.zip via https://astrogeology.usgs.gov/search/map/mars_global_cave_candidate_catalog_v1_cushing (file miscellaneous/Mars_Cave_Catalog_shapefile.csv, bundle README dated 2017-06-21)",priority=3; comment=Kasei collapse region i=40-smrp
mars,CC0688,26.48032,302.37512,,,,,,,srp,Cushing2015_MGC3v1,"Mars Global Cave Candidate Catalog (MGC3) v1 PDS4 bundle, Cushing G.E., doi:10.17189/1519222, mars_cave_catalog.zip via https://astrogeology.usgs.gov/search/map/mars_global_cave_candidate_catalog_v1_cushing (file miscellaneous/Mars_Cave_Catalog_shapefile.csv, bundle README dated 2017-06-21)",priority=3; comment=Kasei collapse region i=40 - smrp
mars,CC0689,27.46716,303.05383,,,,,,,srp,Cushing2015_MGC3v1,"Mars Global Cave Candidate Catalog (MGC3) v1 PDS4 bundle, Cushing G.E., doi:10.17189/1519222, mars_cave_catalog.zip via https://astrogeology.usgs.gov/search/map/mars_global_cave_candidate_catalog_v1_cushing (file miscellaneous/Mars_Cave_Catalog_shapefile.csv, bundle README dated 2017-06-21)",priority=3; comment=Kasei collapse region i=42
mars,CC0690,27.48206,302.83603,,,,,,,srp,Cushing2015_MGC3v1,"Mars Global Cave Candidate Catalog (MGC3) v1 PDS4 bundle, Cushing G.E., doi:10.17189/1519222, mars_cave_catalog.zip via https://astrogeology.usgs.gov/search/map/mars_global_cave_candidate_catalog_v1_cushing (file miscellaneous/Mars_Cave_Catalog_shapefile.csv, bundle README dated 2017-06-21)",priority=2; comment=Kasei collapse region i=46
mars,CC0691,27.46469,302.86115,,,,,,,srp,Cushing2015_MGC3v1,"Mars Global Cave Candidate Catalog (MGC3) v1 PDS4 bundle, Cushing G.E., doi:10.17189/1519222, mars_cave_catalog.zip via https://astrogeology.usgs.gov/search/map/mars_global_cave_candidate_catalog_v1_cushing (file miscellaneous/Mars_Cave_Catalog_shapefile.csv, bundle README dated 2017-06-21)",priority=3; comment=Kasei collapse region i=46
mars,CC0692,27.41193,302.84299,,,,,,,srp,Cushing2015_MGC3v1,"Mars Global Cave Candidate Catalog (MGC3) v1 PDS4 bundle, Cushing G.E., doi:10.17189/1519222, mars_cave_catalog.zip via https://astrogeology.usgs.gov/search/map/mars_global_cave_candidate_catalog_v1_cushing (file miscellaneous/Mars_Cave_Catalog_shapefile.csv, bundle README dated 2017-06-21)",priority=3; comment=Kasei collapse region i=46
mars,CC0693,27.40613,302.84286,,,,,,,srp,Cushing2015_MGC3v1,"Mars Global Cave Candidate Catalog (MGC3) v1 PDS4 bundle, Cushing G.E., doi:10.17189/1519222, mars_cave_catalog.zip via https://astrogeology.usgs.gov/search/map/mars_global_cave_candidate_catalog_v1_cushing (file miscellaneous/Mars_Cave_Catalog_shapefile.csv, bundle README dated 2017-06-21)",priority=3; comment=Kasei collapse region i=46
mars,CC0694,27.87286,302.90576,,,,,,,srp,Cushing2015_MGC3v1,"Mars Global Cave Candidate Catalog (MGC3) v1 PDS4 bundle, Cushing G.E., doi:10.17189/1519222, mars_cave_catalog.zip via https://astrogeology.usgs.gov/search/map/mars_global_cave_candidate_catalog_v1_cushing (file miscellaneous/Mars_Cave_Catalog_shapefile.csv, bundle README dated 2017-06-21)",priority=3; comment=Kasei collapse region i=46
mars,CC0695,15.47429,277.03735,,,,,,,srp,Cushing2015_MGC3v1,"Mars Global Cave Candidate Catalog (MGC3) v1 PDS4 bundle, Cushing G.E., doi:10.17189/1519222, mars_cave_catalog.zip via https://astrogeology.usgs.gov/search/map/mars_global_cave_candidate_catalog_v1_cushing (file miscellaneous/Mars_Cave_Catalog_shapefile.csv, bundle README dated 2017-06-21)",priority=0; comment=E. of Tharsis Tholus - smrp
mars,CC0696,31.73878,296.77924,,,,,,,srp,Cushing2015_MGC3v1,"Mars Global Cave Candidate Catalog (MGC3) v1 PDS4 bundle, Cushing G.E., doi:10.17189/1519222, mars_cave_catalog.zip via https://astrogeology.usgs.gov/search/map/mars_global_cave_candidate_catalog_v1_cushing (file miscellaneous/Mars_Cave_Catalog_shapefile.csv, bundle README dated 2017-06-21)",priority=2; comment=Kasei SMRP
mars,CC0697,-10.04382,243.04883,,,,,,,rim,Cushing2015_MGC3v1,"Mars Global Cave Candidate Catalog (MGC3) v1 PDS4 bundle, Cushing G.E., doi:10.17189/1519222, mars_cave_catalog.zip via https://astrogeology.usgs.gov/search/map/mars_global_cave_candidate_catalog_v1_cushing (file miscellaneous/Mars_Cave_Catalog_shapefile.csv, bundle README dated 2017-06-21)",priority=3; comment=sun-facing rim wall shadows
mars,CC0698,-2.66437,238.6445,,,,,,,sky,Cushing2015_MGC3v1,"Mars Global Cave Candidate Catalog (MGC3) v1 PDS4 bundle, Cushing G.E., doi:10.17189/1519222, mars_cave_catalog.zip via https://astrogeology.usgs.gov/search/map/mars_global_cave_candidate_catalog_v1_cushing (file miscellaneous/Mars_Cave_Catalog_shapefile.csv, bundle README dated 2017-06-21)",priority=2; comment=tube skylight
mars,CC0699,-1.08371,231.4626,,,,,,,sky,Cushing2015_MGC3v1,"Mars Global Cave Candidate Catalog (MGC3) v1 PDS4 bundle, Cushing G.E., doi:10.17189/1519222, mars_cave_catalog.zip via https://astrogeology.usgs.gov/search/map/mars_global_cave_candidate_catalog_v1_cushing (file miscellaneous/Mars_Cave_Catalog_shapefile.csv, bundle README dated 2017-06-21)",priority=3; comment=skylight or srp
mars,CC0700,-19.00732,238.13403,,,,,,,srp,Cushing2015_MGC3v1,"Mars Global Cave Candidate Catalog (MGC3) v1 PDS4 bundle, Cushing G.E., doi:10.17189/1519222, mars_cave_catalog.zip via https://astrogeology.usgs.gov/search/map/mars_global_cave_candidate_catalog_v1_cushing (file miscellaneous/Mars_Cave_Catalog_shapefile.csv, bundle README dated 2017-06-21)",priority=2; comment=Small rimless pit
mars,CC0701,-13.04126,234.7688,,,,,,,pit,Cushing2015_MGC3v1,"Mars Global Cave Candidate Catalog (MGC3) v1 PDS4 bundle, Cushing G.E., doi:10.17189/1519222, mars_cave_catalog.zip via https://astrogeology.usgs.gov/search/map/mars_global_cave_candidate_catalog_v1_cushing (file miscellaneous/Mars_Cave_Catalog_shapefile.csv, bundle README dated 2017-06-21)",priority=2; comment=cave candidate in rift zone
mars,CC0702,-14.74115,237.95789,,,,,,,flr,Cushing2015_MGC3v1,"Mars Global Cave Candidate Catalog (MGC3) v1 PDS4 bundle, Cushing G.E., doi:10.17189/1519222, mars_cave_catalog.zip via https://astrogeology.usgs.gov/search/map/mars_global_cave_candidate_catalog_v1_cushing (file miscellaneous/Mars_Cave_Catalog_shapefile.csv, bundle README dated 2017-06-21)",priority=2; comment=Deep pit in fracture/graben
mars,CC0703,27.47949,349.09238,,,,,,,srp,Cushing2015_MGC3v1,"Mars Global Cave Candidate Catalog (MGC3) v1 PDS4 bundle, Cushing G.E., doi:10.17189/1519222, mars_cave_catalog.zip via https://astrogeology.usgs.gov/search/map/mars_global_cave_candidate_catalog_v1_cushing (file miscellaneous/Mars_Cave_Catalog_shapefile.csv, bundle README dated 2017-06-21)",priority=2; comment=small rimless pit with albedo pattern
mars,CC0704,0.44067,258.36523,,,,,,,rim,Cushing2015_MGC3v1,"Mars Global Cave Candidate Catalog (MGC3) v1 PDS4 bundle, Cushing G.E., doi:10.17189/1519222, mars_cave_catalog.zip via https://astrogeology.usgs.gov/search/map/mars_global_cave_candidate_catalog_v1_cushing (file miscellaneous/Mars_Cave_Catalog_shapefile.csv, bundle README dated 2017-06-21)",priority=2; comment=small rimless pit trio near ridge
mars,CC0705,4.21289,256.10767,,,,,,,srp,Cushing2015_MGC3v1,"Mars Global Cave Candidate Catalog (MGC3) v1 PDS4 bundle, Cushing G.E., doi:10.17189/1519222, mars_cave_catalog.zip via https://astrogeology.usgs.gov/search/map/mars_global_cave_candidate_catalog_v1_cushing (file miscellaneous/Mars_Cave_Catalog_shapefile.csv, bundle README dated 2017-06-21)",priority=3; comment=small rimless pit - possible vent
mars,CC0706,0.90698,236.92139,,,,,,,sky,Cushing2015_MGC3v1,"Mars Global Cave Candidate Catalog (MGC3) v1 PDS4 bundle, Cushing G.E., doi:10.17189/1519222, mars_cave_catalog.zip via https://astrogeology.usgs.gov/search/map/mars_global_cave_candidate_catalog_v1_cushing (file miscellaneous/Mars_Cave_Catalog_shapefile.csv, bundle README dated 2017-06-21)",priority=2; comment=skylight
mars,CC0707,-13.51,236.73,,,,,,,end,Cushing2015_MGC3v1,"Mars Global Cave Candidate Catalog (MGC3) v1 PDS4 bundle, Cushing G.E., doi:10.17189/1519222, mars_cave_catalog.zip via https://astrogeology.usgs.gov/search/map/mars_global_cave_candidate_catalog_v1_cushing (file miscellaneous/Mars_Cave_Catalog_shapefile.csv, bundle README dated 2017-06-21)",priority=1; comment=End-of-channel. Possibly in continuous fracture or conduit.
mars,CC0708,-11.57103,239.93352,,,,,,,irr,Cushing2015_MGC3v1,"Mars Global Cave Candidate Catalog (MGC3) v1 PDS4 bundle, Cushing G.E., doi:10.17189/1519222, mars_cave_catalog.zip via https://astrogeology.usgs.gov/search/map/mars_global_cave_candidate_catalog_v1_cushing (file miscellaneous/Mars_Cave_Catalog_shapefile.csv, bundle README dated 2017-06-21)","priority=0; comment=irr - Deep, irregularly shaped pit at end of sinuous channel."
mars,CC0709,-3.43583,240.50461,,,,,,,flr,Cushing2015_MGC3v1,"Mars Global Cave Candidate Catalog (MGC3) v1 PDS4 bundle, Cushing G.E., doi:10.17189/1519222, mars_cave_catalog.zip via https://astrogeology.usgs.gov/search/map/mars_global_cave_candidate_catalog_v1_cushing (file miscellaneous/Mars_Cave_Catalog_shapefile.csv, bundle README dated 2017-06-21)",priority=1; comment=flr - Dark hole in floor of faint curvilinear channel.
mars,CC0710,-12.40195,239.93352,,,,,,,srp,Cushing2015_MGC3v1,"Mars Global Cave Candidate Catalog (MGC3) v1 PDS4 bundle, Cushing G.E., doi:10.17189/1519222, mars_cave_catalog.zip via https://astrogeology.usgs.gov/search/map/mars_global_cave_candidate_catalog_v1_cushing (file miscellaneous/Mars_Cave_Catalog_shapefile.csv, bundle README dated 2017-06-21)",priority=3; comment=small rimless pit
mars,CC0711,-2.64802,242.18604,,,,,,,irr,Cushing2015_MGC3v1,"Mars Global Cave Candidate Catalog (MGC3) v1 PDS4 bundle, Cushing G.E., doi:10.17189/1519222, mars_cave_catalog.zip via https://astrogeology.usgs.gov/search/map/mars_global_cave_candidate_catalog_v1_cushing (file miscellaneous/Mars_Cave_Catalog_shapefile.csv, bundle README dated 2017-06-21)",priority=2; comment=Small irregular pit in lava flow.
mars,CC0712,9.62994,161.09708,,,,,,,crk,Cushing2015_MGC3v1,"Mars Global Cave Candidate Catalog (MGC3) v1 PDS4 bundle, Cushing G.E., doi:10.17189/1519222, mars_cave_catalog.zip via https://astrogeology.usgs.gov/search/map/mars_global_cave_candidate_catalog_v1_cushing (file miscellaneous/Mars_Cave_Catalog_shapefile.csv, bundle README dated 2017-06-21)","priority=0; comment=Channel rim, floor, fracture"
mars,CC0713,9.61115,161.13155,,,,,,,lat,Cushing2015_MGC3v1,"Mars Global Cave Candidate Catalog (MGC3) v1 PDS4 bundle, Cushing G.E., doi:10.17189/1519222, mars_cave_catalog.zip via https://astrogeology.usgs.gov/search/map/mars_global_cave_candidate_catalog_v1_cushing (file miscellaneous/Mars_Cave_Catalog_shapefile.csv, bundle README dated 2017-06-21)",priority=0; comment=Large lateral overhang
mars,CC0714,9.63191,161.0959,,,,,,,crk,Cushing2015_MGC3v1,"Mars Global Cave Candidate Catalog (MGC3) v1 PDS4 bundle, Cushing G.E., doi:10.17189/1519222, mars_cave_catalog.zip via https://astrogeology.usgs.gov/search/map/mars_global_cave_candidate_catalog_v1_cushing (file miscellaneous/Mars_Cave_Catalog_shapefile.csv, bundle README dated 2017-06-21)",priority=0; comment=fracture candidate
mars,CC0715,9.63325,161.09499,,,,,,,crk,Cushing2015_MGC3v1,"Mars Global Cave Candidate Catalog (MGC3) v1 PDS4 bundle, Cushing G.E., doi:10.17189/1519222, mars_cave_catalog.zip via https://astrogeology.usgs.gov/search/map/mars_global_cave_candidate_catalog_v1_cushing (file miscellaneous/Mars_Cave_Catalog_shapefile.csv, bundle README dated 2017-06-21)",priority=0; comment=zone of intersecting fractures at cliff
mars,CC0716,9.65024,161.1048,,,,,,,lat,Cushing2015_MGC3v1,"Mars Global Cave Candidate Catalog (MGC3) v1 PDS4 bundle, Cushing G.E., doi:10.17189/1519222, mars_cave_catalog.zip via https://astrogeology.usgs.gov/search/map/mars_global_cave_candidate_catalog_v1_cushing (file miscellaneous/Mars_Cave_Catalog_shapefile.csv, bundle README dated 2017-06-21)",priority=0; comment=cliff wall fracture intersect
mars,CC0717,9.64589,161.1371,,,,,,,crk,Cushing2015_MGC3v1,"Mars Global Cave Candidate Catalog (MGC3) v1 PDS4 bundle, Cushing G.E., doi:10.17189/1519222, mars_cave_catalog.zip via https://astrogeology.usgs.gov/search/map/mars_global_cave_candidate_catalog_v1_cushing (file miscellaneous/Mars_Cave_Catalog_shapefile.csv, bundle README dated 2017-06-21)",priority=0; comment=cliff wall fracture intersect
mars,CC0718,9.64604,161.12746,,,,,,,lat,Cushing2015_MGC3v1,"Mars Global Cave Candidate Catalog (MGC3) v1 PDS4 bundle, Cushing G.E., doi:10.17189/1519222, mars_cave_catalog.zip via https://astrogeology.usgs.gov/search/map/mars_global_cave_candidate_catalog_v1_cushing (file miscellaneous/Mars_Cave_Catalog_shapefile.csv, bundle README dated 2017-06-21)",priority=0; comment=cliff wall fracture intersect
mars,CC0719,9.64627,161.123,,,,,,,crk,Cushing2015_MGC3v1,"Mars Global Cave Candidate Catalog (MGC3) v1 PDS4 bundle, Cushing G.E., doi:10.17189/1519222, mars_cave_catalog.zip via https://astrogeology.usgs.gov/search/map/mars_global_cave_candidate_catalog_v1_cushing (file miscellaneous/Mars_Cave_Catalog_shapefile.csv, bundle README dated 2017-06-21)",priority=0; comment=cliff wall fracture intersect with rope?
mars,CC0720,9.64627,161.12135,,,,,,,crk,Cushing2015_MGC3v1,"Mars Global Cave Candidate Catalog (MGC3) v1 PDS4 bundle, Cushing G.E., doi:10.17189/1519222, mars_cave_catalog.zip via https://astrogeology.usgs.gov/search/map/mars_global_cave_candidate_catalog_v1_cushing (file miscellaneous/Mars_Cave_Catalog_shapefile.csv, bundle README dated 2017-06-21)",priority=0; comment=cliff wall fracture intersect
mars,CC0721,9.64124,161.12398,,,,,,,crk,Cushing2015_MGC3v1,"Mars Global Cave Candidate Catalog (MGC3) v1 PDS4 bundle, Cushing G.E., doi:10.17189/1519222, mars_cave_catalog.zip via https://astrogeology.usgs.gov/search/map/mars_global_cave_candidate_catalog_v1_cushing (file miscellaneous/Mars_Cave_Catalog_shapefile.csv, bundle README dated 2017-06-21)",priority=0; comment=cliff wall fracture intersect
mars,CC0722,9.61913,161.12,,,,,,,lat,Cushing2015_MGC3v1,"Mars Global Cave Candidate Catalog (MGC3) v1 PDS4 bundle, Cushing G.E., doi:10.17189/1519222, mars_cave_catalog.zip via https://astrogeology.usgs.gov/search/map/mars_global_cave_candidate_catalog_v1_cushing (file miscellaneous/Mars_Cave_Catalog_shapefile.csv, bundle README dated 2017-06-21)",priority=0; comment=cliff wall fracture intersect
mars,CC0723,9.6189,161.11919,,,,,,,lat,Cushing2015_MGC3v1,"Mars Global Cave Candidate Catalog (MGC3) v1 PDS4 bundle, Cushing G.E., doi:10.17189/1519222, mars_cave_catalog.zip via https://astrogeology.usgs.gov/search/map/mars_global_cave_candidate_catalog_v1_cushing (file miscellaneous/Mars_Cave_Catalog_shapefile.csv, bundle README dated 2017-06-21)",priority=0; comment=cliff wall fracture intersect
mars,CC0724,9.61935,161.11702,,,,,,,lat,Cushing2015_MGC3v1,"Mars Global Cave Candidate Catalog (MGC3) v1 PDS4 bundle, Cushing G.E., doi:10.17189/1519222, mars_cave_catalog.zip via https://astrogeology.usgs.gov/search/map/mars_global_cave_candidate_catalog_v1_cushing (file miscellaneous/Mars_Cave_Catalog_shapefile.csv, bundle README dated 2017-06-21)",priority=0; comment=cliff wall fracture intersect
mars,CC0725,9.6161,161.11836,,,,,,,lat,Cushing2015_MGC3v1,"Mars Global Cave Candidate Catalog (MGC3) v1 PDS4 bundle, Cushing G.E., doi:10.17189/1519222, mars_cave_catalog.zip via https://astrogeology.usgs.gov/search/map/mars_global_cave_candidate_catalog_v1_cushing (file miscellaneous/Mars_Cave_Catalog_shapefile.csv, bundle README dated 2017-06-21)",priority=0; comment=Cliff wall lateral tube candidate
mars,CC0726,9.60543,161.08853,,,,,,,crk,Cushing2015_MGC3v1,"Mars Global Cave Candidate Catalog (MGC3) v1 PDS4 bundle, Cushing G.E., doi:10.17189/1519222, mars_cave_catalog.zip via https://astrogeology.usgs.gov/search/map/mars_global_cave_candidate_catalog_v1_cushing (file miscellaneous/Mars_Cave_Catalog_shapefile.csv, bundle README dated 2017-06-21)",priority=0; comment=cliff wall fracture intersect
mars,CC0727,44.09782,276.30573,,,,,,,lat,Cushing2015_MGC3v1,"Mars Global Cave Candidate Catalog (MGC3) v1 PDS4 bundle, Cushing G.E., doi:10.17189/1519222, mars_cave_catalog.zip via https://astrogeology.usgs.gov/search/map/mars_global_cave_candidate_catalog_v1_cushing (file miscellaneous/Mars_Cave_Catalog_shapefile.csv, bundle README dated 2017-06-21)",priority=0; comment=Cliff wall lateral tube candidate
mars,CC0728,7.21164,161.59868,,,,,,,crk,Cushing2015_MGC3v1,"Mars Global Cave Candidate Catalog (MGC3) v1 PDS4 bundle, Cushing G.E., doi:10.17189/1519222, mars_cave_catalog.zip via https://astrogeology.usgs.gov/search/map/mars_global_cave_candidate_catalog_v1_cushing (file miscellaneous/Mars_Cave_Catalog_shapefile.csv, bundle README dated 2017-06-21)",priority=0; comment=channel rim fracture
mars,CC0729,7.21852,161.5894,,,,,,,sky,Cushing2015_MGC3v1,"Mars Global Cave Candidate Catalog (MGC3) v1 PDS4 bundle, Cushing G.E., doi:10.17189/1519222, mars_cave_catalog.zip via https://astrogeology.usgs.gov/search/map/mars_global_cave_candidate_catalog_v1_cushing (file miscellaneous/Mars_Cave_Catalog_shapefile.csv, bundle README dated 2017-06-21)",priority=0; comment=possible bridge over channel
mars,CC0730,7.23542,161.57014,,,,,,,lat,Cushing2015_MGC3v1,"Mars Global Cave Candidate Catalog (MGC3) v1 PDS4 bundle, Cushing G.E., doi:10.17189/1519222, mars_cave_catalog.zip via https://astrogeology.usgs.gov/search/map/mars_global_cave_candidate_catalog_v1_cushing (file miscellaneous/Mars_Cave_Catalog_shapefile.csv, bundle README dated 2017-06-21)",priority=0; comment=cliff wall fracture intersect
mars,CC0731,7.24314,161.5542,,,,,,,crk,Cushing2015_MGC3v1,"Mars Global Cave Candidate Catalog (MGC3) v1 PDS4 bundle, Cushing G.E., doi:10.17189/1519222, mars_cave_catalog.zip via https://astrogeology.usgs.gov/search/map/mars_global_cave_candidate_catalog_v1_cushing (file miscellaneous/Mars_Cave_Catalog_shapefile.csv, bundle README dated 2017-06-21)",priority=0; comment=small cliff rim fracture
mars,CC0732,7.27509,161.52483,,,,,,,lat,Cushing2015_MGC3v1,"Mars Global Cave Candidate Catalog (MGC3) v1 PDS4 bundle, Cushing G.E., doi:10.17189/1519222, mars_cave_catalog.zip via https://astrogeology.usgs.gov/search/map/mars_global_cave_candidate_catalog_v1_cushing (file miscellaneous/Mars_Cave_Catalog_shapefile.csv, bundle README dated 2017-06-21)",priority=0; comment=Rim overhang lateral candidate
mars,CC0733,7.27475,161.52129,,,,,,,lat,Cushing2015_MGC3v1,"Mars Global Cave Candidate Catalog (MGC3) v1 PDS4 bundle, Cushing G.E., doi:10.17189/1519222, mars_cave_catalog.zip via https://astrogeology.usgs.gov/search/map/mars_global_cave_candidate_catalog_v1_cushing (file miscellaneous/Mars_Cave_Catalog_shapefile.csv, bundle README dated 2017-06-21)",priority=0; comment=Rim overhang lateral candidate
mars,CC0734,-13.63231,238.31726,,,,,,,irr,Cushing2015_MGC3v1,"Mars Global Cave Candidate Catalog (MGC3) v1 PDS4 bundle, Cushing G.E., doi:10.17189/1519222, mars_cave_catalog.zip via https://astrogeology.usgs.gov/search/map/mars_global_cave_candidate_catalog_v1_cushing (file miscellaneous/Mars_Cave_Catalog_shapefile.csv, bundle README dated 2017-06-21)",priority=0; comment=Small possible incipient Type I APC - 5 m
mars,CC0735,33.69458,253.92065,,,,,,,flr,Cushing2015_MGC3v1,"Mars Global Cave Candidate Catalog (MGC3) v1 PDS4 bundle, Cushing G.E., doi:10.17189/1519222, mars_cave_catalog.zip via https://astrogeology.usgs.gov/search/map/mars_global_cave_candidate_catalog_v1_cushing (file miscellaneous/Mars_Cave_Catalog_shapefile.csv, bundle README dated 2017-06-21)",priority=0; comment=Small collapse trough in channel floor
mars,CC0736,33.69666,253.92554,,,,,,,flr,Cushing2015_MGC3v1,"Mars Global Cave Candidate Catalog (MGC3) v1 PDS4 bundle, Cushing G.E., doi:10.17189/1519222, mars_cave_catalog.zip via https://astrogeology.usgs.gov/search/map/mars_global_cave_candidate_catalog_v1_cushing (file miscellaneous/Mars_Cave_Catalog_shapefile.csv, bundle README dated 2017-06-21)",priority=0; comment=100 m collapse trough in channel floor
mars,CC0737,-12.26022,249.7785,,,,,,,irr,Cushing2015_MGC3v1,"Mars Global Cave Candidate Catalog (MGC3) v1 PDS4 bundle, Cushing G.E., doi:10.17189/1519222, mars_cave_catalog.zip via https://astrogeology.usgs.gov/search/map/mars_global_cave_candidate_catalog_v1_cushing (file miscellaneous/Mars_Cave_Catalog_shapefile.csv, bundle README dated 2017-06-21)",priority=0; comment=Solution cave? Cliff hole
mars,CC0738,26.01904,250.81808,,,,,,,pin,Cushing2015_MGC3v1,"Mars Global Cave Candidate Catalog (MGC3) v1 PDS4 bundle, Cushing G.E., doi:10.17189/1519222, mars_cave_catalog.zip via https://astrogeology.usgs.gov/search/map/mars_global_cave_candidate_catalog_v1_cushing (file miscellaneous/Mars_Cave_Catalog_shapefile.csv, bundle README dated 2017-06-21)",priority=2; comment=Channel rim pinhole pair
mars,CC0739,26.01901,250.8219,,,,,,,pin,Cushing2015_MGC3v1,"Mars Global Cave Candidate Catalog (MGC3) v1 PDS4 bundle, Cushing G.E., doi:10.17189/1519222, mars_cave_catalog.zip via https://astrogeology.usgs.gov/search/map/mars_global_cave_candidate_catalog_v1_cushing (file miscellaneous/Mars_Cave_Catalog_shapefile.csv, bundle README dated 2017-06-21)",priority=2; comment=Channel rim pinhole pair
mars,CC0740,22.25006,248.99884,,,,,,,end,Cushing2015_MGC3v1,"Mars Global Cave Candidate Catalog (MGC3) v1 PDS4 bundle, Cushing G.E., doi:10.17189/1519222, mars_cave_catalog.zip via https://astrogeology.usgs.gov/search/map/mars_global_cave_candidate_catalog_v1_cushing (file miscellaneous/Mars_Cave_Catalog_shapefile.csv, bundle README dated 2017-06-21)",priority=2; comment=Possible channel end overhang - Vent? - Lathrop contrib
mars,CC0741,22.25146,248.96313,,,,,,,end,Cushing2015_MGC3v1,"Mars Global Cave Candidate Catalog (MGC3) v1 PDS4 bundle, Cushing G.E., doi:10.17189/1519222, mars_cave_catalog.zip via https://astrogeology.usgs.gov/search/map/mars_global_cave_candidate_catalog_v1_cushing (file miscellaneous/Mars_Cave_Catalog_shapefile.csv, bundle README dated 2017-06-21)",priority=3; comment=Possible channel end overhang - Vent? - Lathrop contrib
mars,CC0742,17.7379,226.58414,,,,,,,lat,Cushing2015_MGC3v1,"Mars Global Cave Candidate Catalog (MGC3) v1 PDS4 bundle, Cushing G.E., doi:10.17189/1519222, mars_cave_catalog.zip via https://astrogeology.usgs.gov/search/map/mars_global_cave_candidate_catalog_v1_cushing (file miscellaneous/Mars_Cave_Catalog_shapefile.csv, bundle README dated 2017-06-21)",priority=0; comment=Good lateral candidate in Olympus Mons caldera rim
mars,CC0743,0.46576,234.44794,,,,,,,pin,Cushing2015_MGC3v1,"Mars Global Cave Candidate Catalog (MGC3) v1 PDS4 bundle, Cushing G.E., doi:10.17189/1519222, mars_cave_catalog.zip via https://astrogeology.usgs.gov/search/map/mars_global_cave_candidate_catalog_v1_cushing (file miscellaneous/Mars_Cave_Catalog_shapefile.csv, bundle README dated 2017-06-21)",priority=1; comment=channel pinhole
mars,CC0744,0.44656,234.46744,,,,,,,sky,Cushing2015_MGC3v1,"Mars Global Cave Candidate Catalog (MGC3) v1 PDS4 bundle, Cushing G.E., doi:10.17189/1519222, mars_cave_catalog.zip via https://astrogeology.usgs.gov/search/map/mars_global_cave_candidate_catalog_v1_cushing (file miscellaneous/Mars_Cave_Catalog_shapefile.csv, bundle README dated 2017-06-21)",priority=1; comment=Channel skylight
mars,CC0745,0.49802,234.44043,,,,,,,sky,Cushing2015_MGC3v1,"Mars Global Cave Candidate Catalog (MGC3) v1 PDS4 bundle, Cushing G.E., doi:10.17189/1519222, mars_cave_catalog.zip via https://astrogeology.usgs.gov/search/map/mars_global_cave_candidate_catalog_v1_cushing (file miscellaneous/Mars_Cave_Catalog_shapefile.csv, bundle README dated 2017-06-21)",priority=2; comment=Channel skylight
mars,CC0746,0.01733,234.46008,,,,,,,srp,Cushing2015_MGC3v1,"Mars Global Cave Candidate Catalog (MGC3) v1 PDS4 bundle, Cushing G.E., doi:10.17189/1519222, mars_cave_catalog.zip via https://astrogeology.usgs.gov/search/map/mars_global_cave_candidate_catalog_v1_cushing (file miscellaneous/Mars_Cave_Catalog_shapefile.csv, bundle README dated 2017-06-21)",priority=2; comment=irregular smrp
mars,CC0747,-0.03186,234.48132,,,,,,,srp,Cushing2015_MGC3v1,"Mars Global Cave Candidate Catalog (MGC3) v1 PDS4 bundle, Cushing G.E., doi:10.17189/1519222, mars_cave_catalog.zip via https://astrogeology.usgs.gov/search/map/mars_global_cave_candidate_catalog_v1_cushing (file miscellaneous/Mars_Cave_Catalog_shapefile.csv, bundle README dated 2017-06-21)",priority=2; comment=irregular smrp
mars,CC0748,-0.026,234.46533,,,,,,,pin,Cushing2015_MGC3v1,"Mars Global Cave Candidate Catalog (MGC3) v1 PDS4 bundle, Cushing G.E., doi:10.17189/1519222, mars_cave_catalog.zip via https://astrogeology.usgs.gov/search/map/mars_global_cave_candidate_catalog_v1_cushing (file miscellaneous/Mars_Cave_Catalog_shapefile.csv, bundle README dated 2017-06-21)",priority=2; comment=pinhole
mars,CC0749,-2.56354,234.82327,,,,,,,sky,Cushing2015_MGC3v1,"Mars Global Cave Candidate Catalog (MGC3) v1 PDS4 bundle, Cushing G.E., doi:10.17189/1519222, mars_cave_catalog.zip via https://astrogeology.usgs.gov/search/map/mars_global_cave_candidate_catalog_v1_cushing (file miscellaneous/Mars_Cave_Catalog_shapefile.csv, bundle README dated 2017-06-21)",priority=2; comment=tube skylight
mars,CC0750,-2.55637,234.82187,,,,,,,sky,Cushing2015_MGC3v1,"Mars Global Cave Candidate Catalog (MGC3) v1 PDS4 bundle, Cushing G.E., doi:10.17189/1519222, mars_cave_catalog.zip via https://astrogeology.usgs.gov/search/map/mars_global_cave_candidate_catalog_v1_cushing (file miscellaneous/Mars_Cave_Catalog_shapefile.csv, bundle README dated 2017-06-21)",priority=3; comment=tube skylight
mars,CC0751,-2.54276,234.8161,,,,,,,sky,Cushing2015_MGC3v1,"Mars Global Cave Candidate Catalog (MGC3) v1 PDS4 bundle, Cushing G.E., doi:10.17189/1519222, mars_cave_catalog.zip via https://astrogeology.usgs.gov/search/map/mars_global_cave_candidate_catalog_v1_cushing (file miscellaneous/Mars_Cave_Catalog_shapefile.csv, bundle README dated 2017-06-21)",priority=2; comment=tube skylight
mars,CC0752,-2.53027,234.80627,,,,,,,sky,Cushing2015_MGC3v1,"Mars Global Cave Candidate Catalog (MGC3) v1 PDS4 bundle, Cushing G.E., doi:10.17189/1519222, mars_cave_catalog.zip via https://astrogeology.usgs.gov/search/map/mars_global_cave_candidate_catalog_v1_cushing (file miscellaneous/Mars_Cave_Catalog_shapefile.csv, bundle README dated 2017-06-21)",priority=2; comment=tube skylight
mars,CC0753,-2.49557,234.76959,,,,,,,sky,Cushing2015_MGC3v1,"Mars Global Cave Candidate Catalog (MGC3) v1 PDS4 bundle, Cushing G.E., doi:10.17189/1519222, mars_cave_catalog.zip via https://astrogeology.usgs.gov/search/map/mars_global_cave_candidate_catalog_v1_cushing (file miscellaneous/Mars_Cave_Catalog_shapefile.csv, bundle README dated 2017-06-21)","priority=1; comment=channel tube intersection, bridge?"
mars,CC0754,-2.49548,234.76776,,,,,,,sky,Cushing2015_MGC3v1,"Mars Global Cave Candidate Catalog (MGC3) v1 PDS4 bundle, Cushing G.E., doi:10.17189/1519222, mars_cave_catalog.zip via https://astrogeology.usgs.gov/search/map/mars_global_cave_candidate_catalog_v1_cushing (file miscellaneous/Mars_Cave_Catalog_shapefile.csv, bundle README dated 2017-06-21)","priority=1; comment=channel tube intersection, bridge?"
mars,CC0755,-2.41479,234.66064,,,,,,,sky,Cushing2015_MGC3v1,"Mars Global Cave Candidate Catalog (MGC3) v1 PDS4 bundle, Cushing G.E., doi:10.17189/1519222, mars_cave_catalog.zip via https://astrogeology.usgs.gov/search/map/mars_global_cave_candidate_catalog_v1_cushing (file miscellaneous/Mars_Cave_Catalog_shapefile.csv, bundle README dated 2017-06-21)",priority=2; comment=tube skylight
mars,CC0756,-2.41092,234.65437,,,,,,,sky,Cushing2015_MGC3v1,"Mars Global Cave Candidate Catalog (MGC3) v1 PDS4 bundle, Cushing G.E., doi:10.17189/1519222, mars_cave_catalog.zip via https://astrogeology.usgs.gov/search/map/mars_global_cave_candidate_catalog_v1_cushing (file miscellaneous/Mars_Cave_Catalog_shapefile.csv, bundle README dated 2017-06-21)",priority=3; comment=tube skylight
mars,CC0757,-2.39467,234.64099,,,,,,,sky,Cushing2015_MGC3v1,"Mars Global Cave Candidate Catalog (MGC3) v1 PDS4 bundle, Cushing G.E., doi:10.17189/1519222, mars_cave_catalog.zip via https://astrogeology.usgs.gov/search/map/mars_global_cave_candidate_catalog_v1_cushing (file miscellaneous/Mars_Cave_Catalog_shapefile.csv, bundle README dated 2017-06-21)",priority=2; comment=tube skylight
mars,CC0758,-2.39032,234.63672,,,,,,,sky,Cushing2015_MGC3v1,"Mars Global Cave Candidate Catalog (MGC3) v1 PDS4 bundle, Cushing G.E., doi:10.17189/1519222, mars_cave_catalog.zip via https://astrogeology.usgs.gov/search/map/mars_global_cave_candidate_catalog_v1_cushing (file miscellaneous/Mars_Cave_Catalog_shapefile.csv, bundle README dated 2017-06-21)",priority=2; comment=tube skylight
mars,CC0759,-2.34351,234.78662,,,,,,,sky,Cushing2015_MGC3v1,"Mars Global Cave Candidate Catalog (MGC3) v1 PDS4 bundle, Cushing G.E., doi:10.17189/1519222, mars_cave_catalog.zip via https://astrogeology.usgs.gov/search/map/mars_global_cave_candidate_catalog_v1_cushing (file miscellaneous/Mars_Cave_Catalog_shapefile.csv, bundle README dated 2017-06-21)",priority=2; comment=irregular tube skylight?
mars,CC0760,-1.80074,234.76921,,,,,,,sky,Cushing2015_MGC3v1,"Mars Global Cave Candidate Catalog (MGC3) v1 PDS4 bundle, Cushing G.E., doi:10.17189/1519222, mars_cave_catalog.zip via https://astrogeology.usgs.gov/search/map/mars_global_cave_candidate_catalog_v1_cushing (file miscellaneous/Mars_Cave_Catalog_shapefile.csv, bundle README dated 2017-06-21)",priority=2; comment=tube skylight
mars,CC0761,-1.61975,234.53436,,,,,,,srp,Cushing2015_MGC3v1,"Mars Global Cave Candidate Catalog (MGC3) v1 PDS4 bundle, Cushing G.E., doi:10.17189/1519222, mars_cave_catalog.zip via https://astrogeology.usgs.gov/search/map/mars_global_cave_candidate_catalog_v1_cushing (file miscellaneous/Mars_Cave_Catalog_shapefile.csv, bundle README dated 2017-06-21)",priority=3; comment=smrp in faint channel
mars,CC0762,-1.13182,234.71768,,,,,,,sky,Cushing2015_MGC3v1,"Mars Global Cave Candidate Catalog (MGC3) v1 PDS4 bundle, Cushing G.E., doi:10.17189/1519222, mars_cave_catalog.zip via https://astrogeology.usgs.gov/search/map/mars_global_cave_candidate_catalog_v1_cushing (file miscellaneous/Mars_Cave_Catalog_shapefile.csv, bundle README dated 2017-06-21)",priority=2; comment=tube skylight
mars,CC0763,-2.10828,234.27271,,,,,,,sky,Cushing2015_MGC3v1,"Mars Global Cave Candidate Catalog (MGC3) v1 PDS4 bundle, Cushing G.E., doi:10.17189/1519222, mars_cave_catalog.zip via https://astrogeology.usgs.gov/search/map/mars_global_cave_candidate_catalog_v1_cushing (file miscellaneous/Mars_Cave_Catalog_shapefile.csv, bundle README dated 2017-06-21)",priority=2; comment=tube skylight
mars,CC0764,-3.09729,234.17224,,,,,,,sky,Cushing2015_MGC3v1,"Mars Global Cave Candidate Catalog (MGC3) v1 PDS4 bundle, Cushing G.E., doi:10.17189/1519222, mars_cave_catalog.zip via https://astrogeology.usgs.gov/search/map/mars_global_cave_candidate_catalog_v1_cushing (file miscellaneous/Mars_Cave_Catalog_shapefile.csv, bundle README dated 2017-06-21)",priority=3; comment=tube skylight
mars,CC0765,-3.10413,234.14661,,,,,,,sky,Cushing2015_MGC3v1,"Mars Global Cave Candidate Catalog (MGC3) v1 PDS4 bundle, Cushing G.E., doi:10.17189/1519222, mars_cave_catalog.zip via https://astrogeology.usgs.gov/search/map/mars_global_cave_candidate_catalog_v1_cushing (file miscellaneous/Mars_Cave_Catalog_shapefile.csv, bundle README dated 2017-06-21)",priority=3; comment=tube skylight
mars,CC0766,-3.10699,234.26074,,,,,,,sky,Cushing2015_MGC3v1,"Mars Global Cave Candidate Catalog (MGC3) v1 PDS4 bundle, Cushing G.E., doi:10.17189/1519222, mars_cave_catalog.zip via https://astrogeology.usgs.gov/search/map/mars_global_cave_candidate_catalog_v1_cushing (file miscellaneous/Mars_Cave_Catalog_shapefile.csv, bundle README dated 2017-06-21)",priority=3; comment=tube skylight
mars,CC0767,-3.06207,234.0517,,,,,,,sky,Cushing2015_MGC3v1,"Mars Global Cave Candidate Catalog (MGC3) v1 PDS4 bundle, Cushing G.E., doi:10.17189/1519222, mars_cave_catalog.zip via https://astrogeology.usgs.gov/search/map/mars_global_cave_candidate_catalog_v1_cushing (file miscellaneous/Mars_Cave_Catalog_shapefile.csv, bundle README dated 2017-06-21)",priority=3; comment=tube skylight
mars,CC0768,-3.04944,233.97119,,,,,,,sky,Cushing2015_MGC3v1,"Mars Global Cave Candidate Catalog (MGC3) v1 PDS4 bundle, Cushing G.E., doi:10.17189/1519222, mars_cave_catalog.zip via https://astrogeology.usgs.gov/search/map/mars_global_cave_candidate_catalog_v1_cushing (file miscellaneous/Mars_Cave_Catalog_shapefile.csv, bundle README dated 2017-06-21)",priority=3; comment=tube skylight
mars,CC0769,-3.02374,234.15009,,,,,,,sky,Cushing2015_MGC3v1,"Mars Global Cave Candidate Catalog (MGC3) v1 PDS4 bundle, Cushing G.E., doi:10.17189/1519222, mars_cave_catalog.zip via https://astrogeology.usgs.gov/search/map/mars_global_cave_candidate_catalog_v1_cushing (file miscellaneous/Mars_Cave_Catalog_shapefile.csv, bundle README dated 2017-06-21)",priority=3; comment=tube skylight
mars,CC0770,-3.01685,234.1394,,,,,,,sky,Cushing2015_MGC3v1,"Mars Global Cave Candidate Catalog (MGC3) v1 PDS4 bundle, Cushing G.E., doi:10.17189/1519222, mars_cave_catalog.zip via https://astrogeology.usgs.gov/search/map/mars_global_cave_candidate_catalog_v1_cushing (file miscellaneous/Mars_Cave_Catalog_shapefile.csv, bundle README dated 2017-06-21)",priority=3; comment=tube skylight
mars,CC0771,-3.01141,234.13055,,,,,,,sky,Cushing2015_MGC3v1,"Mars Global Cave Candidate Catalog (MGC3) v1 PDS4 bundle, Cushing G.E., doi:10.17189/1519222, mars_cave_catalog.zip via https://astrogeology.usgs.gov/search/map/mars_global_cave_candidate_catalog_v1_cushing (file miscellaneous/Mars_Cave_Catalog_shapefile.csv, bundle README dated 2017-06-21)",priority=3; comment=tube skylight
mars,CC0772,-2.95563,234.11713,,,,,,,sky,Cushing2015_MGC3v1,"Mars Global Cave Candidate Catalog (MGC3) v1 PDS4 bundle, Cushing G.E., doi:10.17189/1519222, mars_cave_catalog.zip via https://astrogeology.usgs.gov/search/map/mars_global_cave_candidate_catalog_v1_cushing (file miscellaneous/Mars_Cave_Catalog_shapefile.csv, bundle README dated 2017-06-21)",priority=3; comment=tube skylight
mars,CC0773,-2.95819,234.12347,,,,,,,sky,Cushing2015_MGC3v1,"Mars Global Cave Candidate Catalog (MGC3) v1 PDS4 bundle, Cushing G.E., doi:10.17189/1519222, mars_cave_catalog.zip via https://astrogeology.usgs.gov/search/map/mars_global_cave_candidate_catalog_v1_cushing (file miscellaneous/Mars_Cave_Catalog_shapefile.csv, bundle README dated 2017-06-21)",priority=3; comment=tube skylight
mars,CC0774,-3.14771,236.11481,,,,,,,sky,Cushing2015_MGC3v1,"Mars Global Cave Candidate Catalog (MGC3) v1 PDS4 bundle, Cushing G.E., doi:10.17189/1519222, mars_cave_catalog.zip via https://astrogeology.usgs.gov/search/map/mars_global_cave_candidate_catalog_v1_cushing (file miscellaneous/Mars_Cave_Catalog_shapefile.csv, bundle README dated 2017-06-21)",priority=0; comment=tube skylight
mars,CC0775,-3.08081,236.07983,,,,,,,sky,Cushing2015_MGC3v1,"Mars Global Cave Candidate Catalog (MGC3) v1 PDS4 bundle, Cushing G.E., doi:10.17189/1519222, mars_cave_catalog.zip via https://astrogeology.usgs.gov/search/map/mars_global_cave_candidate_catalog_v1_cushing (file miscellaneous/Mars_Cave_Catalog_shapefile.csv, bundle README dated 2017-06-21)",priority=0; comment=tube skylight
mars,CC0776,-3.0733,236.07489,,,,,,,sky,Cushing2015_MGC3v1,"Mars Global Cave Candidate Catalog (MGC3) v1 PDS4 bundle, Cushing G.E., doi:10.17189/1519222, mars_cave_catalog.zip via https://astrogeology.usgs.gov/search/map/mars_global_cave_candidate_catalog_v1_cushing (file miscellaneous/Mars_Cave_Catalog_shapefile.csv, bundle README dated 2017-06-21)",priority=0; comment=tube skylight
mars,CC0777,-3.0528,236.07275,,,,,,,sky,Cushing2015_MGC3v1,"Mars Global Cave Candidate Catalog (MGC3) v1 PDS4 bundle, Cushing G.E., doi:10.17189/1519222, mars_cave_catalog.zip via https://astrogeology.usgs.gov/search/map/mars_global_cave_candidate_catalog_v1_cushing (file miscellaneous/Mars_Cave_Catalog_shapefile.csv, bundle README dated 2017-06-21)",priority=0; comment=tube skylight
mars,CC0778,-3.04926,236.07294,,,,,,,sky,Cushing2015_MGC3v1,"Mars Global Cave Candidate Catalog (MGC3) v1 PDS4 bundle, Cushing G.E., doi:10.17189/1519222, mars_cave_catalog.zip via https://astrogeology.usgs.gov/search/map/mars_global_cave_candidate_catalog_v1_cushing (file miscellaneous/Mars_Cave_Catalog_shapefile.csv, bundle README dated 2017-06-21)",priority=0; comment=tube skylight
mars,CC0779,-3.04401,236.0719,,,,,,,sky,Cushing2015_MGC3v1,"Mars Global Cave Candidate Catalog (MGC3) v1 PDS4 bundle, Cushing G.E., doi:10.17189/1519222, mars_cave_catalog.zip via https://astrogeology.usgs.gov/search/map/mars_global_cave_candidate_catalog_v1_cushing (file miscellaneous/Mars_Cave_Catalog_shapefile.csv, bundle README dated 2017-06-21)",priority=0; comment=tube skylight
mars,CC0780,-3.00909,236.06274,,,,,,,sky,Cushing2015_MGC3v1,"Mars Global Cave Candidate Catalog (MGC3) v1 PDS4 bundle, Cushing G.E., doi:10.17189/1519222, mars_cave_catalog.zip via https://astrogeology.usgs.gov/search/map/mars_global_cave_candidate_catalog_v1_cushing (file miscellaneous/Mars_Cave_Catalog_shapefile.csv, bundle README dated 2017-06-21)",priority=0; comment=tube skylight
mars,CC0781,-2.99792,236.04462,,,,,,,sky,Cushing2015_MGC3v1,"Mars Global Cave Candidate Catalog (MGC3) v1 PDS4 bundle, Cushing G.E., doi:10.17189/1519222, mars_cave_catalog.zip via https://astrogeology.usgs.gov/search/map/mars_global_cave_candidate_catalog_v1_cushing (file miscellaneous/Mars_Cave_Catalog_shapefile.csv, bundle README dated 2017-06-21)",priority=0; comment=tube skylight
mars,CC0782,-2.99756,236.03998,,,,,,,sky,Cushing2015_MGC3v1,"Mars Global Cave Candidate Catalog (MGC3) v1 PDS4 bundle, Cushing G.E., doi:10.17189/1519222, mars_cave_catalog.zip via https://astrogeology.usgs.gov/search/map/mars_global_cave_candidate_catalog_v1_cushing (file miscellaneous/Mars_Cave_Catalog_shapefile.csv, bundle README dated 2017-06-21)",priority=0; comment=tube skylight
mars,CC0783,-2.99695,236.0365,,,,,,,sky,Cushing2015_MGC3v1,"Mars Global Cave Candidate Catalog (MGC3) v1 PDS4 bundle, Cushing G.E., doi:10.17189/1519222, mars_cave_catalog.zip via https://astrogeology.usgs.gov/search/map/mars_global_cave_candidate_catalog_v1_cushing (file miscellaneous/Mars_Cave_Catalog_shapefile.csv, bundle README dated 2017-06-21)",priority=0; comment=tube skylight
mars,CC0784,-2.93555,236.01459,,,,,,,sky,Cushing2015_MGC3v1,"Mars Global Cave Candidate Catalog (MGC3) v1 PDS4 bundle, Cushing G.E., doi:10.17189/1519222, mars_cave_catalog.zip via https://astrogeology.usgs.gov/search/map/mars_global_cave_candidate_catalog_v1_cushing (file miscellaneous/Mars_Cave_Catalog_shapefile.csv, bundle README dated 2017-06-21)",priority=0; comment=tube skylight
mars,CC0785,-2.91675,235.98322,,,,,,,sky,Cushing2015_MGC3v1,"Mars Global Cave Candidate Catalog (MGC3) v1 PDS4 bundle, Cushing G.E., doi:10.17189/1519222, mars_cave_catalog.zip via https://astrogeology.usgs.gov/search/map/mars_global_cave_candidate_catalog_v1_cushing (file miscellaneous/Mars_Cave_Catalog_shapefile.csv, bundle README dated 2017-06-21)",priority=0; comment=tube skylight
mars,CC0786,-2.91278,235.97552,,,,,,,sky,Cushing2015_MGC3v1,"Mars Global Cave Candidate Catalog (MGC3) v1 PDS4 bundle, Cushing G.E., doi:10.17189/1519222, mars_cave_catalog.zip via https://astrogeology.usgs.gov/search/map/mars_global_cave_candidate_catalog_v1_cushing (file miscellaneous/Mars_Cave_Catalog_shapefile.csv, bundle README dated 2017-06-21)",priority=0; comment=tube skylight
mars,CC0787,-2.89459,235.97357,,,,,,,sky,Cushing2015_MGC3v1,"Mars Global Cave Candidate Catalog (MGC3) v1 PDS4 bundle, Cushing G.E., doi:10.17189/1519222, mars_cave_catalog.zip via https://astrogeology.usgs.gov/search/map/mars_global_cave_candidate_catalog_v1_cushing (file miscellaneous/Mars_Cave_Catalog_shapefile.csv, bundle README dated 2017-06-21)",priority=0; comment=tube skylight
mars,CC0788,-2.88922,235.97632,,,,,,,sky,Cushing2015_MGC3v1,"Mars Global Cave Candidate Catalog (MGC3) v1 PDS4 bundle, Cushing G.E., doi:10.17189/1519222, mars_cave_catalog.zip via https://astrogeology.usgs.gov/search/map/mars_global_cave_candidate_catalog_v1_cushing (file miscellaneous/Mars_Cave_Catalog_shapefile.csv, bundle README dated 2017-06-21)",priority=0; comment=tube skylight
mars,CC0789,-2.85663,235.99792,,,,,,,sky,Cushing2015_MGC3v1,"Mars Global Cave Candidate Catalog (MGC3) v1 PDS4 bundle, Cushing G.E., doi:10.17189/1519222, mars_cave_catalog.zip via https://astrogeology.usgs.gov/search/map/mars_global_cave_candidate_catalog_v1_cushing (file miscellaneous/Mars_Cave_Catalog_shapefile.csv, bundle README dated 2017-06-21)",priority=0; comment=tube skylight
mars,CC0790,-2.86755,235.96796,,,,,,,sky,Cushing2015_MGC3v1,"Mars Global Cave Candidate Catalog (MGC3) v1 PDS4 bundle, Cushing G.E., doi:10.17189/1519222, mars_cave_catalog.zip via https://astrogeology.usgs.gov/search/map/mars_global_cave_candidate_catalog_v1_cushing (file miscellaneous/Mars_Cave_Catalog_shapefile.csv, bundle README dated 2017-06-21)",priority=0; comment=tube skylight
mars,CC0791,-2.85175,235.96228,,,,,,,sky,Cushing2015_MGC3v1,"Mars Global Cave Candidate Catalog (MGC3) v1 PDS4 bundle, Cushing G.E., doi:10.17189/1519222, mars_cave_catalog.zip via https://astrogeology.usgs.gov/search/map/mars_global_cave_candidate_catalog_v1_cushing (file miscellaneous/Mars_Cave_Catalog_shapefile.csv, bundle README dated 2017-06-21)",priority=0; comment=tube skylight
mars,CC0792,-2.83087,235.94586,,,,,,,sky,Cushing2015_MGC3v1,"Mars Global Cave Candidate Catalog (MGC3) v1 PDS4 bundle, Cushing G.E., doi:10.17189/1519222, mars_cave_catalog.zip via https://astrogeology.usgs.gov/search/map/mars_global_cave_candidate_catalog_v1_cushing (file miscellaneous/Mars_Cave_Catalog_shapefile.csv, bundle README dated 2017-06-21)",priority=0; comment=tube skylight
mars,CC0793,-2.82233,235.93323,,,,,,,sky,Cushing2015_MGC3v1,"Mars Global Cave Candidate Catalog (MGC3) v1 PDS4 bundle, Cushing G.E., doi:10.17189/1519222, mars_cave_catalog.zip via https://astrogeology.usgs.gov/search/map/mars_global_cave_candidate_catalog_v1_cushing (file miscellaneous/Mars_Cave_Catalog_shapefile.csv, bundle README dated 2017-06-21)",priority=1; comment=tube skylight
mars,CC0794,-3.21838,236.17444,,,,,,,sky,Cushing2015_MGC3v1,"Mars Global Cave Candidate Catalog (MGC3) v1 PDS4 bundle, Cushing G.E., doi:10.17189/1519222, mars_cave_catalog.zip via https://astrogeology.usgs.gov/search/map/mars_global_cave_candidate_catalog_v1_cushing (file miscellaneous/Mars_Cave_Catalog_shapefile.csv, bundle README dated 2017-06-21)",priority=1; comment=tube skylight
mars,CC0795,-3.2041,236.16125,,,,,,,sky,Cushing2015_MGC3v1,"Mars Global Cave Candidate Catalog (MGC3) v1 PDS4 bundle, Cushing G.E., doi:10.17189/1519222, mars_cave_catalog.zip via https://astrogeology.usgs.gov/search/map/mars_global_cave_candidate_catalog_v1_cushing (file miscellaneous/Mars_Cave_Catalog_shapefile.csv, bundle README dated 2017-06-21)",priority=1; comment=tube skylight
mars,CC0796,-3.1969,236.15186,,,,,,,sky,Cushing2015_MGC3v1,"Mars Global Cave Candidate Catalog (MGC3) v1 PDS4 bundle, Cushing G.E., doi:10.17189/1519222, mars_cave_catalog.zip via https://astrogeology.usgs.gov/search/map/mars_global_cave_candidate_catalog_v1_cushing (file miscellaneous/Mars_Cave_Catalog_shapefile.csv, bundle README dated 2017-06-21)",priority=1; comment=tube skylight
mars,CC0797,-3.18884,236.14648,,,,,,,sky,Cushing2015_MGC3v1,"Mars Global Cave Candidate Catalog (MGC3) v1 PDS4 bundle, Cushing G.E., doi:10.17189/1519222, mars_cave_catalog.zip via https://astrogeology.usgs.gov/search/map/mars_global_cave_candidate_catalog_v1_cushing (file miscellaneous/Mars_Cave_Catalog_shapefile.csv, bundle README dated 2017-06-21)",priority=1; comment=tube skylight
mars,CC0798,-3.18738,236.14575,,,,,,,sky,Cushing2015_MGC3v1,"Mars Global Cave Candidate Catalog (MGC3) v1 PDS4 bundle, Cushing G.E., doi:10.17189/1519222, mars_cave_catalog.zip via https://astrogeology.usgs.gov/search/map/mars_global_cave_candidate_catalog_v1_cushing (file miscellaneous/Mars_Cave_Catalog_shapefile.csv, bundle README dated 2017-06-21)",priority=1; comment=tube skylight
mars,CC0799,-3.18506,236.14539,,,,,,,sky,Cushing2015_MGC3v1,"Mars Global Cave Candidate Catalog (MGC3) v1 PDS4 bundle, Cushing G.E., doi:10.17189/1519222, mars_cave_catalog.zip via https://astrogeology.usgs.gov/search/map/mars_global_cave_candidate_catalog_v1_cushing (file miscellaneous/Mars_Cave_Catalog_shapefile.csv, bundle README dated 2017-06-21)",priority=1; comment=tube skylight
mars,CC0800,-3.18359,236.14478,,,,,,,sky,Cushing2015_MGC3v1,"Mars Global Cave Candidate Catalog (MGC3) v1 PDS4 bundle, Cushing G.E., doi:10.17189/1519222, mars_cave_catalog.zip via https://astrogeology.usgs.gov/search/map/mars_global_cave_candidate_catalog_v1_cushing (file miscellaneous/Mars_Cave_Catalog_shapefile.csv, bundle README dated 2017-06-21)",priority=1; comment=tube skylight
mars,CC0801,-3.16638,236.13391,,,,,,,sky,Cushing2015_MGC3v1,"Mars Global Cave Candidate Catalog (MGC3) v1 PDS4 bundle, Cushing G.E., doi:10.17189/1519222, mars_cave_catalog.zip via https://astrogeology.usgs.gov/search/map/mars_global_cave_candidate_catalog_v1_cushing (file miscellaneous/Mars_Cave_Catalog_shapefile.csv, bundle README dated 2017-06-21)",priority=1; comment=tube skylight
mars,CC0802,-3.15637,236.12305,,,,,,,sky,Cushing2015_MGC3v1,"Mars Global Cave Candidate Catalog (MGC3) v1 PDS4 bundle, Cushing G.E., doi:10.17189/1519222, mars_cave_catalog.zip via https://astrogeology.usgs.gov/search/map/mars_global_cave_candidate_catalog_v1_cushing (file miscellaneous/Mars_Cave_Catalog_shapefile.csv, bundle README dated 2017-06-21)",priority=1; comment=tube skylight
mars,CC0803,28.40052,302.52914,,,,,,,crk,Cushing2015_MGC3v1,"Mars Global Cave Candidate Catalog (MGC3) v1 PDS4 bundle, Cushing G.E., doi:10.17189/1519222, mars_cave_catalog.zip via https://astrogeology.usgs.gov/search/map/mars_global_cave_candidate_catalog_v1_cushing (file miscellaneous/Mars_Cave_Catalog_shapefile.csv, bundle README dated 2017-06-21)",priority=0; comment=Kasei fracture in collapse pit floor
mars,CC0804,-11.74243,239.52036,,,,,,,sky,Cushing2015_MGC3v1,"Mars Global Cave Candidate Catalog (MGC3) v1 PDS4 bundle, Cushing G.E., doi:10.17189/1519222, mars_cave_catalog.zip via https://astrogeology.usgs.gov/search/map/mars_global_cave_candidate_catalog_v1_cushing (file miscellaneous/Mars_Cave_Catalog_shapefile.csv, bundle README dated 2017-06-21)",priority=0; comment=small 30m skylight in old pit chain
mars,CC0805,-11.34962,239.09831,,,,,,,sky,Cushing2015_MGC3v1,"Mars Global Cave Candidate Catalog (MGC3) v1 PDS4 bundle, Cushing G.E., doi:10.17189/1519222, mars_cave_catalog.zip via https://astrogeology.usgs.gov/search/map/mars_global_cave_candidate_catalog_v1_cushing (file miscellaneous/Mars_Cave_Catalog_shapefile.csv, bundle README dated 2017-06-21)",priority=0; comment=small skylight
mars,CC0806,-11.3175,239.10358,,,,,,,sky,Cushing2015_MGC3v1,"Mars Global Cave Candidate Catalog (MGC3) v1 PDS4 bundle, Cushing G.E., doi:10.17189/1519222, mars_cave_catalog.zip via https://astrogeology.usgs.gov/search/map/mars_global_cave_candidate_catalog_v1_cushing (file miscellaneous/Mars_Cave_Catalog_shapefile.csv, bundle README dated 2017-06-21)",priority=0; comment=small skylight
mars,CC0807,35.07336,257.54236,,,,,,,crk,Cushing2015_MGC3v1,"Mars Global Cave Candidate Catalog (MGC3) v1 PDS4 bundle, Cushing G.E., doi:10.17189/1519222, mars_cave_catalog.zip via https://astrogeology.usgs.gov/search/map/mars_global_cave_candidate_catalog_v1_cushing (file miscellaneous/Mars_Cave_Catalog_shapefile.csv, bundle README dated 2017-06-21)",priority=0; comment=Excellent fracture cave
mars,CC0808,23.84433,68.1136,,,,,,,kst,Cushing2015_MGC3v1,"Mars Global Cave Candidate Catalog (MGC3) v1 PDS4 bundle, Cushing G.E., doi:10.17189/1519222, mars_cave_catalog.zip via https://astrogeology.usgs.gov/search/map/mars_global_cave_candidate_catalog_v1_cushing (file miscellaneous/Mars_Cave_Catalog_shapefile.csv, bundle README dated 2017-06-21)",priority=0; comment=Karst in crater floor fill
mars,CC0809,85.05039,138.38155,,,,,,,pol,Cushing2015_MGC3v1,"Mars Global Cave Candidate Catalog (MGC3) v1 PDS4 bundle, Cushing G.E., doi:10.17189/1519222, mars_cave_catalog.zip via https://astrogeology.usgs.gov/search/map/mars_global_cave_candidate_catalog_v1_cushing (file miscellaneous/Mars_Cave_Catalog_shapefile.csv, bundle README dated 2017-06-21)",priority=0; comment=Candidate in polar pit
mars,CC0810,-6.60093,238.35927,,,,,,,rim,Cushing2015_MGC3v1,"Mars Global Cave Candidate Catalog (MGC3) v1 PDS4 bundle, Cushing G.E., doi:10.17189/1519222, mars_cave_catalog.zip via https://astrogeology.usgs.gov/search/map/mars_global_cave_candidate_catalog_v1_cushing (file miscellaneous/Mars_Cave_Catalog_shapefile.csv, bundle README dated 2017-06-21)",priority=3; comment=Crater rim candidate on Arsia flank
mars,CC0811,-6.27506,238.12891,,,,,,,sky,Cushing2015_MGC3v1,"Mars Global Cave Candidate Catalog (MGC3) v1 PDS4 bundle, Cushing G.E., doi:10.17189/1519222, mars_cave_catalog.zip via https://astrogeology.usgs.gov/search/map/mars_global_cave_candidate_catalog_v1_cushing (file miscellaneous/Mars_Cave_Catalog_shapefile.csv, bundle README dated 2017-06-21)",priority=3; comment=skylight
mars,CC0812,-6.30591,238.1584,,,,,,,pin,Cushing2015_MGC3v1,"Mars Global Cave Candidate Catalog (MGC3) v1 PDS4 bundle, Cushing G.E., doi:10.17189/1519222, mars_cave_catalog.zip via https://astrogeology.usgs.gov/search/map/mars_global_cave_candidate_catalog_v1_cushing (file miscellaneous/Mars_Cave_Catalog_shapefile.csv, bundle README dated 2017-06-21)",priority=3; comment=pinhole
mars,CC0813,-6.28731,238.14352,,,,,,,pit,Cushing2015_MGC3v1,"Mars Global Cave Candidate Catalog (MGC3) v1 PDS4 bundle, Cushing G.E., doi:10.17189/1519222, mars_cave_catalog.zip via https://astrogeology.usgs.gov/search/map/mars_global_cave_candidate_catalog_v1_cushing (file miscellaneous/Mars_Cave_Catalog_shapefile.csv, bundle README dated 2017-06-21)",priority=3; comment=pit
mars,CC0814,-6.34703,238.21851,,,,,,,pit,Cushing2015_MGC3v1,"Mars Global Cave Candidate Catalog (MGC3) v1 PDS4 bundle, Cushing G.E., doi:10.17189/1519222, mars_cave_catalog.zip via https://astrogeology.usgs.gov/search/map/mars_global_cave_candidate_catalog_v1_cushing (file miscellaneous/Mars_Cave_Catalog_shapefile.csv, bundle README dated 2017-06-21)",priority=3; comment=pit
mars,CC0815,-6.40833,238.2038,,,,,,,pit,Cushing2015_MGC3v1,"Mars Global Cave Candidate Catalog (MGC3) v1 PDS4 bundle, Cushing G.E., doi:10.17189/1519222, mars_cave_catalog.zip via https://astrogeology.usgs.gov/search/map/mars_global_cave_candidate_catalog_v1_cushing (file miscellaneous/Mars_Cave_Catalog_shapefile.csv, bundle README dated 2017-06-21)",priority=2; comment=pit
mars,CC0816,85.04821,138.42253,,,,,,,pol,Cushing2015_MGC3v1,"Mars Global Cave Candidate Catalog (MGC3) v1 PDS4 bundle, Cushing G.E., doi:10.17189/1519222, mars_cave_catalog.zip via https://astrogeology.usgs.gov/search/map/mars_global_cave_candidate_catalog_v1_cushing (file miscellaneous/Mars_Cave_Catalog_shapefile.csv, bundle README dated 2017-06-21)",priority=0; comment=Fracture candidate near polar pit
mars,CC0817,-10.80859,239.28999,,,,,,,srp,Cushing2015_MGC3v1,"Mars Global Cave Candidate Catalog (MGC3) v1 PDS4 bundle, Cushing G.E., doi:10.17189/1519222, mars_cave_catalog.zip via https://astrogeology.usgs.gov/search/map/mars_global_cave_candidate_catalog_v1_cushing (file miscellaneous/Mars_Cave_Catalog_shapefile.csv, bundle README dated 2017-06-21)",priority=0; comment=Small rimless pit
mars,CC0818,-10.50217,239.36583,,,,,,,srp,Cushing2015_MGC3v1,"Mars Global Cave Candidate Catalog (MGC3) v1 PDS4 bundle, Cushing G.E., doi:10.17189/1519222, mars_cave_catalog.zip via https://astrogeology.usgs.gov/search/map/mars_global_cave_candidate_catalog_v1_cushing (file miscellaneous/Mars_Cave_Catalog_shapefile.csv, bundle README dated 2017-06-21)",priority=3; comment=small rimless pit near Arsia rim
mars,CC0819,84.40593,135.30428,,,,,,,pol,Cushing2015_MGC3v1,"Mars Global Cave Candidate Catalog (MGC3) v1 PDS4 bundle, Cushing G.E., doi:10.17189/1519222, mars_cave_catalog.zip via https://astrogeology.usgs.gov/search/map/mars_global_cave_candidate_catalog_v1_cushing (file miscellaneous/Mars_Cave_Catalog_shapefile.csv, bundle README dated 2017-06-21)",priority=0; comment=Long chain of polar pits
mars,CC0820,84.40979,134.9599,,,,,,,pol,Cushing2015_MGC3v1,"Mars Global Cave Candidate Catalog (MGC3) v1 PDS4 bundle, Cushing G.E., doi:10.17189/1519222, mars_cave_catalog.zip via https://astrogeology.usgs.gov/search/map/mars_global_cave_candidate_catalog_v1_cushing (file miscellaneous/Mars_Cave_Catalog_shapefile.csv, bundle README dated 2017-06-21)",priority=0; comment=Long chain of polar pits
mars,CC0821,84.42443,134.45097,,,,,,,pol,Cushing2015_MGC3v1,"Mars Global Cave Candidate Catalog (MGC3) v1 PDS4 bundle, Cushing G.E., doi:10.17189/1519222, mars_cave_catalog.zip via https://astrogeology.usgs.gov/search/map/mars_global_cave_candidate_catalog_v1_cushing (file miscellaneous/Mars_Cave_Catalog_shapefile.csv, bundle README dated 2017-06-21)",priority=0; comment=Long chain of polar pits
mars,CC0822,30.78402,296.69583,,,,,,,pit,Cushing2015_MGC3v1,"Mars Global Cave Candidate Catalog (MGC3) v1 PDS4 bundle, Cushing G.E., doi:10.17189/1519222, mars_cave_catalog.zip via https://astrogeology.usgs.gov/search/map/mars_global_cave_candidate_catalog_v1_cushing (file miscellaneous/Mars_Cave_Catalog_shapefile.csv, bundle README dated 2017-06-21)",priority=3; comment=Kasei small vent candidate
mars,CC0823,33.81435,239.32027,,,,,,,crk,Cushing2015_MGC3v1,"Mars Global Cave Candidate Catalog (MGC3) v1 PDS4 bundle, Cushing G.E., doi:10.17189/1519222, mars_cave_catalog.zip via https://astrogeology.usgs.gov/search/map/mars_global_cave_candidate_catalog_v1_cushing (file miscellaneous/Mars_Cave_Catalog_shapefile.csv, bundle README dated 2017-06-21)",priority=0; comment=Small fracture caved near large collapse pits
mars,CC0824,33.76903,239.26244,,,,,,,crk,Cushing2015_MGC3v1,"Mars Global Cave Candidate Catalog (MGC3) v1 PDS4 bundle, Cushing G.E., doi:10.17189/1519222, mars_cave_catalog.zip via https://astrogeology.usgs.gov/search/map/mars_global_cave_candidate_catalog_v1_cushing (file miscellaneous/Mars_Cave_Catalog_shapefile.csv, bundle README dated 2017-06-21)",priority=0; comment=Small fracture caved near large collapse pits
mars,CC0825,34.52517,239.01154,,,,,,,crk,Cushing2015_MGC3v1,"Mars Global Cave Candidate Catalog (MGC3) v1 PDS4 bundle, Cushing G.E., doi:10.17189/1519222, mars_cave_catalog.zip via https://astrogeology.usgs.gov/search/map/mars_global_cave_candidate_catalog_v1_cushing (file miscellaneous/Mars_Cave_Catalog_shapefile.csv, bundle README dated 2017-06-21)",priority=0; comment=Small fracture caved near large collapse pits
mars,CC0826,34.42044,239.06496,,,,,,,crk,Cushing2015_MGC3v1,"Mars Global Cave Candidate Catalog (MGC3) v1 PDS4 bundle, Cushing G.E., doi:10.17189/1519222, mars_cave_catalog.zip via https://astrogeology.usgs.gov/search/map/mars_global_cave_candidate_catalog_v1_cushing (file miscellaneous/Mars_Cave_Catalog_shapefile.csv, bundle README dated 2017-06-21)",priority=0; comment=Small fracture caved near large collapse pits
mars,CC0827,34.3965,239.07379,,,,,,,crk,Cushing2015_MGC3v1,"Mars Global Cave Candidate Catalog (MGC3) v1 PDS4 bundle, Cushing G.E., doi:10.17189/1519222, mars_cave_catalog.zip via https://astrogeology.usgs.gov/search/map/mars_global_cave_candidate_catalog_v1_cushing (file miscellaneous/Mars_Cave_Catalog_shapefile.csv, bundle README dated 2017-06-21)",priority=0; comment=Small fracture caved near large collapse pits
mars,CC0828,36.08857,241.70769,,,,,,,crk,Cushing2015_MGC3v1,"Mars Global Cave Candidate Catalog (MGC3) v1 PDS4 bundle, Cushing G.E., doi:10.17189/1519222, mars_cave_catalog.zip via https://astrogeology.usgs.gov/search/map/mars_global_cave_candidate_catalog_v1_cushing (file miscellaneous/Mars_Cave_Catalog_shapefile.csv, bundle README dated 2017-06-21)",priority=0; comment=Small fracture caved near large collapse pits
mars,CC0829,35.24773,240.00381,,,,,,,crk,Cushing2015_MGC3v1,"Mars Global Cave Candidate Catalog (MGC3) v1 PDS4 bundle, Cushing G.E., doi:10.17189/1519222, mars_cave_catalog.zip via https://astrogeology.usgs.gov/search/map/mars_global_cave_candidate_catalog_v1_cushing (file miscellaneous/Mars_Cave_Catalog_shapefile.csv, bundle README dated 2017-06-21)",priority=0; comment=Small fracture caved near large collapse pits
mars,CC0830,44.16867,25.68934,,,,,,,kst,Cushing2015_MGC3v1,"Mars Global Cave Candidate Catalog (MGC3) v1 PDS4 bundle, Cushing G.E., doi:10.17189/1519222, mars_cave_catalog.zip via https://astrogeology.usgs.gov/search/map/mars_global_cave_candidate_catalog_v1_cushing (file miscellaneous/Mars_Cave_Catalog_shapefile.csv, bundle README dated 2017-06-21)",priority=0; comment=Deuteronilus karst region
mars,CC0831,33.23537,253.56294,,,,,,,crk,Cushing2015_MGC3v1,"Mars Global Cave Candidate Catalog (MGC3) v1 PDS4 bundle, Cushing G.E., doi:10.17189/1519222, mars_cave_catalog.zip via https://astrogeology.usgs.gov/search/map/mars_global_cave_candidate_catalog_v1_cushing (file miscellaneous/Mars_Cave_Catalog_shapefile.csv, bundle README dated 2017-06-21)",priority=0; comment=Small Ceraunius fracture pit
mars,CC0832,11.40808,155.00775,,,,,,,lat,Cushing2015_MGC3v1,"Mars Global Cave Candidate Catalog (MGC3) v1 PDS4 bundle, Cushing G.E., doi:10.17189/1519222, mars_cave_catalog.zip via https://astrogeology.usgs.gov/search/map/mars_global_cave_candidate_catalog_v1_cushing (file miscellaneous/Mars_Cave_Catalog_shapefile.csv, bundle README dated 2017-06-21)",priority=0; comment=Lateral fracture candidate in Cerberus Fossae
mars,CC0833,38.91819,2.05639,,,,,,,crk,Cushing2015_MGC3v1,"Mars Global Cave Candidate Catalog (MGC3) v1 PDS4 bundle, Cushing G.E., doi:10.17189/1519222, mars_cave_catalog.zip via https://astrogeology.usgs.gov/search/map/mars_global_cave_candidate_catalog_v1_cushing (file miscellaneous/Mars_Cave_Catalog_shapefile.csv, bundle README dated 2017-06-21)",priority=0; comment=Dark fractures in Arabia Terra crater
mars,CC0834,38.91393,2.06912,,,,,,,crk,Cushing2015_MGC3v1,"Mars Global Cave Candidate Catalog (MGC3) v1 PDS4 bundle, Cushing G.E., doi:10.17189/1519222, mars_cave_catalog.zip via https://astrogeology.usgs.gov/search/map/mars_global_cave_candidate_catalog_v1_cushing (file miscellaneous/Mars_Cave_Catalog_shapefile.csv, bundle README dated 2017-06-21)",priority=0; comment=Dark fractures in Arabia Terra crater
mars,CC0835,38.84796,2.00226,,,,,,,crk,Cushing2015_MGC3v1,"Mars Global Cave Candidate Catalog (MGC3) v1 PDS4 bundle, Cushing G.E., doi:10.17189/1519222, mars_cave_catalog.zip via https://astrogeology.usgs.gov/search/map/mars_global_cave_candidate_catalog_v1_cushing (file miscellaneous/Mars_Cave_Catalog_shapefile.csv, bundle README dated 2017-06-21)",priority=0; comment=Dark fractures in Arabia Terra crater
mars,CC0836,38.84662,2.00207,,,,,,,crk,Cushing2015_MGC3v1,"Mars Global Cave Candidate Catalog (MGC3) v1 PDS4 bundle, Cushing G.E., doi:10.17189/1519222, mars_cave_catalog.zip via https://astrogeology.usgs.gov/search/map/mars_global_cave_candidate_catalog_v1_cushing (file miscellaneous/Mars_Cave_Catalog_shapefile.csv, bundle README dated 2017-06-21)",priority=0; comment=Dark fractures in Arabia Terra crater
mars,CC0837,38.83753,2.00557,,,,,,,crk,Cushing2015_MGC3v1,"Mars Global Cave Candidate Catalog (MGC3) v1 PDS4 bundle, Cushing G.E., doi:10.17189/1519222, mars_cave_catalog.zip via https://astrogeology.usgs.gov/search/map/mars_global_cave_candidate_catalog_v1_cushing (file miscellaneous/Mars_Cave_Catalog_shapefile.csv, bundle README dated 2017-06-21)",priority=0; comment=Dark fractures in Arabia Terra crater
mars,CC0838,38.83727,2.00603,,,,,,,crk,Cushing2015_MGC3v1,"Mars Global Cave Candidate Catalog (MGC3) v1 PDS4 bundle, Cushing G.E., doi:10.17189/1519222, mars_cave_catalog.zip via https://astrogeology.usgs.gov/search/map/mars_global_cave_candidate_catalog_v1_cushing (file miscellaneous/Mars_Cave_Catalog_shapefile.csv, bundle README dated 2017-06-21)",priority=0; comment=Dark fractures in Arabia Terra crater
mars,CC0839,38.78035,2.04886,,,,,,,crk,Cushing2015_MGC3v1,"Mars Global Cave Candidate Catalog (MGC3) v1 PDS4 bundle, Cushing G.E., doi:10.17189/1519222, mars_cave_catalog.zip via https://astrogeology.usgs.gov/search/map/mars_global_cave_candidate_catalog_v1_cushing (file miscellaneous/Mars_Cave_Catalog_shapefile.csv, bundle README dated 2017-06-21)",priority=0; comment=Dark fractures in Arabia Terra crater
mars,CC0840,38.78108,2.04904,,,,,,,crk,Cushing2015_MGC3v1,"Mars Global Cave Candidate Catalog (MGC3) v1 PDS4 bundle, Cushing G.E., doi:10.17189/1519222, mars_cave_catalog.zip via https://astrogeology.usgs.gov/search/map/mars_global_cave_candidate_catalog_v1_cushing (file miscellaneous/Mars_Cave_Catalog_shapefile.csv, bundle README dated 2017-06-21)",priority=0; comment=Dark fractures in Arabia Terra crater
mars,CC0841,38.78135,2.04717,,,,,,,crk,Cushing2015_MGC3v1,"Mars Global Cave Candidate Catalog (MGC3) v1 PDS4 bundle, Cushing G.E., doi:10.17189/1519222, mars_cave_catalog.zip via https://astrogeology.usgs.gov/search/map/mars_global_cave_candidate_catalog_v1_cushing (file miscellaneous/Mars_Cave_Catalog_shapefile.csv, bundle README dated 2017-06-21)",priority=0; comment=Dark fractures in Arabia Terra crater
mars,CC0842,38.77901,2.04866,,,,,,,crk,Cushing2015_MGC3v1,"Mars Global Cave Candidate Catalog (MGC3) v1 PDS4 bundle, Cushing G.E., doi:10.17189/1519222, mars_cave_catalog.zip via https://astrogeology.usgs.gov/search/map/mars_global_cave_candidate_catalog_v1_cushing (file miscellaneous/Mars_Cave_Catalog_shapefile.csv, bundle README dated 2017-06-21)",priority=0; comment=Dark fractures in Arabia Terra crater
mars,CC0843,23.26966,249.4994,,,,,,,lat,Cushing2015_MGC3v1,"Mars Global Cave Candidate Catalog (MGC3) v1 PDS4 bundle, Cushing G.E., doi:10.17189/1519222, mars_cave_catalog.zip via https://astrogeology.usgs.gov/search/map/mars_global_cave_candidate_catalog_v1_cushing (file miscellaneous/Mars_Cave_Catalog_shapefile.csv, bundle README dated 2017-06-21)",priority=0; comment=Pit wall lateral candidate near Olympica Fossae
mars,CC0844,23.26611,249.49809,,,,,,,lat,Cushing2015_MGC3v1,"Mars Global Cave Candidate Catalog (MGC3) v1 PDS4 bundle, Cushing G.E., doi:10.17189/1519222, mars_cave_catalog.zip via https://astrogeology.usgs.gov/search/map/mars_global_cave_candidate_catalog_v1_cushing (file miscellaneous/Mars_Cave_Catalog_shapefile.csv, bundle README dated 2017-06-21)",priority=0; comment=Pit wall lateral candidate near Olympica Fossae
mars,CC0845,34.05775,253.05785,,,,,,,pit,Cushing2015_MGC3v1,"Mars Global Cave Candidate Catalog (MGC3) v1 PDS4 bundle, Cushing G.E., doi:10.17189/1519222, mars_cave_catalog.zip via https://astrogeology.usgs.gov/search/map/mars_global_cave_candidate_catalog_v1_cushing (file miscellaneous/Mars_Cave_Catalog_shapefile.csv, bundle README dated 2017-06-21)",priority=0; comment=Ceraunius Fossae small candidate - 5 m
mars,CC0846,28.02429,250.8204,,,,,,,lat,Cushing2015_MGC3v1,"Mars Global Cave Candidate Catalog (MGC3) v1 PDS4 bundle, Cushing G.E., doi:10.17189/1519222, mars_cave_catalog.zip via https://astrogeology.usgs.gov/search/map/mars_global_cave_candidate_catalog_v1_cushing (file miscellaneous/Mars_Cave_Catalog_shapefile.csv, bundle README dated 2017-06-21)",priority=0; comment=Pit wall candidate in Ceraunius Fossae -see stretch
mars,CC0847,28.02674,250.81891,,,,,,,lat,Cushing2015_MGC3v1,"Mars Global Cave Candidate Catalog (MGC3) v1 PDS4 bundle, Cushing G.E., doi:10.17189/1519222, mars_cave_catalog.zip via https://astrogeology.usgs.gov/search/map/mars_global_cave_candidate_catalog_v1_cushing (file miscellaneous/Mars_Cave_Catalog_shapefile.csv, bundle README dated 2017-06-21)",priority=0; comment=Pit wall candidate in Ceraunius Fossae -see stretch
mars,CC0848,2.19145,179.20795,,,,,,,crk,Cushing2015_MGC3v1,"Mars Global Cave Candidate Catalog (MGC3) v1 PDS4 bundle, Cushing G.E., doi:10.17189/1519222, mars_cave_catalog.zip via https://astrogeology.usgs.gov/search/map/mars_global_cave_candidate_catalog_v1_cushing (file miscellaneous/Mars_Cave_Catalog_shapefile.csv, bundle README dated 2017-06-21)",priority=0; comment=Eastern Elysium cliff undercuts - see stretch
mars,CC0849,2.21387,179.2074,,,,,,,crk,Cushing2015_MGC3v1,"Mars Global Cave Candidate Catalog (MGC3) v1 PDS4 bundle, Cushing G.E., doi:10.17189/1519222, mars_cave_catalog.zip via https://astrogeology.usgs.gov/search/map/mars_global_cave_candidate_catalog_v1_cushing (file miscellaneous/Mars_Cave_Catalog_shapefile.csv, bundle README dated 2017-06-21)",priority=0; comment=Eastern Elysium cliff undercuts - see stretch
mars,CC0850,2.20722,179.20926,,,,,,,crk,Cushing2015_MGC3v1,"Mars Global Cave Candidate Catalog (MGC3) v1 PDS4 bundle, Cushing G.E., doi:10.17189/1519222, mars_cave_catalog.zip via https://astrogeology.usgs.gov/search/map/mars_global_cave_candidate_catalog_v1_cushing (file miscellaneous/Mars_Cave_Catalog_shapefile.csv, bundle README dated 2017-06-21)",priority=0; comment=Eastern Elysium cliff undercuts - see stretch
mars,CC0851,44.18225,25.81018,,,,,,,kst,Cushing2015_MGC3v1,"Mars Global Cave Candidate Catalog (MGC3) v1 PDS4 bundle, Cushing G.E., doi:10.17189/1519222, mars_cave_catalog.zip via https://astrogeology.usgs.gov/search/map/mars_global_cave_candidate_catalog_v1_cushing (file miscellaneous/Mars_Cave_Catalog_shapefile.csv, bundle README dated 2017-06-21)",priority=0; comment=Deuteronilus karst region
mars,CC0852,44.06839,25.80215,,,,,,,kst,Cushing2015_MGC3v1,"Mars Global Cave Candidate Catalog (MGC3) v1 PDS4 bundle, Cushing G.E., doi:10.17189/1519222, mars_cave_catalog.zip via https://astrogeology.usgs.gov/search/map/mars_global_cave_candidate_catalog_v1_cushing (file miscellaneous/Mars_Cave_Catalog_shapefile.csv, bundle README dated 2017-06-21)",priority=0; comment=Deuteronilus karst region
mars,CC0853,44.06598,25.79002,,,,,,,kst,Cushing2015_MGC3v1,"Mars Global Cave Candidate Catalog (MGC3) v1 PDS4 bundle, Cushing G.E., doi:10.17189/1519222, mars_cave_catalog.zip via https://astrogeology.usgs.gov/search/map/mars_global_cave_candidate_catalog_v1_cushing (file miscellaneous/Mars_Cave_Catalog_shapefile.csv, bundle README dated 2017-06-21)",priority=0; comment=Deuteronilus karst region
mars,CC0854,44.15863,25.80547,,,,,,,kst,Cushing2015_MGC3v1,"Mars Global Cave Candidate Catalog (MGC3) v1 PDS4 bundle, Cushing G.E., doi:10.17189/1519222, mars_cave_catalog.zip via https://astrogeology.usgs.gov/search/map/mars_global_cave_candidate_catalog_v1_cushing (file miscellaneous/Mars_Cave_Catalog_shapefile.csv, bundle README dated 2017-06-21)",priority=0; comment=Deuteronilus karst region
mars,CC0855,44.16736,25.80423,,,,,,,kst,Cushing2015_MGC3v1,"Mars Global Cave Candidate Catalog (MGC3) v1 PDS4 bundle, Cushing G.E., doi:10.17189/1519222, mars_cave_catalog.zip via https://astrogeology.usgs.gov/search/map/mars_global_cave_candidate_catalog_v1_cushing (file miscellaneous/Mars_Cave_Catalog_shapefile.csv, bundle README dated 2017-06-21)",priority=0; comment=Deuteronilus karst region
mars,CC0856,15.19167,280.11414,,,,,,,flr,Cushing2015_MGC3v1,"Mars Global Cave Candidate Catalog (MGC3) v1 PDS4 bundle, Cushing G.E., doi:10.17189/1519222, mars_cave_catalog.zip via https://astrogeology.usgs.gov/search/map/mars_global_cave_candidate_catalog_v1_cushing (file miscellaneous/Mars_Cave_Catalog_shapefile.csv, bundle README dated 2017-06-21)",priority=1; comment=Excellent fracture pit at edge of channel floor
mars,CC0857,14.71704,231.23437,,,,,,,end,Cushing2015_MGC3v1,"Mars Global Cave Candidate Catalog (MGC3) v1 PDS4 bundle, Cushing G.E., doi:10.17189/1519222, mars_cave_catalog.zip via https://astrogeology.usgs.gov/search/map/mars_global_cave_candidate_catalog_v1_cushing (file miscellaneous/Mars_Cave_Catalog_shapefile.csv, bundle README dated 2017-06-21)",priority=3; comment=End of trough overhang
mars,CC0858,14.71167,231.27686,,,,,,,end,Cushing2015_MGC3v1,"Mars Global Cave Candidate Catalog (MGC3) v1 PDS4 bundle, Cushing G.E., doi:10.17189/1519222, mars_cave_catalog.zip via https://astrogeology.usgs.gov/search/map/mars_global_cave_candidate_catalog_v1_cushing (file miscellaneous/Mars_Cave_Catalog_shapefile.csv, bundle README dated 2017-06-21)",priority=3; comment=End of trough overhang
mars,CC0859,14.66089,231.46631,,,,,,,lat,Cushing2015_MGC3v1,"Mars Global Cave Candidate Catalog (MGC3) v1 PDS4 bundle, Cushing G.E., doi:10.17189/1519222, mars_cave_catalog.zip via https://astrogeology.usgs.gov/search/map/mars_global_cave_candidate_catalog_v1_cushing (file miscellaneous/Mars_Cave_Catalog_shapefile.csv, bundle README dated 2017-06-21)",priority=3; comment=Trough channel intersect
mars,CC0860,46.41468,240.41309,,,,,,,lat,Cushing2015_MGC3v1,"Mars Global Cave Candidate Catalog (MGC3) v1 PDS4 bundle, Cushing G.E., doi:10.17189/1519222, mars_cave_catalog.zip via https://astrogeology.usgs.gov/search/map/mars_global_cave_candidate_catalog_v1_cushing (file miscellaneous/Mars_Cave_Catalog_shapefile.csv, bundle README dated 2017-06-21)",priority=0; comment=small channel wall lateral 6m
mars,CC0861,46.41562,240.41333,,,,,,,lat,Cushing2015_MGC3v1,"Mars Global Cave Candidate Catalog (MGC3) v1 PDS4 bundle, Cushing G.E., doi:10.17189/1519222, mars_cave_catalog.zip via https://astrogeology.usgs.gov/search/map/mars_global_cave_candidate_catalog_v1_cushing (file miscellaneous/Mars_Cave_Catalog_shapefile.csv, bundle README dated 2017-06-21)",priority=0; comment=small channel wall lateral 3m
mars,CC0862,38.1994,289.37958,,,,,,,rim,Cushing2015_MGC3v1,"Mars Global Cave Candidate Catalog (MGC3) v1 PDS4 bundle, Cushing G.E., doi:10.17189/1519222, mars_cave_catalog.zip via https://astrogeology.usgs.gov/search/map/mars_global_cave_candidate_catalog_v1_cushing (file miscellaneous/Mars_Cave_Catalog_shapefile.csv, bundle README dated 2017-06-21)",priority=0; comment=Good fracture edge collapse candidate
mars,CC0863,38.19513,289.34186,,,,,,,pit,Cushing2015_MGC3v1,"Mars Global Cave Candidate Catalog (MGC3) v1 PDS4 bundle, Cushing G.E., doi:10.17189/1519222, mars_cave_catalog.zip via https://astrogeology.usgs.gov/search/map/mars_global_cave_candidate_catalog_v1_cushing (file miscellaneous/Mars_Cave_Catalog_shapefile.csv, bundle README dated 2017-06-21)",priority=0; comment=Deep dark small pit
mars,CC0864,38.11223,289.41986,,,,,,,rim,Cushing2015_MGC3v1,"Mars Global Cave Candidate Catalog (MGC3) v1 PDS4 bundle, Cushing G.E., doi:10.17189/1519222, mars_cave_catalog.zip via https://astrogeology.usgs.gov/search/map/mars_global_cave_candidate_catalog_v1_cushing (file miscellaneous/Mars_Cave_Catalog_shapefile.csv, bundle README dated 2017-06-21)",priority=0; comment=Excellent fracture edge collapse candidate
mars,CC0865,38.11926,289.31412,,,,,,,pit,Cushing2015_MGC3v1,"Mars Global Cave Candidate Catalog (MGC3) v1 PDS4 bundle, Cushing G.E., doi:10.17189/1519222, mars_cave_catalog.zip via https://astrogeology.usgs.gov/search/map/mars_global_cave_candidate_catalog_v1_cushing (file miscellaneous/Mars_Cave_Catalog_shapefile.csv, bundle README dated 2017-06-21)",priority=0; comment=Deep dark small pit
mars,CC0866,38.13011,289.31216,,,,,,,crk,Cushing2015_MGC3v1,"Mars Global Cave Candidate Catalog (MGC3) v1 PDS4 bundle, Cushing G.E., doi:10.17189/1519222, mars_cave_catalog.zip via https://astrogeology.usgs.gov/search/map/mars_global_cave_candidate_catalog_v1_cushing (file miscellaneous/Mars_Cave_Catalog_shapefile.csv, bundle README dated 2017-06-21)","priority=0; comment=Deep dark  small crack, see stretch"
mars,CC0867,38.09998,289.31586,,,,,,,flr,Cushing2015_MGC3v1,"Mars Global Cave Candidate Catalog (MGC3) v1 PDS4 bundle, Cushing G.E., doi:10.17189/1519222, mars_cave_catalog.zip via https://astrogeology.usgs.gov/search/map/mars_global_cave_candidate_catalog_v1_cushing (file miscellaneous/Mars_Cave_Catalog_shapefile.csv, bundle README dated 2017-06-21)",priority=0; comment=Pit in pit floor with overhang
mars,CC0868,37.94659,289.41699,,,,,,,flr,Cushing2015_MGC3v1,"Mars Global Cave Candidate Catalog (MGC3) v1 PDS4 bundle, Cushing G.E., doi:10.17189/1519222, mars_cave_catalog.zip via https://astrogeology.usgs.gov/search/map/mars_global_cave_candidate_catalog_v1_cushing (file miscellaneous/Mars_Cave_Catalog_shapefile.csv, bundle README dated 2017-06-21)",priority=0; comment=Small channel floor candidate
mars,CC0869,38.24622,289.31451,,,,,,,pit,Cushing2015_MGC3v1,"Mars Global Cave Candidate Catalog (MGC3) v1 PDS4 bundle, Cushing G.E., doi:10.17189/1519222, mars_cave_catalog.zip via https://astrogeology.usgs.gov/search/map/mars_global_cave_candidate_catalog_v1_cushing (file miscellaneous/Mars_Cave_Catalog_shapefile.csv, bundle README dated 2017-06-21)",priority=0; comment=Interesting pit - almost looks excavated
mars,CC0870,24.48309,188.13367,,,,,,,irr,Cushing2015_MGC3v1,"Mars Global Cave Candidate Catalog (MGC3) v1 PDS4 bundle, Cushing G.E., doi:10.17189/1519222, mars_cave_catalog.zip via https://astrogeology.usgs.gov/search/map/mars_global_cave_candidate_catalog_v1_cushing (file miscellaneous/Mars_Cave_Catalog_shapefile.csv, bundle README dated 2017-06-21)",priority=0; comment=Tartaru s Colles natural bridge
mars,CC0871,8.53809,164.20905,,,,,,,crk,Cushing2015_MGC3v1,"Mars Global Cave Candidate Catalog (MGC3) v1 PDS4 bundle, Cushing G.E., doi:10.17189/1519222, mars_cave_catalog.zip via https://astrogeology.usgs.gov/search/map/mars_global_cave_candidate_catalog_v1_cushing (file miscellaneous/Mars_Cave_Catalog_shapefile.csv, bundle README dated 2017-06-21)",priority=0; comment=Cerberus fissure fracture
mars,CC0872,8.54608,164.20056,,,,,,,crk,Cushing2015_MGC3v1,"Mars Global Cave Candidate Catalog (MGC3) v1 PDS4 bundle, Cushing G.E., doi:10.17189/1519222, mars_cave_catalog.zip via https://astrogeology.usgs.gov/search/map/mars_global_cave_candidate_catalog_v1_cushing (file miscellaneous/Mars_Cave_Catalog_shapefile.csv, bundle README dated 2017-06-21)",priority=0; comment=Cerberus fissure fracture
mars,CC0873,8.5459,164.19788,,,,,,,crk,Cushing2015_MGC3v1,"Mars Global Cave Candidate Catalog (MGC3) v1 PDS4 bundle, Cushing G.E., doi:10.17189/1519222, mars_cave_catalog.zip via https://astrogeology.usgs.gov/search/map/mars_global_cave_candidate_catalog_v1_cushing (file miscellaneous/Mars_Cave_Catalog_shapefile.csv, bundle README dated 2017-06-21)",priority=0; comment=Cerberus fissure fracture
mars,CC0874,8.54462,164.18188,,,,,,,crk,Cushing2015_MGC3v1,"Mars Global Cave Candidate Catalog (MGC3) v1 PDS4 bundle, Cushing G.E., doi:10.17189/1519222, mars_cave_catalog.zip via https://astrogeology.usgs.gov/search/map/mars_global_cave_candidate_catalog_v1_cushing (file miscellaneous/Mars_Cave_Catalog_shapefile.csv, bundle README dated 2017-06-21)",priority=0; comment=Cerberus fissure fracture
mars,CC0875,8.51968,164.13336,,,,,,,crk,Cushing2015_MGC3v1,"Mars Global Cave Candidate Catalog (MGC3) v1 PDS4 bundle, Cushing G.E., doi:10.17189/1519222, mars_cave_catalog.zip via https://astrogeology.usgs.gov/search/map/mars_global_cave_candidate_catalog_v1_cushing (file miscellaneous/Mars_Cave_Catalog_shapefile.csv, bundle README dated 2017-06-21)",priority=0; comment=Cerberus fissure fracture
mars,CC0876,8.50168,164.14728,,,,,,,crk,Cushing2015_MGC3v1,"Mars Global Cave Candidate Catalog (MGC3) v1 PDS4 bundle, Cushing G.E., doi:10.17189/1519222, mars_cave_catalog.zip via https://astrogeology.usgs.gov/search/map/mars_global_cave_candidate_catalog_v1_cushing (file miscellaneous/Mars_Cave_Catalog_shapefile.csv, bundle README dated 2017-06-21)",priority=0; comment=Cerberus fissure fracture
mars,CC0877,8.50073,164.14636,,,,,,,crk,Cushing2015_MGC3v1,"Mars Global Cave Candidate Catalog (MGC3) v1 PDS4 bundle, Cushing G.E., doi:10.17189/1519222, mars_cave_catalog.zip via https://astrogeology.usgs.gov/search/map/mars_global_cave_candidate_catalog_v1_cushing (file miscellaneous/Mars_Cave_Catalog_shapefile.csv, bundle README dated 2017-06-21)",priority=0; comment=Cerberus fissure fracture
mars,CC0878,8.49454,164.15131,,,,,,,crk,Cushing2015_MGC3v1,"Mars Global Cave Candidate Catalog (MGC3) v1 PDS4 bundle, Cushing G.E., doi:10.17189/1519222, mars_cave_catalog.zip via https://astrogeology.usgs.gov/search/map/mars_global_cave_candidate_catalog_v1_cushing (file miscellaneous/Mars_Cave_Catalog_shapefile.csv, bundle README dated 2017-06-21)",priority=0; comment=Cerberus fissure fracture
mars,CC0879,8.49268,164.15387,,,,,,,crk,Cushing2015_MGC3v1,"Mars Global Cave Candidate Catalog (MGC3) v1 PDS4 bundle, Cushing G.E., doi:10.17189/1519222, mars_cave_catalog.zip via https://astrogeology.usgs.gov/search/map/mars_global_cave_candidate_catalog_v1_cushing (file miscellaneous/Mars_Cave_Catalog_shapefile.csv, bundle README dated 2017-06-21)",priority=0; comment=Cerberus fissure fracture
mars,CC0880,8.48889,164.15811,,,,,,,crk,Cushing2015_MGC3v1,"Mars Global Cave Candidate Catalog (MGC3) v1 PDS4 bundle, Cushing G.E., doi:10.17189/1519222, mars_cave_catalog.zip via https://astrogeology.usgs.gov/search/map/mars_global_cave_candidate_catalog_v1_cushing (file miscellaneous/Mars_Cave_Catalog_shapefile.csv, bundle README dated 2017-06-21)",priority=0; comment=Cerberus fissure fracture
mars,CC0881,8.49161,164.1669,,,,,,,crk,Cushing2015_MGC3v1,"Mars Global Cave Candidate Catalog (MGC3) v1 PDS4 bundle, Cushing G.E., doi:10.17189/1519222, mars_cave_catalog.zip via https://astrogeology.usgs.gov/search/map/mars_global_cave_candidate_catalog_v1_cushing (file miscellaneous/Mars_Cave_Catalog_shapefile.csv, bundle README dated 2017-06-21)",priority=0; comment=Cerberus fissure fracture
mars,CC0882,8.47955,164.17313,,,,,,,crk,Cushing2015_MGC3v1,"Mars Global Cave Candidate Catalog (MGC3) v1 PDS4 bundle, Cushing G.E., doi:10.17189/1519222, mars_cave_catalog.zip via https://astrogeology.usgs.gov/search/map/mars_global_cave_candidate_catalog_v1_cushing (file miscellaneous/Mars_Cave_Catalog_shapefile.csv, bundle README dated 2017-06-21)",priority=0; comment=Cerberus fissure fracture
mars,CC0883,8.47311,164.19141,,,,,,,crk,Cushing2015_MGC3v1,"Mars Global Cave Candidate Catalog (MGC3) v1 PDS4 bundle, Cushing G.E., doi:10.17189/1519222, mars_cave_catalog.zip via https://astrogeology.usgs.gov/search/map/mars_global_cave_candidate_catalog_v1_cushing (file miscellaneous/Mars_Cave_Catalog_shapefile.csv, bundle README dated 2017-06-21)",priority=0; comment=Cerberus fissure fracture
mars,CC0884,24.59647,188.51474,,,,,,,irr,Cushing2015_MGC3v1,"Mars Global Cave Candidate Catalog (MGC3) v1 PDS4 bundle, Cushing G.E., doi:10.17189/1519222, mars_cave_catalog.zip via https://astrogeology.usgs.gov/search/map/mars_global_cave_candidate_catalog_v1_cushing (file miscellaneous/Mars_Cave_Catalog_shapefile.csv, bundle README dated 2017-06-21)",priority=0; comment=Tartarus Rootless cone candidate
mars,CC0885,24.59772,188.51663,,,,,,,irr,Cushing2015_MGC3v1,"Mars Global Cave Candidate Catalog (MGC3) v1 PDS4 bundle, Cushing G.E., doi:10.17189/1519222, mars_cave_catalog.zip via https://astrogeology.usgs.gov/search/map/mars_global_cave_candidate_catalog_v1_cushing (file miscellaneous/Mars_Cave_Catalog_shapefile.csv, bundle README dated 2017-06-21)",priority=0; comment=Tartarus Rootless cone candidate
mars,CC0886,24.58688,188.54453,,,,,,,irr,Cushing2015_MGC3v1,"Mars Global Cave Candidate Catalog (MGC3) v1 PDS4 bundle, Cushing G.E., doi:10.17189/1519222, mars_cave_catalog.zip via https://astrogeology.usgs.gov/search/map/mars_global_cave_candidate_catalog_v1_cushing (file miscellaneous/Mars_Cave_Catalog_shapefile.csv, bundle README dated 2017-06-21)",priority=0; comment=Tartarus Rootless cone candidate
mars,CC0887,24.5863,188.54507,,,,,,,irr,Cushing2015_MGC3v1,"Mars Global Cave Candidate Catalog (MGC3) v1 PDS4 bundle, Cushing G.E., doi:10.17189/1519222, mars_cave_catalog.zip via https://astrogeology.usgs.gov/search/map/mars_global_cave_candidate_catalog_v1_cushing (file miscellaneous/Mars_Cave_Catalog_shapefile.csv, bundle README dated 2017-06-21)",priority=0; comment=Tartarus Rootless cone candidate
mars,CC0888,24.58463,188.56036,,,,,,,irr,Cushing2015_MGC3v1,"Mars Global Cave Candidate Catalog (MGC3) v1 PDS4 bundle, Cushing G.E., doi:10.17189/1519222, mars_cave_catalog.zip via https://astrogeology.usgs.gov/search/map/mars_global_cave_candidate_catalog_v1_cushing (file miscellaneous/Mars_Cave_Catalog_shapefile.csv, bundle README dated 2017-06-21)",priority=0; comment=Tartarus Rootless cone candidate
mars,CC0889,6.93188,170.78119,,,,,,,crk,Cushing2015_MGC3v1,"Mars Global Cave Candidate Catalog (MGC3) v1 PDS4 bundle, Cushing G.E., doi:10.17189/1519222, mars_cave_catalog.zip via https://astrogeology.usgs.gov/search/map/mars_global_cave_candidate_catalog_v1_cushing (file miscellaneous/Mars_Cave_Catalog_shapefile.csv, bundle README dated 2017-06-21)",priority=0; comment=Cerberus fissure fracture
mars,CC0890,6.93152,170.80847,,,,,,,crk,Cushing2015_MGC3v1,"Mars Global Cave Candidate Catalog (MGC3) v1 PDS4 bundle, Cushing G.E., doi:10.17189/1519222, mars_cave_catalog.zip via https://astrogeology.usgs.gov/search/map/mars_global_cave_candidate_catalog_v1_cushing (file miscellaneous/Mars_Cave_Catalog_shapefile.csv, bundle README dated 2017-06-21)",priority=0; comment=Cerberus fissure fracture
mars,CC0891,27.64392,246.9805,,,,,,,pit,Cushing2015_MGC3v1,"Mars Global Cave Candidate Catalog (MGC3) v1 PDS4 bundle, Cushing G.E., doi:10.17189/1519222, mars_cave_catalog.zip via https://astrogeology.usgs.gov/search/map/mars_global_cave_candidate_catalog_v1_cushing (file miscellaneous/Mars_Cave_Catalog_shapefile.csv, bundle README dated 2017-06-21)",priority=0; comment=Tharsis vent candidate
mars,CC0892,27.64278,246.97845,,,,,,,pit,Cushing2015_MGC3v1,"Mars Global Cave Candidate Catalog (MGC3) v1 PDS4 bundle, Cushing G.E., doi:10.17189/1519222, mars_cave_catalog.zip via https://astrogeology.usgs.gov/search/map/mars_global_cave_candidate_catalog_v1_cushing (file miscellaneous/Mars_Cave_Catalog_shapefile.csv, bundle README dated 2017-06-21)",priority=0; comment=Tharsis vent candidate
mars,CC0893,-71.885,143.27898,,,,,,,pol,Cushing2015_MGC3v1,"Mars Global Cave Candidate Catalog (MGC3) v1 PDS4 bundle, Cushing G.E., doi:10.17189/1519222, mars_cave_catalog.zip via https://astrogeology.usgs.gov/search/map/mars_global_cave_candidate_catalog_v1_cushing (file miscellaneous/Mars_Cave_Catalog_shapefile.csv, bundle README dated 2017-06-21)",priority=0; comment=South polar rim pit
mars,CC0894,-71.91489,143.36012,,,,,,,pol,Cushing2015_MGC3v1,"Mars Global Cave Candidate Catalog (MGC3) v1 PDS4 bundle, Cushing G.E., doi:10.17189/1519222, mars_cave_catalog.zip via https://astrogeology.usgs.gov/search/map/mars_global_cave_candidate_catalog_v1_cushing (file miscellaneous/Mars_Cave_Catalog_shapefile.csv, bundle README dated 2017-06-21)",priority=0; comment=South polar fracture pit
mars,CC0895,-71.878,143.21915,,,,,,,pol,Cushing2015_MGC3v1,"Mars Global Cave Candidate Catalog (MGC3) v1 PDS4 bundle, Cushing G.E., doi:10.17189/1519222, mars_cave_catalog.zip via https://astrogeology.usgs.gov/search/map/mars_global_cave_candidate_catalog_v1_cushing (file miscellaneous/Mars_Cave_Catalog_shapefile.csv, bundle README dated 2017-06-21)",priority=0; comment=South polar rim pit
mars,CC0896,-24.68652,235.51465,,,,,,,crk,Cushing2015_MGC3v1,"Mars Global Cave Candidate Catalog (MGC3) v1 PDS4 bundle, Cushing G.E., doi:10.17189/1519222, mars_cave_catalog.zip via https://astrogeology.usgs.gov/search/map/mars_global_cave_candidate_catalog_v1_cushing (file miscellaneous/Mars_Cave_Catalog_shapefile.csv, bundle README dated 2017-06-21)",priority=1; comment=Daedalia collapse pit in long fracuture lat=-24
mars,CC0897,28.17861,67.0433,,,,,,,irr,Cushing2015_MGC3v1,"Mars Global Cave Candidate Catalog (MGC3) v1 PDS4 bundle, Cushing G.E., doi:10.17189/1519222, mars_cave_catalog.zip via https://astrogeology.usgs.gov/search/map/mars_global_cave_candidate_catalog_v1_cushing (file miscellaneous/Mars_Cave_Catalog_shapefile.csv, bundle README dated 2017-06-21)",priority=0; comment=Collapse pit/vent at top of mound - Huo Hsing Vallis
mars,CC0898,28.03603,67.09904,,,,,,,crk,Cushing2015_MGC3v1,"Mars Global Cave Candidate Catalog (MGC3) v1 PDS4 bundle, Cushing G.E., doi:10.17189/1519222, mars_cave_catalog.zip via https://astrogeology.usgs.gov/search/map/mars_global_cave_candidate_catalog_v1_cushing (file miscellaneous/Mars_Cave_Catalog_shapefile.csv, bundle README dated 2017-06-21)",priority=0; comment=Huo Hsing vallis - cliff wall fractures
mars,CC0899,0.37598,232.89648,,,,,,,sky,Cushing2015_MGC3v1,"Mars Global Cave Candidate Catalog (MGC3) v1 PDS4 bundle, Cushing G.E., doi:10.17189/1519222, mars_cave_catalog.zip via https://astrogeology.usgs.gov/search/map/mars_global_cave_candidate_catalog_v1_cushing (file miscellaneous/Mars_Cave_Catalog_shapefile.csv, bundle README dated 2017-06-21)",priority=0; comment=Cave / natural bridge near Biblis Patera
mars,CC0900,0.37378,232.89844,,,,,,,sky,Cushing2015_MGC3v1,"Mars Global Cave Candidate Catalog (MGC3) v1 PDS4 bundle, Cushing G.E., doi:10.17189/1519222, mars_cave_catalog.zip via https://astrogeology.usgs.gov/search/map/mars_global_cave_candidate_catalog_v1_cushing (file miscellaneous/Mars_Cave_Catalog_shapefile.csv, bundle README dated 2017-06-21)",priority=0; comment=Cave / natural bridge near Biblis Patera
mars,CC0901,26.27903,39.18118,,,,,,,pit,Cushing2015_MGC3v1,"Mars Global Cave Candidate Catalog (MGC3) v1 PDS4 bundle, Cushing G.E., doi:10.17189/1519222, mars_cave_catalog.zip via https://astrogeology.usgs.gov/search/map/mars_global_cave_candidate_catalog_v1_cushing (file miscellaneous/Mars_Cave_Catalog_shapefile.csv, bundle README dated 2017-06-21)",priority=0; comment=Candidate region for sublimation caves in past or present ice flows
mars,CC0902,-10.15649,237.40894,,,,,,,pit,Cushing2015_MGC3v1,"Mars Global Cave Candidate Catalog (MGC3) v1 PDS4 bundle, Cushing G.E., doi:10.17189/1519222, mars_cave_catalog.zip via https://astrogeology.usgs.gov/search/map/mars_global_cave_candidate_catalog_v1_cushing (file miscellaneous/Mars_Cave_Catalog_shapefile.csv, bundle README dated 2017-06-21)",priority=3; comment=Arisa flank
mars,CC0903,-0.66299,175.4827,,,,,,,smrp,Cushing2015_MGC3v1,"Mars Global Cave Candidate Catalog (MGC3) v1 PDS4 bundle, Cushing G.E., doi:10.17189/1519222, mars_cave_catalog.zip via https://astrogeology.usgs.gov/search/map/mars_global_cave_candidate_catalog_v1_cushing (file miscellaneous/Mars_Cave_Catalog_shapefile.csv, bundle README dated 2017-06-21)","priority=2; comment=small 40m smrp with, dark albedo, i=55 in Appolinaris"
mars,CC0904,-0.61224,175.16791,,,,,,,crk,Cushing2015_MGC3v1,"Mars Global Cave Candidate Catalog (MGC3) v1 PDS4 bundle, Cushing G.E., doi:10.17189/1519222, mars_cave_catalog.zip via https://astrogeology.usgs.gov/search/map/mars_global_cave_candidate_catalog_v1_cushing (file miscellaneous/Mars_Cave_Catalog_shapefile.csv, bundle README dated 2017-06-21)",priority=2; comment=pit  in Appolinaris
mars,CC0905,-1.67143,172.92551,,,,,,,crk,Cushing2015_MGC3v1,"Mars Global Cave Candidate Catalog (MGC3) v1 PDS4 bundle, Cushing G.E., doi:10.17189/1519222, mars_cave_catalog.zip via https://astrogeology.usgs.gov/search/map/mars_global_cave_candidate_catalog_v1_cushing (file miscellaneous/Mars_Cave_Catalog_shapefile.csv, bundle README dated 2017-06-21)",priority=1; comment=fracture pit in Appolinaris fractures Sun-facing trough rim candidate
mars,CC0906,-1.68074,172.93085,,,,,,,crk,Cushing2015_MGC3v1,"Mars Global Cave Candidate Catalog (MGC3) v1 PDS4 bundle, Cushing G.E., doi:10.17189/1519222, mars_cave_catalog.zip via https://astrogeology.usgs.gov/search/map/mars_global_cave_candidate_catalog_v1_cushing (file miscellaneous/Mars_Cave_Catalog_shapefile.csv, bundle README dated 2017-06-21)",priority=2; comment=fracture pit in Appolinaris Sun-facing trough rim candidate
mars,CC0907,-1.6499,172.93153,,,,,,,crk,Cushing2015_MGC3v1,"Mars Global Cave Candidate Catalog (MGC3) v1 PDS4 bundle, Cushing G.E., doi:10.17189/1519222, mars_cave_catalog.zip via https://astrogeology.usgs.gov/search/map/mars_global_cave_candidate_catalog_v1_cushing (file miscellaneous/Mars_Cave_Catalog_shapefile.csv, bundle README dated 2017-06-21)",priority=2; comment=fracture pit in Appolinaris Sun-facing trough rim candidate
mars,CC0908,-1.67847,172.95874,,,,,,,crk,Cushing2015_MGC3v1,"Mars Global Cave Candidate Catalog (MGC3) v1 PDS4 bundle, Cushing G.E., doi:10.17189/1519222, mars_cave_catalog.zip via https://astrogeology.usgs.gov/search/map/mars_global_cave_candidate_catalog_v1_cushing (file miscellaneous/Mars_Cave_Catalog_shapefile.csv, bundle README dated 2017-06-21)",priority=3; comment=fracture pit in Appolinaris Sun-facing trough rim candidate
mars,CC0909,-1.71619,172.82727,,,,,,,crk,Cushing2015_MGC3v1,"Mars Global Cave Candidate Catalog (MGC3) v1 PDS4 bundle, Cushing G.E., doi:10.17189/1519222, mars_cave_catalog.zip via https://astrogeology.usgs.gov/search/map/mars_global_cave_candidate_catalog_v1_cushing (file miscellaneous/Mars_Cave_Catalog_shapefile.csv, bundle README dated 2017-06-21)",priority=2; comment=fracture pit in Appolinaris Sun-facing trough rim candidate
mars,CC0910,-1.7123,172.82632,,,,,,,crk,Cushing2015_MGC3v1,"Mars Global Cave Candidate Catalog (MGC3) v1 PDS4 bundle, Cushing G.E., doi:10.17189/1519222, mars_cave_catalog.zip via https://astrogeology.usgs.gov/search/map/mars_global_cave_candidate_catalog_v1_cushing (file miscellaneous/Mars_Cave_Catalog_shapefile.csv, bundle README dated 2017-06-21)",priority=2; comment=fracture pit in Appolinaris Sun-facing trough rim candidate
mars,CC0911,-1.71724,172.82364,,,,,,,crk,Cushing2015_MGC3v1,"Mars Global Cave Candidate Catalog (MGC3) v1 PDS4 bundle, Cushing G.E., doi:10.17189/1519222, mars_cave_catalog.zip via https://astrogeology.usgs.gov/search/map/mars_global_cave_candidate_catalog_v1_cushing (file miscellaneous/Mars_Cave_Catalog_shapefile.csv, bundle README dated 2017-06-21)",priority=3; comment=fracture pit in Appolinaris Sun-facing trough rim candidate
mars,CC0912,-1.70386,172.87959,,,,,,,irr,Cushing2015_MGC3v1,"Mars Global Cave Candidate Catalog (MGC3) v1 PDS4 bundle, Cushing G.E., doi:10.17189/1519222, mars_cave_catalog.zip via https://astrogeology.usgs.gov/search/map/mars_global_cave_candidate_catalog_v1_cushing (file miscellaneous/Mars_Cave_Catalog_shapefile.csv, bundle README dated 2017-06-21)",priority=2; comment=sun-facing shadow in crater rim -- darkest at i=35
mars,CC0913,-1.09106,172.82474,,,,,,,crk,Cushing2015_MGC3v1,"Mars Global Cave Candidate Catalog (MGC3) v1 PDS4 bundle, Cushing G.E., doi:10.17189/1519222, mars_cave_catalog.zip via https://astrogeology.usgs.gov/search/map/mars_global_cave_candidate_catalog_v1_cushing (file miscellaneous/Mars_Cave_Catalog_shapefile.csv, bundle README dated 2017-06-21)",priority=2; comment=sun-facing shadows - fracture at fracture edge
mars,CC0914,-1.08983,172.82581,,,,,,,crk,Cushing2015_MGC3v1,"Mars Global Cave Candidate Catalog (MGC3) v1 PDS4 bundle, Cushing G.E., doi:10.17189/1519222, mars_cave_catalog.zip via https://astrogeology.usgs.gov/search/map/mars_global_cave_candidate_catalog_v1_cushing (file miscellaneous/Mars_Cave_Catalog_shapefile.csv, bundle README dated 2017-06-21)",priority=2; comment=sun-facing shadows - fracture at fracture edge
mars,CC0915,-1.08818,172.82655,,,,,,,crk,Cushing2015_MGC3v1,"Mars Global Cave Candidate Catalog (MGC3) v1 PDS4 bundle, Cushing G.E., doi:10.17189/1519222, mars_cave_catalog.zip via https://astrogeology.usgs.gov/search/map/mars_global_cave_candidate_catalog_v1_cushing (file miscellaneous/Mars_Cave_Catalog_shapefile.csv, bundle README dated 2017-06-21)",priority=2; comment=sun-facing shadows - fracture at fracture edge
mars,CC0916,-1.07492,172.79601,,,,,,,flr,Cushing2015_MGC3v1,"Mars Global Cave Candidate Catalog (MGC3) v1 PDS4 bundle, Cushing G.E., doi:10.17189/1519222, mars_cave_catalog.zip via https://astrogeology.usgs.gov/search/map/mars_global_cave_candidate_catalog_v1_cushing (file miscellaneous/Mars_Cave_Catalog_shapefile.csv, bundle README dated 2017-06-21)",priority=1; comment=Candidate in fracture network cascade face
mars,CC0917,0.48055,172.65723,,,,,,,rim,Cushing2015_MGC3v1,"Mars Global Cave Candidate Catalog (MGC3) v1 PDS4 bundle, Cushing G.E., doi:10.17189/1519222, mars_cave_catalog.zip via https://astrogeology.usgs.gov/search/map/mars_global_cave_candidate_catalog_v1_cushing (file miscellaneous/Mars_Cave_Catalog_shapefile.csv, bundle README dated 2017-06-21)",priority=2; comment=Very dark spot in crater rim
mars,CC0918,1.91823,177.98236,,,,,,,flr,Cushing2015_MGC3v1,"Mars Global Cave Candidate Catalog (MGC3) v1 PDS4 bundle, Cushing G.E., doi:10.17189/1519222, mars_cave_catalog.zip via https://astrogeology.usgs.gov/search/map/mars_global_cave_candidate_catalog_v1_cushing (file miscellaneous/Mars_Cave_Catalog_shapefile.csv, bundle README dated 2017-06-21)",priority=2; comment=Pit in fracture floor
mars,CC0919,9.65044,161.10464,,,,,,,crk,Cushing2015_MGC3v1,"Mars Global Cave Candidate Catalog (MGC3) v1 PDS4 bundle, Cushing G.E., doi:10.17189/1519222, mars_cave_catalog.zip via https://astrogeology.usgs.gov/search/map/mars_global_cave_candidate_catalog_v1_cushing (file miscellaneous/Mars_Cave_Catalog_shapefile.csv, bundle README dated 2017-06-21)",priority=0; comment=Cerberus fractures in HiRISE
mars,CC0920,9.63013,161.09705,,,,,,,crk,Cushing2015_MGC3v1,"Mars Global Cave Candidate Catalog (MGC3) v1 PDS4 bundle, Cushing G.E., doi:10.17189/1519222, mars_cave_catalog.zip via https://astrogeology.usgs.gov/search/map/mars_global_cave_candidate_catalog_v1_cushing (file miscellaneous/Mars_Cave_Catalog_shapefile.csv, bundle README dated 2017-06-21)",priority=0; comment=Cerberus fractures in HiRISE
mars,CC0921,9.6485,161.06628,,,,,,,crk,Cushing2015_MGC3v1,"Mars Global Cave Candidate Catalog (MGC3) v1 PDS4 bundle, Cushing G.E., doi:10.17189/1519222, mars_cave_catalog.zip via https://astrogeology.usgs.gov/search/map/mars_global_cave_candidate_catalog_v1_cushing (file miscellaneous/Mars_Cave_Catalog_shapefile.csv, bundle README dated 2017-06-21)",priority=0; comment=Cerberus fractures in HiRISE
mars,CC0922,9.64691,161.11853,,,,,,,crk,Cushing2015_MGC3v1,"Mars Global Cave Candidate Catalog (MGC3) v1 PDS4 bundle, Cushing G.E., doi:10.17189/1519222, mars_cave_catalog.zip via https://astrogeology.usgs.gov/search/map/mars_global_cave_candidate_catalog_v1_cushing (file miscellaneous/Mars_Cave_Catalog_shapefile.csv, bundle README dated 2017-06-21)",priority=0; comment=Cerberus fractures in HiRISE
mars,CC0923,9.64615,161.12173,,,,,,,crk,Cushing2015_MGC3v1,"Mars Global Cave Candidate Catalog (MGC3) v1 PDS4 bundle, Cushing G.E., doi:10.17189/1519222, mars_cave_catalog.zip via https://astrogeology.usgs.gov/search/map/mars_global_cave_candidate_catalog_v1_cushing (file miscellaneous/Mars_Cave_Catalog_shapefile.csv, bundle README dated 2017-06-21)",priority=0; comment=Cerberus fractures in HiRISE
mars,CC0924,9.64621,161.12292,,,,,,,crk,Cushing2015_MGC3v1,"Mars Global Cave Candidate Catalog (MGC3) v1 PDS4 bundle, Cushing G.E., doi:10.17189/1519222, mars_cave_catalog.zip via https://astrogeology.usgs.gov/search/map/mars_global_cave_candidate_catalog_v1_cushing (file miscellaneous/Mars_Cave_Catalog_shapefile.csv, bundle README dated 2017-06-21)",priority=0; comment=Cerberus fractures in HiRISE
mars,CC0925,9.6456,161.13705,,,,,,,crk,Cushing2015_MGC3v1,"Mars Global Cave Candidate Catalog (MGC3) v1 PDS4 bundle, Cushing G.E., doi:10.17189/1519222, mars_cave_catalog.zip via https://astrogeology.usgs.gov/search/map/mars_global_cave_candidate_catalog_v1_cushing (file miscellaneous/Mars_Cave_Catalog_shapefile.csv, bundle README dated 2017-06-21)",priority=0; comment=Cerberus fractures in HiRISE
mars,CC0926,9.64587,161.12723,,,,,,,crk,Cushing2015_MGC3v1,"Mars Global Cave Candidate Catalog (MGC3) v1 PDS4 bundle, Cushing G.E., doi:10.17189/1519222, mars_cave_catalog.zip via https://astrogeology.usgs.gov/search/map/mars_global_cave_candidate_catalog_v1_cushing (file miscellaneous/Mars_Cave_Catalog_shapefile.csv, bundle README dated 2017-06-21)",priority=0; comment=Cerberus fractures in HiRISE
mars,CC0927,30.56317,141.31458,,,,,,,irr,Cushing2015_MGC3v1,"Mars Global Cave Candidate Catalog (MGC3) v1 PDS4 bundle, Cushing G.E., doi:10.17189/1519222, mars_cave_catalog.zip via https://astrogeology.usgs.gov/search/map/mars_global_cave_candidate_catalog_v1_cushing (file miscellaneous/Mars_Cave_Catalog_shapefile.csv, bundle README dated 2017-06-21)",priority=0; comment=Irregular surface hole
mars,CC0928,30.5874,141.31207,,,,,,,crk,Cushing2015_MGC3v1,"Mars Global Cave Candidate Catalog (MGC3) v1 PDS4 bundle, Cushing G.E., doi:10.17189/1519222, mars_cave_catalog.zip via https://astrogeology.usgs.gov/search/map/mars_global_cave_candidate_catalog_v1_cushing (file miscellaneous/Mars_Cave_Catalog_shapefile.csv, bundle README dated 2017-06-21)",priority=0; comment=Small ambiguous hole in fracture
mars,CC0929,-0.26598,242.97406,,,,,,,sky,Cushing2015_MGC3v1,"Mars Global Cave Candidate Catalog (MGC3) v1 PDS4 bundle, Cushing G.E., doi:10.17189/1519222, mars_cave_catalog.zip via https://astrogeology.usgs.gov/search/map/mars_global_cave_candidate_catalog_v1_cushing (file miscellaneous/Mars_Cave_Catalog_shapefile.csv, bundle README dated 2017-06-21)","priority=1; comment=pair of 60-m pits in flow, 1km apart"
mars,CC0930,-0.27606,242.96042,,,,,,,sky,Cushing2015_MGC3v1,"Mars Global Cave Candidate Catalog (MGC3) v1 PDS4 bundle, Cushing G.E., doi:10.17189/1519222, mars_cave_catalog.zip via https://astrogeology.usgs.gov/search/map/mars_global_cave_candidate_catalog_v1_cushing (file miscellaneous/Mars_Cave_Catalog_shapefile.csv, bundle README dated 2017-06-21)","priority=1; comment=pair of 60-m pits in flow, 1km apart"
